date,close,high,low,open,volume,rsi,macd,macd_signal,bb_upper,bb_lower,log_return,volume_log_return,bb_width,bb_position,macd_norm,momentum_7d,target_next_return
2020-01-20,8657.642578125,8745.5908203125,8560.4736328125,8704.6318359375,26422375678,67.14714081910492,394.5894352672749,345.7746302915836,9353.612709963721,6884.329770505028,-0.005598131806099833,-0.2585207476545649,2469.2829394586934,0.7181488922480437,0.0455770068707008,0.008733877701225325,0.010141927934056931
2020-01-21,8745.89453125,8755.7060546875,8544.5205078125,8658.9912109375,24097418512,62.74318770891304,385.02189669912696,353.62408357309226,9381.250733582345,7011.263768370782,0.010141927934056931,-0.09210649565903872,2369.986965211563,0.7319157397659527,0.04402315798840282,-0.0013310620765332132,-0.007461951294768086
2020-01-22,8680.8759765625,8792.994140625,8636.7470703125,8744.2109375,22600204051,63.26414801145811,367.9515826698207,356.48958339243796,9336.851029904366,7225.204048220633,-0.007461951294768086,-0.06414578403187682,2111.6469816837334,0.6893538271157851,0.04238645773344226,-0.002060805288052125,-0.03211536772319544
2020-01-23,8406.515625,8687.7470703125,8333.6376953125,8680.650390625,25770680779,61.27439867772349,328.4979287311053,350.8912524601715,9294.170004234029,7374.048208656595,-0.03211536772319544,0.13127850677351724,1920.1217955774337,0.5377093363144578,0.03907658575619495,-0.005292322630671586,0.00461893300829455
2020-01-24,8445.4345703125,8514.6669921875,8266.8408203125,8405.5673828125,24397913026,56.669991850924,296.9480253712154,340.10260704238027,9242.30904334075,7529.386952752999,0.00461893300829455,-0.05473984489650929,1712.9220905877519,0.5347865046475317,0.035160775079005516,-0.007954666303149522,-0.009229306182408406
2020-01-25,8367.84765625,8458.453125,8296.21875,8440.119140625,19647331549,58.09928740398727,262.6561475387243,324.6133151416491,9157.569359284553,7709.779664152945,-0.009229306182408406,-0.21655606685913056,1447.789695131608,0.45453286089094624,0.031388734394864934,-0.009493285511474048,0.02699683810277081
2020-01-26,8596.830078125,8602.4013671875,8325.498046875,8364.41015625,22177678796,59.567109329941886,251.0624632606905,309.9031447654574,9130.395022922195,7819.7150844996795,0.02699683810277081,0.12114479336430434,1310.679938422516,0.5929098102775826,0.029204074173750347,-0.0018067225659070675,0.03576042498236325
2020-01-27,8909.8193359375,8977.7265625,8597.30859375,8597.30859375,28647338393,66.099131221883,264.0857857371793,300.7396729598018,9177.939544065555,7846.783258668817,0.03576042498236325,0.2559742146523446,1331.156285396738,0.798580969740196,0.029639858652576366,0.004101642689587659,0.04914065669354804
2020-01-28,9358.58984375,9358.58984375,8908.447265625,8912.5244140625,34398744403,62.38483029457105,307.0790756426959,302.00755349638064,9309.210205214213,7843.385302598288,0.04914065669354804,0.18295952572310734,1465.8249026159247,1.0336872695003545,0.0328125370135517,0.009672889655229246,-0.004493658672814258
2020-01-29,9316.6298828125,9406.431640625,9269.4677734375,9357.470703125,30682598115,61.77356314474274,333.9165671389801,308.38935622490055,9375.123350338214,7921.228016849287,-0.004493658672814258,-0.11432440656484943,1453.8953334889266,0.9597677589443072,0.0358409179434074,0.010096931458365507,0.020437036918080173
2020-01-30,9508.9931640625,9553.1259765625,9230.8974609375,9316.0166015625,32378792851,67.26951414805804,366.48299382822006,320.0080837455645,9500.56884681868,7930.026416853196,0.020437036918080173,0.05380800962101021,1570.5424299654842,1.0053639539321455,0.038540672761578534,0.017604417835690594,-0.01680504867594127
2020-01-31,9350.529296875,9521.7060546875,9230.7763671875,9508.3134765625,29432489719,59.46489558740391,375.1805638651931,331.0425797694902,9546.94225997974,8014.952173614008,-0.01680504867594127,-0.09540451019416915,1531.9900863657322,0.8717922753850498,0.04012399212422987,0.014543849023656907,0.004518472151643944
2020-02-01,9392.875,9439.3232421875,9313.2392578125,9346.357421875,25922656496,59.978512987907166,381.0973421905692,341.053532253706,9600.909167313772,8081.023352217477,0.004518472151643944,-0.126981802158301,1519.8858150962951,0.8631251339749791,0.0405730239346919,0.016507817357092957,-0.005177910236525379
2020-02-02,9344.365234375,9468.7978515625,9217.82421875,9389.8203125,30835736946,65.43497414650393,377.520280176941,348.346881838353,9617.558323529407,8184.3912858455915,-0.005177910236525379,0.1735569533132269,1433.1670376838156,0.8093780543566422,0.040400848073463766,0.011911424737193501,-0.00545597007771587
2020-02-03,9293.521484375,9540.3720703125,9248.6337890625,9344.68359375,30934096509,65.36410527458318,366.35960161723597,351.94942579412964,9660.822703671223,8187.702589297524,-0.00545597007771587,0.0031847146295190163,1473.120114373699,0.750664446359058,0.03942096677058191,0.006023368300039341,-0.0121854536490776
2020-02-04,9180.962890625,9331.265625,9112.8115234375,9292.841796875,29893183716,60.39007985372589,344.4614089238239,350.45182242006854,9685.945470953955,8199.975036858546,-0.0121854536490776,-0.034228537403734015,1485.9704340954086,0.6601664684957035,0.03751909391503645,-0.0027375046060500374,0.04602834799275258
2020-02-05,9613.423828125,9701.2998046875,9163.7041015625,9183.416015625,35222060874,68.94564318991374,357.8775275096268,351.9369634379802,9780.044747419615,8194.839529924135,0.04602834799275258,0.16404213062308892,1585.2052174954806,0.8948900007036564,0.03722685423091631,0.004479924917602367,0.012033084493942919
2020-02-06,9729.8017578125,9824.619140625,9539.818359375,9617.8212890625,37628823716,78.7279718895,373.5940646387062,356.26838367812536,9885.834365397657,8169.126279133592,0.012033084493942919,0.06609772924247219,1716.708086264065,0.909109411882816,0.0383968835067714,0.003279360285582761,0.0067748353927720014
2020-02-07,9795.943359375,9834.716796875,9726.0029296875,9726.0029296875,34522718159,78.97646674765734,386.92636177743043,362.3999792979864,9993.134419537553,8147.139701556196,0.0067748353927720014,-0.08615274022331125,1845.994717981357,0.8931789683672119,0.03949863199312303,0.0066479151525418,0.0070368594474600355
2020-02-08,9865.119140625,9876.7490234375,9678.91015625,9793.0703125,35172043762,82.24177451033995,398.4807724356615,369.61613792552146,10099.143045312445,8157.018478125053,0.0070368594474600355,0.01863395105896832,1942.1245671873921,0.8795010842032442,0.040392900152082294,0.007007684766229813,0.025179720219250152
2020-02-09,10116.673828125,10129.435546875,9850.392578125,9863.89453125,35807884663,82.41274516991116,423.05932255324296,380.3047748510658,10240.124525221363,8161.940123216135,0.025179720219250152,0.01791655539584458,2078.1844020052276,0.9405968512812497,0.04181802534515949,0.01134448911705489,-0.026042505869956382
2020-02-10,9856.611328125,10165.765625,9784.5634765625,10115.5595703125,39386548075,70.65798114453034,416.7491060065822,387.5936410821691,10311.839013805518,8201.297314319483,-0.026042505869956382,0.09525622745057628,2110.541699486035,0.7843076562798258,0.04228117474992893,0.008403555432449101,0.03505244674627077
2020-02-11,10208.236328125,10210.052734375,9729.3349609375,9855.8916015625,37648059389,69.35904339351434,435.1057841423153,397.0960696941984,10432.906803982562,8232.96555929869,0.03505244674627077,-0.04514292912612812,2199.9412446838724,0.89787432896157,0.042623012453536474,0.015151826917498867,0.011475404940052
2020-02-12,10326.0546875,10393.611328125,10202.3876953125,10202.3876953125,43444303830,72.23107129292164,453.9279420148432,408.46244415832734,10523.492199820083,8334.334069711169,0.011475404940052,0.14319833652965414,2189.1581301089136,0.909811214820206,0.043959474915849193,0.0102156921956845,-0.010873762642183454
2020-02-13,10214.3798828125,10457.626953125,10116.1611328125,10323.9609375,49356071373,66.10756394269109,454.5931474724948,417.6885848211609,10562.072434799236,8472.648365982015,-0.010873762642183454,0.12758103912653201,2089.4240688172213,0.83359407160252,0.0445052125227326,0.00694328546195216,0.009523015160699344
2020-02-14,10312.1162109375,10321.99609375,10125.5341796875,10211.55078125,43338264162,72.58427718799126,457.73040131427297,425.6969481197833,10566.636254682853,8662.511401567146,0.009523015160699344,-0.13002484145290882,1904.124853115707,0.8663322715788568,0.04438763023527443,0.007335882571656066,-0.04185355039924229
2020-02-15,9889.4248046875,10341.5556640625,9874.427734375,10313.8564453125,43865054831,59.894460027095256,421.25309027789626,424.80817655140595,10507.862502179018,8850.544626727231,-0.04185355039924229,0.012082041905951451,1657.3178754517867,0.6268442483771813,0.042596318653257366,0.0003515383078414492,0.004540878520857384
2020-02-16,9934.43359375,10053.96875,9722.38671875,9889.1796875,43374780305,61.77437810518702,391.4638401287084,418.13930926686646,10481.911114469356,8978.957440218142,0.004540878520857384,-0.011239812334079806,1502.9536742512137,0.6357322716598364,0.03940474677640284,-0.0025968676490718033,-0.02489772344158013
2020-02-17,9690.142578125,9938.8154296875,9507.6376953125,9936.560546875,45998298413,57.34707256767288,344.17595525964316,403.34663846542185,10478.30731869086,9015.716509434138,-0.02489772344158013,0.05872623154338437,1462.5908092567224,0.46111739826475395,0.035518151821274824,-0.0024333273021609103,0.04557569247775114
2020-02-18,10141.99609375,10161.935546875,9632.3828125,9691.23046875,47271023953,65.81441256593504,339.2501041983014,390.52733161199774,10510.409961053168,9066.15048816558,0.04557569247775114,0.027293101581310236,1444.2594728875883,0.7449115797957531,0.03345003301740218,-0.0009300064833780004,-0.05144998404328957
2020-02-19,9633.38671875,10191.67578125,9611.2236328125,10143.798828125,46992019710,50.3204706130235,290.9518934898624,370.6122439875707,10508.59940747907,9080.40039720843,-0.05144998404328957,-0.005919712475210058,1428.1990102706404,0.38719136308349145,0.030202451327274806,-0.00991934776671251,-0.0025892656683303506
2020-02-20,9608.4755859375,9643.216796875,9507.900390625,9629.3251953125,44925260237,47.99338439324097,247.8085110467564,346.0514973994078,10496.61864233304,9118.17579126071,-0.0025892656683303506,-0.0449775685374835,1378.44285107233,0.35569105697419096,0.02579061671441794,-0.00873584819901921,0.008081532009711982
2020-02-21,9686.44140625,9723.0146484375,9589.7431640625,9611.7822265625,40930547513,48.196001181536374,217.40218270689365,320.321634460905,10486.17237562156,9157.97869859719,0.008081532009711982,-0.09312355812287214,1328.1936770243701,0.397880758502298,0.02244396818078297,-0.008941774363445976,-0.002404158134973382
2020-02-22,9663.181640625,9698.2314453125,9600.728515625,9687.70703125,35838025154,46.62205959226346,189.24656315763605,294.1066202002512,10468.275258916146,9207.757455927604,-0.002404158134973382,-0.13286718237025275,1260.5178029885428,0.36129928797298755,0.019584291198876384,-0.0033061468971218463,0.02668506547579107
2020-02-23,9924.515625,9937.404296875,9657.791015625,9663.318359375,41185185761,46.796126369099525,185.8778165303538,272.46085946627176,10445.929367291243,9293.202761615008,0.02668506547579107,0.13906913792865067,1152.7266056762346,0.5476692047149301,0.018729157528063624,-0.00014269161784560537,-0.028031992193656916
2020-02-24,9650.1748046875,9951.74609375,9537.04296875,9921.5830078125,45080496648,46.57437281939175,159.2354816090592,249.81578389482925,10383.112543697016,9402.940776615485,-0.028031992193656916,0.09037108335995454,980.1717670815306,0.25223541054228044,0.016500787273999614,-0.0005904442967137176,-0.03248723753845248
2020-02-25,9341.705078125,9652.7373046875,9305.021484375,9651.3125,42515259129,35.41175913540644,111.93993638529355,222.2406143929221,10415.107746507261,9343.77369880524,-0.03248723753845248,-0.058586656326322775,1071.334047702021,-0.0019308829815270026,0.011982816354095534,-0.011742291441885664,-0.057407687925487366
2020-02-26,8820.5224609375,9354.7783203125,8704.4267578125,9338.2900390625,50420050762,27.684771019448576,32.033531931369,184.19919790061152,10547.83029362504,9120.123221999958,-0.057407687925487366,0.1705258787213441,1427.7070716250819,-0.20984750094515475,0.0036317045926964595,-0.012593391996485348,-0.004092966388449268
2020-02-27,8784.494140625,8932.892578125,8577.19921875,8825.09375,45470195695,28.31983989703943,-33.810309439866614,140.59729643251592,10638.032979999258,8928.775613750742,-0.004092966388449268,-0.10333185688793285,1709.2573662485156,-0.0844117895728759,-0.0038488624272064315,-0.012808206385073764,-0.012836217768337236
2020-02-28,8672.455078125,8890.4560546875,8492.9326171875,8788.728515625,44605450443,25.246552161848257,-93.94965100491208,93.68790694503033,10710.60674435962,8736.935443140379,-0.012836217768337236,-0.01920101285288257,1973.6713012192413,-0.03267026529468883,-0.010833108982240375,-0.01579645635336651,-0.008446835964171201
2020-02-29,8599.5087890625,8775.6318359375,8599.5087890625,8671.212890625,35792392544,28.22735643354804,-145.81579465197137,45.78716662562999,10735.669155404337,8560.156528189413,-0.008446835964171201,-0.22012068674683205,2175.5126272149246,0.018088730159864747,-0.016956293461485944,-0.01665969604325191,-0.004318240904803676
2020-03-01,8562.4541015625,8726.796875,8471.212890625,8599.7587890625,35349164300,26.779847473992533,-187.7458732113264,-0.919441341761285,10768.304488768512,8398.105472168989,-0.004318240904803676,-0.012460620727008985,2370.199016599523,0.06933959057549079,-0.02192664287415754,-0.021088739811908307,0.035250739590151826
2020-03-02,8869.669921875,8921.30859375,8532.630859375,8563.2646484375,42857674409,36.40345880275399,-193.95027532593303,-39.525608138595636,10703.93859192418,8328.614728388322,0.035250739590151826,0.19260997707300642,2375.3238635358575,0.22778165192221275,-0.021866684671951468,-0.012048349557078484,-0.009274764811755473
2020-03-03,8787.7861328125,8901.5986328125,8704.990234375,8865.3876953125,42386715821,24.42224087207532,-203.13305473893524,-72.24709745866356,10605.256934568974,8273.469530274775,-0.009274764811755473,-0.01104972136183059,2331.7874042941985,0.2205675361271545,-0.023115384428902028,-0.008732282024693198,-0.0037097436703969933
2020-03-04,8755.24609375,8843.3662109375,8712.431640625,8788.5419921875,34746706368,29.77726602137382,-210.60842001919082,-99.91936197076902,10510.510464700326,8222.302621237175,-0.0037097436703969933,-0.19875022029696773,2288.207843463151,0.23290868180313287,-0.024055111388534844,-0.0010611471311088587,0.03628484201142127
2020-03-05,9078.7626953125,9142.0546875,8757.25390625,8760.28515625,39698054597,39.2761002937069,-188.25749958683627,-117.58698949398249,10364.027569443793,8245.450164931206,0.03628484201142127,0.13321739715617884,2118.5774045125872,0.39333589068114205,-0.020736030437719936,0.004707111211729789,0.004811004368074787
2020-03-06,9122.5458984375,9167.6953125,9032.0791015625,9078.30859375,40826885651,38.42386416626137,-165.1080329066499,-127.09119817651597,10291.538927622103,8241.250916127898,0.004811004368074787,0.028038642526261905,2050.2880114942054,0.4298396017381499,-0.01809889856897617,0.007228142945502935,-0.023579830530349337
2020-03-07,8909.9541015625,9163.220703125,8890.744140625,9121.6005859375,36216930370,35.65240845633714,-162.0483031169697,-134.0826191646067,10201.409691099483,8228.932203431768,-0.023579830530349337,-0.11981412714632782,1972.4774876677147,0.3452621905133307,-0.0181873330961999,0.005066286578906059,-0.09430352876922735
2020-03-08,8108.1162109375,8914.34375,8105.2529296875,8908.2060546875,39973102121,21.30881060380989,-221.7686507889648,-151.61982548947833,10211.63551198623,8060.503745826272,-0.09430352876922735,0.09868008166710714,2151.131766159957,0.02213368137657131,-0.02735143959700632,-0.007788754544583036,-0.02301429329184435
2020-03-09,7923.64453125,8177.79345703125,7690.09814453125,8111.146484375,46936995808,21.931462591784083,-280.74650844678035,-177.44516208093873,10121.272648643793,7929.031452918705,-0.02301429329184435,0.1605994067479638,2192.241195725088,-0.0024572668733748226,-0.035431487030942184,-0.01611233067058249,-0.0017576850801850666
2020-03-10,7909.7294921875,8136.9453125,7814.76318359375,7922.14697265625,42213940994,24.25436774493275,-324.8648728794342,-206.92910424063783,10102.692804243145,7775.245574663104,-0.0017576850801850666,-0.10605566589830218,2327.4472295800406,0.057781725753070765,-0.04107155285149836,-0.015038462137501004,0.00021498848832731012
2020-03-11,7911.43017578125,7950.814453125,7642.8125,7910.08984375,38682762605,29.90090040100587,-355.5927121581717,-236.66182582414461,10059.045355227987,7649.1884826626365,0.00021498848832731012,-0.08735643170732231,2409.8568725653504,0.10882044328190417,-0.04494670423139481,-0.014477786114826103,-0.46473017533977296
2020-03-12,4970.7880859375,7929.1162109375,4860.35400390625,7913.6162109375,53980357243,13.089395224234735,-610.1960268836574,-311.3686660360472,10679.090833968821,6557.577671890554,-0.46473017533977296,0.333226135542804,4121.513162078268,-0.38500170290673824,-0.12275639523034973,-0.08605136002213956,0.11268622219754491
2020-03-13,5563.70703125,5838.11474609375,4106.98095703125,5017.8310546875,74156772075,22.474430385088098,-755.4193800837265,-400.1788088455831,10822.582532991299,6004.138511930578,0.11268622219754491,0.31756116818332597,4818.444021060721,-0.09140533308168035,-0.13577626856351677,-0.07064061461792955,-0.06753557004657186
2020-03-14,5200.3662109375,5625.2265625,5125.0693359375,5573.07763671875,36154506008,21.375222433354693,-889.5740455493506,-498.0578561863366,10871.96401568739,5482.342087828234,-0.06753557004657186,-0.7183798054524093,5389.621927859156,-0.05231830370756396,-0.17105988491317844,-0.0769200059773899,0.03624573263084445
2020-03-15,5392.31494140625,5836.64501953125,5169.283203125,5201.06689453125,33997889639,23.982441355304886,-969.2312317821825,-592.2925313055058,10836.031593607298,5092.488523580201,0.03624573263084445,-0.06150313511252384,5743.543070027097,0.05220234516750686,-0.17974306810970853,-0.05827011149166537,-0.07264505770911892
2020-03-16,5014.47998046875,5385.2294921875,4575.35791015625,5385.2294921875,45368026430,18.72273192309767,-1050.7360186572532,-683.9812287758552,10827.242366171653,4668.555241250221,-0.07264505770911892,0.2885091400321715,6158.687124921432,0.05616858466777296,-0.20954037562216596,-0.06536022069413315,0.04124552567019178
2020-03-17,5225.62939453125,5371.3486328125,4981.9091796875,5002.578125,38622642935,21.69383262629644,-1085.775017865988,-764.3399865938818,10799.785751949486,4336.522548831763,0.04124552567019178,-0.16096888426148964,6463.263203117724,0.13756315003084907,-0.20777880249262956,-0.059216904872650744,0.002448204386069575
2020-03-18,5238.4384765625,5331.833984375,5069.3359375,5227.11376953125,37878801016,21.96628522497275,-1099.831913632549,-831.4383720016152,10728.853289211687,4052.8494451633123,0.002448204386069575,-0.019447093367072902,6676.003844048375,0.1775896268328181,-0.2099541530464373,-0.05889787403011614,0.1671043242496126
2020-03-19,6191.19287109375,6329.73583984375,5236.96875,5245.41650390625,51000731797,29.0807311577433,-1022.3082544712925,-869.6123484955507,10588.631729737714,3944.944783934162,0.1671043242496126,0.2974483659299583,6643.686945803552,0.33810263871299356,-0.16512298611215598,0.03136419733979608,0.0012244500086869695
2020-03-20,6198.7783203125,6844.26171875,5865.78173828125,6191.65380859375,54442976103,28.706815510578323,-949.3150012936412,-885.5528790551688,10439.195559271024,3854.307907525852,0.0012244500086869695,0.06531386228586895,6584.887651745172,0.3560380277961074,-0.15314549936120045,0.015441087027102087,-0.0022144850761294074
2020-03-21,6185.06640625,6378.13525390625,5932.8232421875,6206.521484375,42494390880,29.56320258048639,-882.4019784011089,-884.9226989243568,10276.49053665287,3779.2741606127574,-0.0022144850761294074,-0.2477817559418137,6497.216376040112,0.37028045649037494,-0.1426665326518472,0.02477267059430815,-0.05907702386252891
2020-03-22,5830.2548828125,6359.697265625,5823.7138671875,6185.55810546875,40099664740,31.6880244753186,-848.2254355156365,-877.5832462426129,10045.143278416508,3706.679914942867,-0.05907702386252891,-0.05800411424715034,6338.463363473641,0.3350299348745504,-0.14548685307330075,0.011155133952397672,0.09578323765146265
2020-03-23,6416.31494140625,6443.9345703125,5785.00439453125,5831.37451171875,46491916000,38.61736969183971,-765.0313253270542,-855.0728620595012,9800.325176246555,3714.350897972195,0.09578323765146265,0.14791047433830576,6085.97427827436,0.4439657349652381,-0.11923219672246699,0.03521631900390933,0.04844470857364082
2020-03-24,6734.8037109375,6789.02294921875,6411.06640625,6436.642578125,48221910672,41.517708395757175,-665.7259374351925,-817.2034771346395,9550.54512303713,3762.086712900369,0.04844470857364082,0.03653504800704538,5788.458410136762,0.5135593602660751,-0.0988486028707913,0.036244773704402045,-0.00801155993972081
2020-03-25,6681.06298828125,6892.51123046875,6536.92626953125,6738.716796875,44590107888,41.18369874087227,-584.6229596983612,-770.6873736473839,9197.399834852735,3875.4620303816405,-0.00801155993972081,-0.07830145783200848,5321.937804471094,0.5271765775883412,-0.08750448255372002,0.034750521657860564,0.005281211361417012
2020-03-26,6716.4404296875,6735.4638671875,6590.962890625,6675.1708984375,35319797642,71.43202615272429,-511.596238684695,-718.8691466548462,8786.492463790999,4045.7588545683757,0.005281211361417012,-0.2330683917482637,4740.733609222623,0.5633477421981731,-0.0761707401473221,0.011632934102404045,-0.03741337669931112
2020-03-27,6469.79833984375,6793.83642578125,6466.70166015625,6719.38916015625,34585598367,62.1582019796967,-468.2265671238056,-668.7406307486381,8355.007647990336,4233.228094197163,-0.03741337669931112,-0.02100628319675369,4121.779553793173,0.5426224805224682,-0.07237112233317516,0.006113244572690032,-0.03581324079079013
2020-03-28,6242.19384765625,6467.5009765625,6117.837890625,6467.25390625,34885225901,64.50803664109431,-447.0680481309564,-624.4061142251018,8076.569435906686,4325.074069952689,-0.03581324079079013,0.008626049714066712,3751.495365953997,0.5110281609572324,-0.07162034038702861,0.0013134223277385007,-0.052650213305665085
2020-03-29,5922.04296875,6250.46728515625,5920.0859375,6245.62451171875,28373690931,57.12244882149166,-450.93516976576666,-589.7119253332348,7794.185276505935,4407.2980731034395,-0.052650213305665085,-0.2066010728144362,3386.8872034024953,0.44723806984903064,-0.07614520396851295,0.0022315381215761896,0.08226844860278629
2020-03-30,6429.841796875,6517.19580078125,5903.234375,5925.53857421875,37101651525,68.38760245198397,-408.3179349595257,-553.4331272584931,7502.74364861745,4550.750931460674,0.08226844860278629,0.2681991439742309,2951.992717156776,0.6365499665675136,-0.06350357409384075,0.00030085397176528105,0.001368107409615196
2020-03-31,6438.64453125,6504.51513671875,6374.162109375,6430.6064453125,32786468812,66.63333199869679,-369.5729552613657,-516.6610928590676,7154.629834043493,4751.586181581506,0.001368107409615196,-0.12364559006714654,2403.043652461987,0.7020506464538637,-0.05739918603483095,-0.006424374765952665,0.025777803165675912
2020-04-01,6606.7763671875,6612.57373046875,6202.37353515625,6437.3193359375,40346426266,67.9965789009276,-321.5933180981465,-477.64753790688343,7176.085652535712,4893.729191214288,0.025777803165675912,0.20748692836273386,2282.356461321424,0.7505607493847181,-0.04867628329230834,-0.0015973228937531333,0.02788875596596145
2020-04-02,6793.62451171875,7088.24755859375,6595.91845703125,6606.7763671875,47660646124,59.922270800514575,-265.43228807207106,-435.20448793992097,7262.941475930438,4929.865115866436,0.02788875596596145,0.16660320610688514,2333.076360064002,0.7988420043827402,-0.03907079168332165,0.001632326335467501,-0.008906283829348233
2020-04-03,6733.38720703125,7003.220703125,6673.3359375,6797.396484375,38976504903,58.655091962017096,-223.21186676663183,-392.8059637052632,7292.190494956537,5053.918196449714,-0.008906283829348233,-0.20114700231761576,2238.272298506823,0.7503416861751713,-0.033150012007856285,0.005704768174033628,0.019725803844387817
2020-04-04,6867.52734375,6878.95361328125,6696.48486328125,6738.3828125,33185988584,60.63409221427534,-176.88882644131263,-349.62253625247314,7343.5218372437685,5150.108094396857,0.019725803844387817,-0.1608312699660584,2193.413742846911,0.7829891897746839,-0.02575728025346643,0.013638917407630475,-0.011186860819705755
2020-04-05,6791.12939453125,6883.4140625,6715.92919921875,6862.53759765625,29510409856,66.39481809806644,-144.67444234700088,-308.6329174713787,7290.738266355296,5380.556606691578,-0.011186860819705755,-0.1173846786659643,1910.1816596637182,0.7384495504407997,-0.02130344364569229,0.01956225347705324,0.06838401551364988
2020-04-06,7271.78125,7271.78125,6782.8896484375,6788.0498046875,46896904615,65.14092595322859,-79.44394277877109,-262.79512253285714,7328.58608117927,5547.32397741448,0.06838401551364988,0.463208596019898,1781.2621037647896,0.9681097851572893,-0.010924963230813782,0.017578763035748037,-0.013201383140758695
2020-04-07,7176.41455078125,7427.939453125,7136.71435546875,7273.64404296875,44243482668,58.486343598115326,-35.039681883462436,-217.24403440297823,7286.904695875671,5782.802970139955,-0.013201383140758695,-0.058243597326436324,1504.1017257357162,0.9265407763286075,-0.00488261674900705,0.01549740724283748,0.021734626116209514
2020-04-08,7334.0986328125,7356.2236328125,7153.3056640625,7179.283203125,37563249549,62.06717652410906,12.728080995793789,-171.24961132322383,7405.294573445867,5778.703668741632,0.021734626116209514,-0.16368190945574418,1626.590904704235,0.9562299651200441,0.0017354662969555387,0.014919810521485138,-0.004373997983961782
2020-04-09,7302.08935546875,7341.4482421875,7179.09423828125,7337.96630859375,34815139178,60.83545285872587,47.45447046071331,-127.5087949664364,7497.009967955862,5797.319377747263,-0.004373997983961782,-0.07597384078059502,1699.6905902085982,0.8853199437527774,0.006498752363961865,0.010310845671496106,-0.06165264619598333
2020-04-10,6865.4931640625,7303.8154296875,6802.47509765625,7303.8154296875,43622840992,56.840202462085635,39.292777758819284,-94.14848042138527,7507.287745918693,5855.084275565681,-0.06165264619598333,0.2255285631119725,1652.2034703530117,0.6115523339751381,0.005723227278776966,0.002775651047691091,-0.0009341136128114594
2020-04-11,6859.0830078125,6926.06982421875,6789.9208984375,6867.4404296875,31222085946,61.54692906957848,31.939156735867073,-68.93095298993481,7457.559146139314,6007.69568784506,-0.0009341136128114594,-0.33445516187404567,1449.863458294254,0.5872189654110594,0.004656476193609022,-0.00017576573190880592,0.016198094339308033
2020-04-12,6971.091796875,7119.947265625,6811.078125,6858.06787109375,35759567632,71.29543358610228,34.74896780565268,-48.19496883081732,7476.741840020851,6043.990679510399,0.016198094339308033,0.13569213213533854,1432.7511605104519,0.6470775546492331,0.004984723888047199,0.003736370719378878,-0.018247903368068016
2020-04-13,6845.03759765625,6965.61669921875,6668.259765625,6965.61669921875,38619308647,59.9742456627824,26.498781466174478,-33.25621877141896,7483.121153405544,6048.634754797582,-0.018247903368068016,0.07693451601152518,1434.4863986079617,0.5551832653352093,0.0038712397248552286,-0.008639617692295107,-0.0003813508563592871
2020-04-14,6842.427734375,6958.55712890625,6793.8212890625,6843.28173828125,34110434052,59.729028918327494,19.524785622596028,-22.70001789261596,7490.802478019553,6057.089904792948,-0.0003813508563592871,-0.12414905400044894,1433.712573226605,0.5477651826782006,0.002853488028014878,-0.006808184508809477,-0.029712937076683203
2020-04-15,6642.10986328125,6928.66455078125,6633.40283203125,6845.5615234375,32288311031,50.838346482253534,-2.1414491070318036,-18.58830413549913,7489.109141675005,6051.35018449687,-0.029712937076683203,-0.054898044269197255,1437.7589571781355,0.41088923552487777,-0.0003224049513047218,-0.01415783639350844,0.06902911272643515
2020-04-16,7116.80419921875,7134.45068359375,6555.50439453125,6640.4541015625,46783242377,56.7464629262153,18.775339075391457,-11.115575493321012,7522.76497577724,6082.394936332135,0.06902911272643515,0.37081979278775834,1440.3700394451043,0.7181552202268785,0.0026381699636267254,-0.0036716777205945883,-0.0029015210954838368
2020-04-17,7096.1845703125,7167.18310546875,7050.33203125,7116.552734375,32513423567,57.70086951402608,33.304301424364894,-2.231600109783831,7525.739362818975,6164.819621556026,-0.0029015210954838368,-0.3638720330422342,1360.9197412629492,0.68436434604988,0.0046932687692053995,0.00472134015090534,0.022500902000608027
2020-04-18,7257.6650390625,7269.95654296875,7089.2470703125,7092.29150390625,32447188386,58.18619059699002,57.18948822000766,9.652617556174468,7460.3351358726895,6363.78605553356,0.022500902000608027,-0.0020392419948634397,1096.5490803391294,0.8151746233298331,0.00787987430009515,0.00806919952425098,-0.009446987957285106
2020-04-19,7189.4248046875,7280.52197265625,7167.0546875,7260.92236328125,31311210215,58.38607168742515,69.80755617847262,21.683605280634097,7461.67720641844,6438.402285769061,-0.009446987957285106,-0.03563760763881913,1023.274920649379,0.7339401208436732,0.009709755380285519,0.0044056163390233894,-0.04370789261905666
2020-04-20,6881.95849609375,7240.29052734375,6835.5029296875,7186.87353515625,37747113936,41.14666215400093,54.37075225607714,28.221034675722706,7425.661148341202,6518.749740330673,-0.04370789261905666,0.1869328334877397,906.9114080105282,0.4004897860524649,0.00790047662841012,0.0007684750174535838,-0.00023764284804566149
2020-04-21,6880.3232421875,6934.5517578125,6834.4423828125,6879.7841796875,32589741511,42.9763838224771,41.52633289123969,30.882094318826105,7408.373496200713,6563.392079971161,-0.00023764284804566149,-0.14691145947134135,844.9814162295515,0.3750747130394458,0.006035520633190046,0.0007890047329269584,0.033849812461733006
2020-04-22,7117.20751953125,7145.86572265625,6867.78173828125,6879.4404296875,33249153866,45.041416324200476,49.88655827223556,34.682987109508,7418.289364851298,6585.8345121018265,0.033849812461733006,0.02003175786437175,832.4548527494717,0.638320511525329,0.007009288142201193,0.009869397524129273,0.04297334717626114
2020-04-23,7429.724609375,7491.78515625,7081.5947265625,7121.30615234375,43500782316,52.58629099649728,80.79822283722206,43.90603425505081,7474.427000125098,6599.330617062403,0.04297334717626114,0.2687496030698165,875.0963830626952,0.9489171803057902,0.01087499565398009,0.006147145302675843,0.016178084496425684
2020-04-24,7550.90087890625,7574.19580078125,7434.181640625,7434.181640625,34636526286,65.9240513566439,113.76246902211369,57.87732120846339,7556.969028786996,6585.125941916129,0.016178084496425684,-0.22787012397022083,971.8430868708674,0.9937560394638623,0.015066078981372116,0.008872803244377203,0.0025177397803475064
2020-04-25,7569.93603515625,7641.36376953125,7521.67236328125,7550.48291015625,32941541447,66.41890274862087,139.8111932379452,74.26409561435975,7625.388010112667,6594.587624652959,0.0025177397803475064,-0.05017427898589294,1030.8003854597082,0.9462049338169066,0.01846927009536605,0.006018065784339986,0.014417636083330129
2020-04-26,7679.8671875,7700.59423828125,7561.40771484375,7570.13916015625,33070154491,66.38664189732887,167.3958845542611,92.89045340234003,7702.007761476743,6558.776467038882,0.014417636083330129,0.0038966793660417556,1143.231294437861,0.9806333380782664,0.02179671607169458,0.009427297790142163,0.01495735604802822
2020-04-27,7795.60107421875,7795.60107421875,7679.4189453125,7679.4189453125,36162144725,72.08207539208293,196.3325096308845,113.57886464804892,7805.883327175023,6516.819553684352,0.01495735604802822,0.08938164723154739,1289.0637734906704,0.9920234722527177,0.025185038044107495,0.017808047599725717,0.0014686626299017075
2020-04-28,7807.05859375,7814.52734375,7730.806640625,7796.97021484375,33187959921,72.31712860666102,217.68023727881246,134.39913917420162,7888.249488494711,6481.749388458414,0.0014686626299017075,-0.08582568868424079,1406.5001000362972,0.9422745190394527,0.02788249052633959,0.018051805525146767,0.11984140644428902
2020-04-29,8801.0380859375,8871.75390625,7786.04931640625,7806.71240234375,60201052203,86.53192950218416,311.21678980107754,169.76266929957683,8268.822382696037,6251.071367303962,0.11984140644428902,0.5955026734511587,2017.7510153920748,1.2637667874679688,0.03536137291558218,0.0303363189512262,-0.01632197818592355
2020-04-30,8658.5537109375,9440.650390625,8533.255859375,8797.669921875,66964629541,79.39307067046299,369.58750856010556,209.7276371516826,8517.093443212456,6182.106361475044,-0.01632197818592355,0.10647473207788087,2334.987081737412,1.0605828909420458,0.042684670084478654,0.021865558185199814,0.02353691044657035
2020-05-01,8864.7666015625,9048.0234375,8667.763671875,8672.7822265625,44068389997,81.48921697908494,427.55776087347385,253.29366189604085,8774.026745401516,6125.741418660985,0.02353691044657035,-0.4184218173653234,2648.2853267405308,1.0342636253139805,0.04823113569601626,0.02291681903522048,0.013872127279034094
2020-05-02,8988.5966796875,9007.1875,8811.3662109375,8869.0576171875,40134388683,81.23766776944447,477.98177947798195,298.2312854124291,9020.69012474348,6080.828527600269,0.013872127279034094,-0.09350920538082105,2939.861597143211,0.9890833483153916,0.05317646307995205,0.024538874392175707,-0.010189912204170495
2020-05-03,8897.46875,9167.78125,8830.9716796875,8983.6142578125,47101785174,80.57206482049561,504.77122667763433,339.53927366547015,9200.416627068333,6106.345140509794,-0.010189912204170495,0.16007736213864227,3094.0714865585387,0.9020876284257425,0.05673200332146537,0.021023510351104193,0.0017052718293899742
2020-05-04,8912.654296875,8956.90625,8645.0244140625,8895.7451171875,45718796276,90.59457809063221,521.2191138163644,375.875241695649,9351.759022028957,6162.025401799167,0.0017052718293899742,-0.02980139167901818,3189.7336202297893,0.8623381205345964,0.05848079555818931,0.0191303554627273,0.010093566989645255
2020-05-05,9003.0703125,9062.4150390625,8856.8271484375,8912.83203125,43148462663,90.98012126851954,535.3784897291407,407.77589130234736,9471.885616952673,6277.994851797327,0.010093566989645255,-0.05786272125422538,3193.8907651553463,0.853214984817828,0.059466212208274444,0.02036248465697638,0.029084126239824877
2020-05-06,9268.76171875,9411.4677734375,8966.7060546875,9007.44140625,49371886931,91.07934187030685,561.5655945499302,438.53383195186393,9652.712142264105,6312.36407843902,0.029084126239824877,0.13473438258053502,3340.348063825085,0.8850567616970663,0.060586905952488314,0.0073971589134815,0.07107536685466279
2020-05-07,9951.5185546875,9992.6640625,9138.322265625,9261.8955078125,61112700562,92.18431400095729,630.1478818826017,476.85664193801153,9956.82134795434,6293.788271186287,0.07107536685466279,0.21333853801357897,3663.0330767680525,0.998552349062456,0.06332178133615406,0.019882493919279546,-0.010998547172291293
2020-05-08,9842.666015625,9996.7431640625,9767.1728515625,9936.162109375,51780748042,88.49513087590758,668.0158773105322,515.0884890125158,10190.153239018528,6318.956477778349,-0.010998547172291293,-0.16570128898631953,3871.1967612401786,0.9102377779208731,0.06786940410759369,0.014948857116585028,-0.025599497514193534
2020-05-09,9593.896484375,9913.86328125,9580.64453125,9840.90625,46566121841,81.56097208870057,670.2269552548023,546.1161822609731,10330.40890684959,6419.147977916034,-0.025599497514193534,-0.10614514314268954,3911.260928933557,0.8116943778853897,0.06985972345504879,0.009310053574695365,-0.09133874992634657
2020-05-10,8756.4306640625,9595.5810546875,8395.107421875,9591.1689453125,63325279337,63.68293549340814,597.5149770351582,556.3959412158101,10298.5319424103,6638.472159152199,-0.09133874992634657,0.3074113294232181,3660.0597832581007,0.578667735045673,0.06823727611838866,-0.0022826375284726447,-0.017817356616017375
2020-05-11,8601.7958984375,9033.470703125,8374.3232421875,8755.53515625,57119858802,60.146265676567864,521.4020785848952,549.3971686896272,10225.067359507486,6884.084007680014,-0.017817356616017375,-0.10313276096814447,3340.983351827472,0.5141336276989849,0.06061549061860523,-0.0050715844492451225,0.0232893964825246
2020-05-12,8804.4775390625,8949.8984375,8569.6435546875,8610.3857421875,42142717533,61.97643682837843,471.99589781377836,533.9169145144574,10168.242863684784,7109.635505455841,0.0232893964825246,-0.304089951571744,3058.6073582289428,0.554122133083302,0.05360862080909306,-0.003186465950262359,0.05152160673099469
2020-05-13,9269.9873046875,9317.87890625,8805.3876953125,8805.3876953125,45558144023,56.449372178591055,465.0431631533447,520.1421642422349,10172.869886194865,7289.034752477012,0.05152160673099469,0.07792750626226327,2883.835133717853,0.6869160199376405,0.05016653722041119,1.8888405619042958e-05,0.048814308336527425
2020-05-14,9733.7216796875,9793.2685546875,9255.03515625,9271.3291015625,56426907637,63.58609459321384,491.28928228658515,514.371587851105,10235.623021980888,7444.5636967691125,0.048814308336527425,0.21395672973218458,2791.059325211775,0.8201753227670553,0.05047291246387455,-0.0031612628112574373,-0.04255454133663077
2020-05-15,9328.197265625,9755.828125,9261.3984375,9734.291015625,48158802327,55.57519874039252,473.9042168699034,506.27811365486474,10202.947996737383,7653.064845059492,-0.04255454133663077,-0.15844219843127494,2549.883151677891,0.6569447778273956,0.05080340856601206,-0.007669261977591649,0.005219563387115276
2020-05-16,9377.013671875,9564.205078125,9260.6943359375,9333.240234375,36164766408,54.758651054110736,458.77700751928387,496.7778924277486,10157.25526439007,7868.4722258443035,0.005219563387115276,-0.2864185908481663,2288.7830385457673,0.6591019859132323,0.048925705301605706,-0.0032665389916903898,0.03084341466898477
2020-05-17,9670.7392578125,9823.001953125,9349.5458984375,9374.9296875,40084250663,59.02559513971607,465.12807818809597,490.4479295798181,10132.19021409591,8081.051094497841,0.03084341466898477,0.10289816440154527,2051.1391195980686,0.7750269828725178,0.04809643459390579,0.0141880559504998,0.005757095071523827
2020-05-18,9726.5751953125,9906.0302734375,9570.359375,9675.6953125,41827139896,59.410762971238206,469.2575322370176,486.209850111258,10061.882756624696,8343.310212125305,0.005757095071523827,0.04256190302908142,1718.5725444993914,0.8048918200245808,0.048244888135257055,0.017555834763005686,0.0002531804680276828
2020-05-19,9729.0380859375,9836.0478515625,9539.6240234375,9727.0634765625,39254288955,58.568090403783934,467.34166520569124,482.43621313014467,10117.158932969998,8380.834035780003,0.0002531804680276828,-0.06348469765094136,1736.3248971899957,0.7764699177778335,0.04803575246366792,0.0142649467609347,-0.021407053865041548
2020-05-20,9522.9814453125,9804.7939453125,9447.201171875,9725.3291015625,36546239703,53.043215789497076,444.07723206626906,474.7644169173696,10121.826149129673,8462.609593057827,-0.021407053865041548,-0.07148241099712849,1659.2165560718458,0.639079840647467,0.04663216395164325,0.0038465666757866645,-0.04743978112005262
2020-05-21,9081.76171875,9555.2421875,8869.9306640625,9522.740234375,39326160532,38.94926641614577,385.5923876635461,456.93001106660495,10114.617134003942,8491.518119902308,-0.04743978112005262,0.07331165981182212,1623.0990141016337,0.3636522440832244,0.042457884230485896,-0.009904017532296198,0.011039704675422358
2020-05-22,9182.5771484375,9232.9365234375,9008.638671875,9080.3349609375,29810773699,41.5960484465152,343.41896962892133,434.22780277906827,10113.050076368338,8512.483224412914,0.011039704675422358,-0.27702009811478207,1600.5668519554238,0.41866037848122933,0.03739897461001536,-0.0022476966734314664,0.0029045429371388543
2020-05-23,9209.287109375,9302.501953125,9118.1083984375,9185.0625,27727866812,44.80986094791991,308.5942205355095,409.10108633035657,10106.415684694659,8550.299452024092,0.0029045429371388543,-0.07243193211128687,1556.1162326705671,0.4234822846231395,0.03350902375726373,-0.002578413880570955,-0.04655584805354227
2020-05-24,8790.3681640625,9288.404296875,8787.2509765625,9212.283203125,32518803300,50.51629373833392,244.37509417773072,376.15588789983144,10115.82332409779,8528.66319933971,-0.04655584805354227,0.15938055552346012,1587.1601247580802,0.16488882289839246,0.027800325267012694,-0.013635451412360531,0.013173543308948167
2020-05-25,8906.9345703125,8951.005859375,8719.66796875,8786.107421875,31288157264,54.69649582269166,200.57480714040867,341.0396717479469,10120.267266478733,8514.605682740015,0.013173543308948167,-0.038578821332968576,1605.661583738718,0.24434095674053463,0.022518949202674058,-0.0125759588070142,-0.008103063993220552
2020-05-26,8835.052734375,8991.9677734375,8757.2939453125,8909.5859375,29584186947,50.49033626145421,158.23842659888396,304.4794227181343,10127.043202616149,8464.458848165103,-0.008103063993220552,-0.05599966995894654,1662.5843544510462,0.22290230580934195,0.017910297918564477,-0.013769708015763946,0.038410971222694656
2020-05-27,9181.017578125,9203.3203125,8834.1572265625,8837.380859375,32740536902,48.516297520252,150.86394588573603,273.75632735165465,10029.90700591145,8484.544947213551,0.038410971222694656,0.10137397695243246,1545.3620586978977,0.4506857321822931,0.016432159572942057,-0.00522427586037306,0.03686071480897355
2020-05-28,9525.7509765625,9546.3193359375,9148.45703125,9184.9453125,34367073114,46.388434960218206,170.8670717449695,253.17847623031764,9975.548533361833,8507.211915856917,0.03686071480897355,0.04848495830435107,1468.336617504916,0.6936686373970917,0.01793738595155143,0.006818652129487822,-0.00913557886418624
2020-05-29,9439.1240234375,9573.6669921875,9379.3388671875,9528.35546875,32896642044,52.16625479683101,177.6814211375895,238.07906521177205,9955.32121006809,8511.96199305691,-0.00913557886418624,-0.04372834204402293,1443.3592170111806,0.6423640209953125,0.018823931192810225,0.003936468766686594,0.02730538972956484
2020-05-30,9700.4140625,9704.0302734375,9366.7294921875,9438.9140625,32722975141,55.83163928721865,201.839089206449,230.83107001070744,9994.540242502439,8567.14130046631,0.02730538972956484,-0.005293152137283829,1427.3989420361286,0.793942554291323,0.02080726532970602,0.007422304022747447,-0.024984292562996217
2020-05-31,9461.05859375,9700.34375,9432.296875,9700.10546875,27773290299,46.143361972869734,199.37199301588043,224.53925461174202,9965.17625820487,8682.431554295128,-0.024984292562996217,-0.16400265665354302,1282.7447039097424,0.6070007828378072,0.02107290543022174,0.01050395480711117,0.07198931640233779
2020-06-01,10167.2685546875,10199.5654296875,9450.8994140625,9463.60546875,35198901068,56.5407819428211,251.50287473035678,229.931978635465,10088.223137028604,8695.663777033895,0.07198931640233779,0.2369400842180731,1392.5593599947097,1.0567626917233452,0.024736523224264034,0.01890620810616683,-0.06474947480283666
2020-06-02,9529.8037109375,10182.3408203125,9460.5712890625,10162.9736328125,39137252109,47.51194295674096,238.62813213081063,231.67120933453413,10101.328378403527,8708.540176283972,-0.06474947480283666,0.10605989032623772,1392.7882021195546,0.5896542872801004,0.025040193834940536,0.010813863704793102,0.013229694990896244
2020-06-03,9656.7177734375,9682.859375,9471.8466796875,9533.7607421875,25007459262,51.703789926705646,235.94587289035917,232.52614204569915,10090.642266568033,8711.525897494466,0.013229694990896244,-0.4479006019392732,1379.1163690735666,0.6853604939641816,0.024433340439892506,0.007216538528821899,0.014793539385652563
2020-06-04,9800.63671875,9887.6103515625,9525.2470703125,9655.8544921875,25921805072,59.90903579232119,242.63625946034153,234.54816552862764,10135.783768480558,8713.628340894442,0.014793539385652563,0.035910358338188654,1422.1554275861163,0.7643386628280275,0.02475719347867921,0.004064084896918902,-0.013881075272663914
2020-06-05,9665.533203125,9869.2373046875,9663.216796875,9800.2158203125,23509628646,56.59477071714682,234.33544131619237,234.50562068614062,10157.801953661949,8720.46210883805,-0.013881075272663914,-0.09767444233189375,1437.3398448238986,0.6575140163891314,0.024244440155710034,0.003386156838564949,-0.0012271221586050945
2020-06-06,9653.6796875,9773.431640625,9591.0244140625,9664.904296875,20438419222,56.092906725336775,224.2158823634727,232.44767302160705,10155.831164982754,8720.726940485996,-0.0012271221586050945,-0.13999364198160746,1435.1042244967575,0.65009407058258,0.023225950064802447,-0.0006899162883164704,0.010835668358634767
2020-06-07,9758.8525390625,9768.498046875,9458.150390625,9653.0029296875,25015250846,64.52847160164663,222.12214333867996,230.38256708502166,10160.314655103162,8719.471184740587,0.010835668358634767,0.20206924784392738,1440.8434703625753,0.7213700694771797,0.02276109229538768,0.004427220986202241,0.0012940603543832425
2020-06-08,9771.4892578125,9782.306640625,9675.8857421875,9760.0634765625,21486346312,63.386817862074516,218.9585003752236,228.09775374306207,10166.264143670767,8717.766813360482,0.0012940603543832425,-0.15206799456839418,1448.4973303102852,0.7274590172876403,0.02240789449777698,-0.005672101306362693,0.002474647666023554
2020-06-09,9795.7001953125,9836.369140625,9664.7197265625,9774.3603515625,23717842783,65.09760695141615,215.91596599786862,225.6613961940234,10196.400002945948,8714.902829085304,0.002474647666023554,0.09880994678151565,1481.4971738606437,0.7295304947561995,0.02204191244043893,0.003931344760617337,0.00756591700730524
2020-06-10,9870.0947265625,9908.896484375,9728.291015625,9794.119140625,25706567601,61.84027844198941,217.00623966520834,223.9303648882604,10235.944010750347,8754.192122062152,0.00756591700730524,0.08051888300489779,1481.7518886881953,0.7530967991459834,0.021986236776552804,0.003122233620104337,-0.05715571914128428
2020-06-11,9321.78125,9938.2978515625,9263.0693359375,9870.078125,30247143440,46.72439431915736,171.6473307082524,213.4737580522588,10233.093880340022,8770.962662628726,-0.05715571914128428,0.16265524035114073,1462.131217711296,0.3767230879818739,0.018413576343925944,-0.007156231883743784,0.01691958379014404
2020-06-12,9480.84375,9540.4658203125,9285.8515625,9320.6904296875,22610564515,50.65475546406086,146.842375477494,200.14748153730585,10233.752055057148,8797.460151974103,0.01691958379014404,-0.2909844948119003,1436.2919030830453,0.4757971527643631,0.015488323544778805,-0.0027561377319140754,-0.0005872938226618028
2020-06-13,9475.27734375,9493.2119140625,9396.009765625,9480.7353515625,17564322315,46.15830950954207,125.29083255621481,185.17615174108766,10182.629223205813,8917.073901794187,-0.0005872938226618028,-0.25254755005118007,1265.5553214116262,0.44107391633637993,0.013222919816574873,-0.002664733683922176,-0.009382843818570023
2020-06-14,9386.7880859375,9482.2705078125,9347.59375,9477.5537109375,18991732746,48.663868602238566,99.91893269203683,168.1247079312775,10136.482837101574,9011.205639460926,-0.009382843818570023,0.07813406242400478,1125.2771976406475,0.3337688235962821,0.010644634967495114,-0.005553092566380004,0.006785862337686215
2020-06-15,9450.7021484375,9504.8603515625,8990.17578125,9386.03515625,26699704768,33.23441350013526,84.00054396435371,151.29987513789274,10052.797328324144,9156.456089644606,0.006785862337686215,0.3406487421235128,896.341238679539,0.32827459687790334,0.0088882860389629,-0.00476854942590815,0.00919733936802677
2020-06-16,9538.0244140625,9579.4306640625,9400.4453125,9454.2666015625,21565537209,50.25902207933991,77.53747946728618,136.54739600377144,10025.802378547214,9219.151723015286,0.00919733936802677,-0.21355596702493443,806.6506555319284,0.39530457064656466,0.008129301845041188,-0.003808164897050548,-0.006075177257296805
2020-06-17,9480.2548828125,9540.4228515625,9327.33984375,9533.7841796875,20177709879,44.18661213753592,66.9818112918947,122.6342790613961,10026.328098245613,9214.076393941887,-0.006075177257296805,-0.06651801714408022,812.251704303726,0.3277044387348596,0.007065401945398251,-0.005756892649136555,-0.00724264397501192
2020-06-18,9411.8408203125,9482.7822265625,9328.3955078125,9481.5673828125,17770083003,36.52095661200255,52.49084336197848,108.60559192151258,10027.699001513927,9209.977170361071,-0.00724264397501192,-0.1270622106798317,817.7218311528559,0.24686102567004556,0.005577107004263554,0.0013735466603309256,-0.013243316204145586
2020-06-19,9288.0185546875,9440.8759765625,9274.2958984375,9410.2939453125,19632223107,36.80888018371852,30.66177500963022,93.01682853913611,10030.672226295406,9165.764394798345,-0.013243316204145586,0.09965593924202393,864.9078314970611,0.14134935011214417,0.003301218104711447,-0.002935439053139021,0.004760633072752032
2020-06-20,9332.3408203125,9394.9716796875,9247.3798828125,9290.9599609375,17130541557,39.0208957693958,16.745485951410956,77.76256002159109,10036.488708756393,9147.076134993606,0.004760633072752032,-0.1363093259877693,889.4125737627874,0.2083000519487793,0.0017943500214826296,-0.00217144949665133,-0.003081241183796443
2020-06-21,9303.6298828125,9401.107421875,9300.4306640625,9330.9267578125,15324301169,33.58906547925838,3.361247533131973,62.88229752389926,9919.639285087136,9177.561691475365,-0.003081241183796443,-0.11142304630745224,742.0775936117716,0.16988545729211157,0.0003612834533907601,-0.001271220548826533,0.03642039931563134
2020-06-22,9648.7177734375,9655.0732421875,9296.8720703125,9300.9150390625,21104009514,46.4298168988326,20.365094776267142,54.378856974372844,9928.11915918956,9180.973223622941,0.03642039931563134,0.3200231667251192,747.1459355666193,0.626041751079333,0.0021106529649288076,0.0029622847337370563,-0.0019773010491619188
2020-06-23,9629.658203125,9670.541015625,9547.2470703125,9644.076171875,17006433272,45.157004906599155,31.934694901645344,49.890024559827346,9925.401641155711,9180.984784625538,-0.0019773010491619188,-0.2158713465546737,744.4168565301734,0.6027179725485882,0.0033162853995463673,0.0013659075312815292,-0.033370923273779836
2020-06-24,9313.6103515625,9680.3671875,9278.2333984375,9632.1494140625,18961716076,35.774229046296156,15.423473850711162,42.99671441800412,9896.586862387863,9161.096926674636,-0.033370923273779836,0.10883030283342024,735.4899357132272,0.20736303446458398,0.00165601450656819,-0.0025334847567874755,-0.005253081495321345
2020-06-25,9264.8134765625,9340.1611328125,9095.32421875,9314.126953125,18616048626,48.044207252676955,-1.5810622872086242,34.081159076961576,9888.65917440512,9128.95264200113,-0.005253081495321345,-0.01839796501788882,759.7065324039904,0.17883331097769795,-0.00017065236026697018,-0.0022492615454031075,-0.011059043986902698
2020-06-26,9162.91796875,9310.5166015625,9101.73828125,9260.9951171875,18341465837,38.6391680625349,-23.01410333430067,22.66210659470913,9887.407629479578,9081.128015051672,-0.011059043986902698,-0.014859648734724128,806.2796144279055,0.10144117776841008,-0.0025116565937608457,-0.001937222657225552,-0.012909378740095026
2020-06-27,9045.390625,9207.810546875,8998.216796875,9167.82421875,17273093144,35.77645258515956,-48.919503618095405,8.345784552148222,9875.022514538949,9022.166938586051,-0.012909378740095026,-0.06001440815716962,852.8555759528972,0.027230503110650943,-0.005408224547305872,-0.004461510059060846,0.010796911071170564
2020-06-28,9143.58203125,9197.546875,8975.525390625,9048.4609375,14560870760,42.00443949882592,-60.8253374886699,-5.488439856015402,9835.919625811639,8998.479104657112,0.010796911071170564,-0.17081213523348193,837.4405211545272,0.173269531300767,-0.006652243866877038,-0.0024789168797798447,0.0051566968672220465
2020-06-29,9190.8544921875,9237.5732421875,9041.8759765625,9140.029296875,16460547078,41.362827216293525,-65.68908124423797,-17.528568133659917,9776.958112705726,8996.956047450525,0.0051566968672220465,0.12262858558776747,780.0020652552012,0.24858709146274702,-0.007147222415508334,-0.006945160086695458,-0.005768117633966839
2020-06-30,9137.9931640625,9217.8359375,9084.837890625,9185.5810546875,15735797744,36.391451735286566,-72.9679712593479,-28.616448758797517,9682.56665577833,9018.137348127919,-0.005768117633966839,-0.0450282035847113,664.4293076504109,0.1803891167267156,-0.007985119921769384,-0.007486705313096162,0.00983678469207803
2020-07-01,9228.3251953125,9309.7548828125,9104.7353515625,9145.9853515625,15971550355,41.61543371741253,-70.63328748190543,-37.0198165034191,9682.187207723064,9009.171190714436,0.00983678469207803,0.014870808797653397,673.0160170086274,0.3256297013135257,-0.00765396602167676,-0.001314175603687895,-0.011433924918011266
2020-07-02,9123.41015625,9274.962890625,9036.623046875,9231.1396484375,16338916796,40.62832574447494,-76.36847239650888,-44.889547682037055,9671.969330302412,8983.645708760088,-0.011433924918011266,0.022740758953946914,688.323621542324,0.20305048833939324,-0.00837060606599963,-0.0021971532355007407,-0.003965412107265914
2020-07-03,9087.3037109375,9202.3447265625,9058.794921875,9124.8427734375,13078970999,43.0841735343086,-82.87184114488446,-52.48600637460653,9661.200256175443,8955.617419605807,-0.003965412107265914,-0.22254412254680872,705.5828365696361,0.1866347712930933,-0.00911951925246426,-0.001183777252695486,0.004959953765059784
2020-07-04,9132.48828125,9183.2958984375,9053.6298828125,9084.2333984375,12290528515,43.117974599771195,-83.41819747671616,-58.672444595028466,9654.863883349466,8936.523811963034,0.004959953765059784,-0.06217674681837241,718.3400713864321,0.27280180668255366,-0.009134224420302062,0.0013689845337552015,-0.006431364974036432
2020-07-05,9073.9423828125,9162.18359375,8977.015625,9126.0908203125,12903406143,42.24983985638479,-87.56594778326325,-64.45114523267543,9641.277112687827,8912.434606062174,-0.006431364974036432,0.04866239229284519,728.8425066256532,0.22159489228728255,-0.009650264911217331,-0.0010921977584172266,0.032690364054528694
2020-07-06,9375.474609375,9375.474609375,9058.6640625,9072.849609375,17889263252,40.500968571830136,-65.76385433430914,-64.71368705300218,9615.445016322743,8922.011721958506,0.032690364054528694,0.3267093959520378,693.4332943642366,0.6539387293648627,-0.007014456022156854,0.0028411832683408653,-0.013227475028494522
2020-07-07,9252.27734375,9360.6171875,9201.8154296875,9349.1611328125,13839652595,37.76648955568612,-57.760698555675845,-63.323089353536915,9589.447905167639,8925.211079207362,-0.013227475028494522,-0.25666286620257495,664.2368259602772,0.49239405549264914,-0.006242862855240039,0.0017755607834083395,0.01884958505462196
2020-07-08,9428.3330078125,9450.3359375,9249.5,9253.0205078125,19702359883,54.090184893236554,-36.787851754830626,-58.01604183379566,9591.965391891206,8924.342811233795,0.01884958505462196,0.35320057122766646,667.6225806574112,0.7549028615564027,-0.003901840518822097,0.0030631036923431864,-0.016076772716190905
2020-07-09,9277.9677734375,9431.37890625,9234.9990234375,9427.994140625,18000702524,50.43731551259093,-31.93184686949826,-52.79920284093619,9591.303773007754,8923.999351992245,-0.016076772716190905,-0.09032763333914064,667.3044210155094,0.5304451915754625,-0.0034416854691948842,0.002399839721174666,9.051613040455209e-05
2020-07-10,9278.8076171875,9287.4716796875,9118.001953125,9273.357421875,16860035605,54.1302814916083,-27.696392863957954,-47.77864084554055,9586.95899889211,8922.99080579539,9.051613040455209e-05,-0.06546472187109614,663.9681930967199,0.5358943622465687,-0.002984908622596597,0.0029792580408418757,-0.004153644618958577
2020-07-11,9240.3466796875,9293.5322265625,9199.4853515625,9277.51171875,13249910444,57.36316539948496,-27.130497784244653,-43.649012233281375,9583.047747906388,8920.57373646861,-0.004153644618958577,-0.2409552709085705,662.4740114377782,0.48269507587837096,-0.0029360908983949705,0.0016773154145535388,0.0039049160883403897
2020-07-12,9276.5,9319.4189453125,9197.4501953125,9241.0546875,14452361907,55.266905346774955,-23.49392767937934,-39.617995322500974,9507.46723966555,8958.932467365701,0.0039049160883403897,0.08686706150696191,548.5347722998486,0.5789378334253098,-0.002532628435226577,0.0031539269948930846,-0.0035513578688562116
2020-07-13,9243.6142578125,9306.4052734375,9224.29296875,9277.205078125,17519821266,52.114729123968395,-23.000390048879126,-36.29447426777661,9415.358158429473,9012.437154070525,-0.0035513578688562116,0.19247502877092348,402.92100435894827,0.5737529223853852,-0.002488246416107174,-0.002023461851304759,-4.331631390260929e-05
2020-07-14,9243.2138671875,9283.841796875,9171.6611328125,9238.703125,18085038362,54.40263342415421,-22.38354255291597,-33.51228792480448,9406.902436931963,9013.853227130538,-4.331631390260929e-05,0.03175210286335159,393.0492098014256,0.5835417915539262,-0.002421619024999015,-0.00014001060636305721,-0.005465061808117076
2020-07-15,9192.8369140625,9275.3251953125,9171.93359375,9241.8974609375,15844731575,48.4637367468759,-25.66384869507783,-31.94260007885915,9401.736237923435,9011.821769889064,-0.005465061808117076,-0.13224793428313306,389.91446803437066,0.4642432097621355,-0.0027917223959253792,-0.0036135315867543484,-0.006614939463274875
2020-07-16,9132.2275390625,9214.3125,9088.947265625,9191.98046875,15713967523,50.39692413469308,-32.776359505087385,-32.1093519641048,9402.128936960919,9008.36002788283,-0.006614939463274875,-0.00828708432836245,393.76890907808775,0.31456904880926156,-0.0035890870398146203,-0.002261841122052058,0.0020964170070042953
2020-07-17,9151.392578125,9182.25390625,9089.2021484375,9131.8125,13944570749,52.929716621890805,-36.44648469307322,-32.97677850989849,9394.599217987823,9026.489942168428,0.0020964170070042953,-0.11945972910392523,368.1092758193954,0.3393085807963006,-0.003982616239215106,-0.0019752838539663802,0.0008353119275824921
2020-07-18,9159.0400390625,9230.9833984375,9100.82421875,9151.18359375,12252601475,51.25690537498208,-38.2965404813167,-34.04073090418213,9394.314925688606,9028.320035248893,0.0008353119275824921,-0.12935195914127082,365.99489043971334,0.35716346656151493,-0.004181283225969678,-0.0012625757758890851,0.0029193317943758054
2020-07-19,9185.8173828125,9201.3984375,9097.6328125,9158.005859375,12939002784,55.46015743708141,-37.17350217602325,-34.66728515855036,9394.195467354233,9027.935782645765,0.0029193317943758054,0.054507941746713216,366.25968470846783,0.4310646428147635,-0.004046836620721228,-0.00140337353216974,-0.0023526855605594836
2020-07-20,9164.2314453125,9214.2705078125,9137.509765625,9187.220703125,13755604146,35.81347579778827,-37.59195433368768,-35.25221899357783,9393.669971907542,9031.085106217457,-0.0023526855605594836,0.06120009383404874,362.5848656900853,0.36721427641847826,-0.00410203022021186,-0.001232134630984493,0.022726572419009328
2020-07-21,9374.8876953125,9407.2626953125,9149.3896484375,9162.5146484375,18069581956,57.368592177682416,-20.686915946289446,-32.339158384120154,9415.018740298616,9024.392587826384,0.022726572419009328,0.27278365430683005,390.6261524722322,0.8972648279357954,-0.002206630801202347,0.002020706616574355,0.015923467431184803
2020-07-22,9525.36328125,9530.5185546875,9319.6533203125,9375.080078125,16532254884,56.016266365365915,4.797271023997382,-24.911872502496646,9472.532947807755,9007.073692817245,0.015923467431184803,-0.08891665549317132,465.4592549905101,1.1135015210777341,0.0005036312928285338,0.005076210793617481,0.005831453188377249
2020-07-23,9581.072265625,9610.2470703125,9483.00390625,9527.1416015625,18146399002,71.29310877096697,29.152866167109096,-14.098924768575497,9531.361564757155,8997.621931336596,0.005831453188377249,0.09315882478793738,533.7396334205587,1.093136611475098,0.0030427561090112885,0.006854266886710642,-0.004621806400934839
2020-07-24,9536.892578125,9623.3369140625,9481.4541015625,9585.5146484375,16552768325,67.08984033988398,44.378353203255756,-2.4034691742092473,9570.108372635113,8999.315553146138,-0.004621806400934839,-0.09191878070520797,570.7928194889755,0.9418076167447358,0.004653334704120235,0.00589452068557648,0.014595935230040647
2020-07-25,9677.11328125,9704.556640625,9530.2119140625,9539.4853515625,16610070933,75.48697468791565,66.98711448424547,11.474647557481696,9632.180582935514,8997.560432689486,0.014595935230040647,0.0034558358880951386,634.6201502460281,1.0708025080766745,0.006922220763296954,0.007860324014499072,0.023292897324558883
2020-07-26,9905.1669921875,10023.8076171875,9652.84765625,9680.234375,20507998997,79.9723999988826,102.12946434346122,29.6056109146776,9754.04983487528,8928.66041903097,0.023292897324558883,0.21080581089792574,825.3894158443109,1.1830858918350131,0.010310726151715945,0.0107708333759538,0.10400866598506177
2020-07-27,10990.873046875,11298.2216796875,9903.9697265625,9905.2177734375,35359749590,91.5704500137314,215.107805896625,66.70604991106708,10270.693007360225,8585.876816858525,0.10400866598506177,0.5447591509998883,1684.8161905017005,1.4274531806931972,0.0195714940004503,0.025965312168185404,-0.007126663372121388
2020-07-28,10912.8232421875,11204.3271484375,10632.6318359375,11017.4638671875,28766551142,88.30762433038736,294.946034307688,112.35404679039128,10575.087491981283,8429.931355674968,-0.007126663372121388,-0.20636086252159427,2145.1561363063156,1.1574411039312957,0.027027472887810232,0.021700564198023874,0.01704870717725163
2020-07-29,11100.4677734375,11304.3974609375,10856.1416015625,10912.953125,24617249715,91.175198433777,369.10493901085647,163.70422523448434,10875.203302414975,8312.065545241276,0.01704870717725163,-0.15576588835826974,2563.1377571736994,1.087886213057011,0.03325129594034713,0.021861312733176274,0.0009676074745081875
2020-07-30,11111.2138671875,11169.3564453125,10895.455078125,11099.8330078125,22857247901,93.65506312752692,423.8575591314493,215.73489201387736,11124.372526807061,8246.136945849188,0.0009676074745081875,-0.07417914329703033,2878.235580957873,0.995428220084689,0.03814682753818123,0.02116647763119498,0.01892242337372686
2020-07-31,11323.466796875,11415.8642578125,10987.0537109375,11110.2109375,23160469766,94.15314335988896,478.85648314252467,268.35921023960685,11385.877972040409,8192.94351233459,0.01892242337372686,0.013178674168428287,3192.934459705819,0.9804533491200631,0.04228885832691074,0.024529939027575227,0.03779203373214687
2020-08-01,11759.5927734375,11794.775390625,11239.6826171875,11322.5703125,26075670303,95.02055790363482,551.2804304765014,324.9434542869858,11715.121053441251,8112.009708277496,0.03779203373214687,0.1185557712818767,3603.111345163755,1.0123425883174353,0.046879210963982565,0.02784366738501897,-0.061911857122825646
2020-08-02,11053.6142578125,12034.14453125,11018.1298828125,11758.7646484375,27410067336,76.17879760262929,545.4230668224736,369.03937679408335,11845.32841597396,8162.802345744789,-0.061911857122825646,0.049907659646339295,3682.5260702291707,0.7850078606197146,0.04934341420834169,0.01567155960682118,0.017286053356239672
2020-08-03,11246.3486328125,11453.0791015625,11012.4150390625,11043.7685546875,20271713443,77.84671252564482,549.9931386967,405.2301291746067,11988.641931515702,8219.802306765547,0.017286053356239672,-0.30168387906023486,3768.839624750155,0.8030446045437094,0.04890415161877808,0.0032826149455608836,-0.0036037470015529804
2020-08-04,11205.892578125,11385.3818359375,11094.1455078125,11246.203125,21250197042,75.65630616318184,544.0786876407892,432.99984086784326,12099.346959999004,8310.402844688497,-0.0036037470015529804,0.04713968001902885,3788.944115310507,0.7641943626815544,0.04855290944898795,0.003785888712784942,0.04716003790353572
2020-08-05,11747.0224609375,11786.6171875,11158.28515625,11203.8232421875,24411254471,78.05842768246595,576.4115877200238,461.6821902382794,12278.680857685293,8392.548439189708,0.04716003790353572,0.13867810687595583,3886.1324184955847,0.8631908696115729,0.04906873972845217,0.008087507387968384,0.002784144331385825
2020-08-06,11779.7734375,11902.3359375,11598.7138671875,11749.87109375,23400740340,77.93044723550017,597.7874524341532,488.9032426774542,12428.314062320675,8505.753320491825,0.002784144331385825,-0.04227661444338886,3922.560741828849,0.834663968895193,0.05074693971032949,0.008347012653236617,-0.015251902049187646
2020-08-07,11601.47265625,11898.0380859375,11408.59375,11778.89453125,23132312867,75.36245445475996,593.4991080228974,509.8224157465429,12511.28565407796,8667.024990453292,-0.015251902049187646,-0.01153719483056069,3844.2606636246674,0.763332126138689,0.05115722163971699,0.0034649661642488306,0.013065469924046941
2020-08-08,11754.0458984375,11800.064453125,11558.431640625,11604.5537109375,17572057837,75.43700093984356,595.5468562737897,526.9673038519923,12587.388107708286,8847.745388385463,0.013065469924046941,-0.2749204479564846,3739.642719322823,0.7771599396472652,0.05066739243828863,-6.740009405115868e-05,-0.006684391826167338
2020-08-09,11675.7392578125,11806.056640625,11548.7841796875,11737.3251953125,17489608833,72.51057946305345,584.1176750954437,538.3973781006825,12608.120863881719,9078.163413462033,-0.006684391826167338,-0.004703093937359983,3529.957450419686,0.7358660496151019,0.050028324733664926,0.007822237805471456,0.01718420090459035
2020-08-10,11878.111328125,12045.140625,11662.2568359375,11662.2568359375,26114112569,64.54764735118849,584.6502176718604,547.6479460149181,12647.842462112707,9288.764178512292,0.01718420090459035,0.40086895605251815,3359.0782836004146,0.7708504926049403,0.04922080636569934,0.007807687455235838,-0.04016111286278769
2020-08-11,11410.525390625,11932.7109375,11195.708984375,11881.6474609375,27039782640,57.236234744751734,541.1044686343321,546.3392505388009,12607.32087264435,9517.80197891815,-0.04016111286278769,0.0348333330280947,3089.518893726199,0.612627233175281,0.04742152093004489,0.0025852066179165947,0.015169300755772667
2020-08-12,11584.9345703125,11748.396484375,11249.60546875,11404.5966796875,25064548486,57.07101603790259,514.7339790941405,540.0181962498689,12555.376352364003,9770.132729667248,0.015169300755772667,-0.07585477585201544,2785.2436226967548,0.6515774152953471,0.044431323799894,-0.0019848986889066987,0.017048853955416797
2020-08-13,11784.1376953125,11796.396484375,11216.8720703125,11588.4052734375,27522199497,59.30949601720654,504.0982724276764,532.8342114854304,12462.977593352485,10087.256000397514,0.017048853955416797,0.09353849662537152,2375.721592954971,0.7142594906517037,0.0427776970586653,5.291697166915444e-05,-0.001296361228177031
2020-08-14,11768.87109375,12150.994140625,11685.455078125,11772.6591796875,24237958589,56.517107023707666,488.80289559936136,524.0279483082167,12317.0827299268,10442.326645073199,-0.001296361228177031,-0.12707299242499037,1874.7560848536014,0.7075824206644368,0.041533541467621816,0.0020465656603849565,0.008193734253123777
2020-08-15,11865.6982421875,11963.203125,11768.697265625,11768.697265625,23354924400,51.72366966562217,478.97303789584475,515.0169662257423,12133.629630239291,10821.83286976071,0.008193734253123777,-0.037112084074669385,1311.7967604785808,0.7957523633807131,0.04036619068845827,0.0013506034216816472,0.0022817499658520377
2020-08-16,11892.8037109375,11934.9013671875,11737.1884765625,11866.685546875,20583375490,67.49024463913102,467.9754598472682,505.60866495004746,12161.583653946327,10884.071912459924,0.0022817499658520377,-0.12632412201956714,1277.5117414864035,0.7896066750064564,0.03934946470333849,0.0026314808205415577,0.029951760409884235
2020-08-17,12254.40234375,12359.056640625,11806.6962890625,11895.658203125,28227687027,69.62808730887635,482.8715450780419,501.06124097564634,12240.598211737233,10939.215264825267,0.029951760409884235,0.3158195708174313,1301.3829469119664,1.0106072790061618,0.03940392452711628,0.004455417892726399,-0.02170941475499902
2020-08-18,11991.2333984375,12335.70703125,11954.525390625,12251.8955078125,26043227672,64.07118908248364,468.0459233954243,494.458177459602,12265.732182088459,11003.15785697404,-0.02170941475499902,-0.080545545555707,1262.5743251144195,0.7825880202126988,0.03903234203217263,0.007091374765267637,-0.01961788699136637
2020-08-19,11758.283203125,12028.923828125,11687.3330078125,11990.884765625,24502851117,50.226809866416055,432.51362959185826,482.06926788605324,12249.643894793326,11083.953077862925,-0.01961788699136637,-0.06096827729434961,1165.6908169304006,0.5784811164912509,0.03678373977902736,0.0021217765156763455,0.01016132774175868
2020-08-20,11878.3720703125,11900.4111328125,11710.0634765625,11761.5,20175242945,51.918442854857304,409.3257463066784,467.5205635701783,12261.178766220719,11127.908733779283,0.01016132774175868,-0.1943332269353913,1133.2700324414363,0.6622105191609191,0.03445975120864435,0.0011378441994394713,-0.024361862793125022
2020-08-21,11592.4892578125,11899.259765625,11564.9794921875,11878.0263671875,23762425999,49.83223269666016,363.68845388886984,446.7541416339167,12253.712274129932,11118.664874307568,-0.024361862793125022,0.1636493376501394,1135.0473998223642,0.4174489836976578,0.031372766090231236,-0.002157227452695956,0.007676821280393403
2020-08-22,11681.8251953125,11689.4072265625,11448.8056640625,11585.4775390625,20224191306,48.618632417327895,330.914656223762,423.5862445518858,12201.014881242972,11234.183360944528,0.007676821280393403,-0.16122611634223916,966.831520298445,0.46299880069004146,0.02832730765022458,-0.0022310721630860097,-0.0014543864269716935
2020-08-23,11664.84765625,11713.4296875,11559.9208984375,11679.6962890625,18482062658,49.786671124646574,300.1117386267524,398.89134336685913,12169.43007232646,11307.61807220479,-0.0014543864269716935,-0.09007880159731818,861.8120001216703,0.41450987453686156,0.025727874677039027,-0.0027648059334893994,0.009364458635234827
2020-08-24,11774.595703125,11807.6318359375,11623.25,11663.689453125,20681511755,47.89615082931352,281.31315178577097,375.3757050506415,12117.42166016939,11416.49679686186,0.009364458635234827,0.11243947356350387,700.9248633075294,0.5108948547963174,0.023891533847833938,-0.005705849044153601,-0.035306004408532356
2020-08-25,11366.134765625,11778.2998046875,11189.8505859375,11773.5888671875,26301509932,49.07558951098327,230.79528785866933,346.4596216122471,12141.661383793278,11354.168303706723,-0.035306004408532356,0.24038620015772405,787.493080086555,0.015195640724800159,0.020305520972412856,-0.0076482189946583635,0.010696334763965401
2020-08-26,11488.36328125,11530.052734375,11296.9931640625,11366.89453125,22466660958,47.94427940953303,198.33604200713853,316.8349056912254,12143.358110846902,11323.330561028097,0.010696334763965401,-0.15759387424367496,820.0275498188057,0.20125265335069267,0.017264081675658714,-0.003317615886753826,-0.014463477673961746
2020-08-27,11323.3974609375,11570.7861328125,11185.94140625,11485.6083984375,23240415076,40.04711082308506,157.48510255998917,284.96494506497817,12165.553298268853,11273.327854074898,-0.014463477673961746,0.03386031708213227,892.2254441939549,0.05611766307312535,0.013907937357428984,-0.006835445231856743,0.01916471859560327
2020-08-28,11542.5,11545.615234375,11316.4228515625,11325.2958984375,19807127588,45.50573038570172,141.16294397179263,256.2045448463411,12161.505005421457,11256.221557078543,0.01916471859560327,-0.1598509401218515,905.2834483429142,0.31623072690123993,0.01222984136641045,-0.0006173621763241306,-0.0030920412474540297
2020-08-29,11506.865234375,11585.640625,11466.29296875,11541.0546875,17485597759,42.69848101698459,123.9235740995955,229.74835069699196,12161.877591605284,11238.961568550967,-0.0030920412474540297,-0.12466429522421454,922.9160230543166,0.2902795694641176,0.01076953380225509,-0.002155771108873764,0.017627931208674324
2020-08-30,11711.505859375,11715.2646484375,11492.3818359375,11508.7138671875,19760127945,46.55953127090655,125.32931908178398,208.86454437395037,12145.994533722032,11238.184079559216,0.017627931208674324,0.12228861035692214,907.8104541628163,0.5213883334839543,0.010701383800398178,0.0005702742676470955,-0.0026235581917250003
2020-08-31,11680.8203125,11768.876953125,11598.318359375,11713.306640625,22285928250,37.551776815855106,122.55458199139684,191.60255189743967,12139.882176388957,11271.325929079794,-0.0026235581917250003,0.12028929186152117,868.5562473091632,0.4714655898088021,0.010491949941242352,-0.0011422995647757366,0.02449528784504093
2020-09-01,11970.478515625,12067.0810546875,11601.12890625,11679.31640625,27311555343,49.554685119866036,142.09064654888425,181.70017082772858,12170.681115804511,11279.08138419549,0.02449528784504093,0.20335442616401042,891.5997316090215,0.7754568635647839,0.011870089099898062,0.007400742185734733,-0.04759982836281475
2020-09-02,11414.0341796875,11964.8232421875,11290.7939453125,11964.8232421875,28037405299,43.51416921216082,111.38869145162971,167.6378749525088,12172.0999512703,11240.6521971672,-0.04759982836281475,0.026229636912012237,931.447754103101,0.1861424666669208,0.00975892394381102,-0.0009272811180910023,-0.108024907829682
2020-09-03,10245.296875,11443.0224609375,10182.46484375,11407.19140625,31927261555,27.94633486690671,-7.16753917173628,132.67679212765978,12430.86180377488,10829.53292278762,-0.108024907829682,0.12992071684801837,1601.328880987261,-0.36484450803576185,-0.0006995931166451709,-0.014293199711765323,0.02568095890557451
2020-09-04,10511.8134765625,10663.919921875,10207.9404296875,10230.365234375,29965130374,35.32940990557684,-78.71120988680377,90.39919172476706,12497.070123072997,10627.936126927001,0.02568095890557451,-0.06342585425700875,1869.1339961459962,-0.06212644497605554,-0.0074878811408042,-0.01336230823891229,-0.03310004713411871
2020-09-05,10169.5673828125,10581.5712890625,9946.67578125,10512.5302734375,44916565292,30.789636651621436,-161.16863220046798,40.08562693972005,12584.342622827091,10368.339994360409,-0.03310004713411871,0.4047722793918372,2216.002628466682,-0.08969872553145662,-0.015848130616928476,-0.01764916622272153,0.010834787536525494
2020-09-06,10280.3515625,10353.927734375,10056.8857421875,10167.216796875,37071460174,32.822004715780906,-215.09786176230773,-10.951070800685507,12543.972341714982,10211.305197347518,0.010834787536525494,-0.19195925814043396,2332.667144367464,0.029599750362658665,-0.02092320096784703,-0.018619615318742788,0.008640468391535637
2020-09-07,10369.5634765625,10399.1533203125,9916.4931640625,10280.998046875,33703098409,32.47791216797006,-247.78222953640397,-58.3173025478292,12507.888881144252,10085.221665730747,0.008640468391535637,-0.09525763197621868,2422.667215413505,0.11736725911945092,-0.023895145643926714,-0.017010468663991272,-0.02322390559011147
2020-09-08,10131.5166015625,10414.775390625,9945.1103515625,10369.306640625,33430927462,33.919650209346784,-289.5554053760916,-104.56492311348168,12511.49641417065,9918.937472548101,-0.02322390559011147,-0.008108330600595876,2592.5589416225484,0.08199587118404128,-0.028579670424804502,-0.023827496297584468,0.010879835709758444
2020-09-09,10242.34765625,10350.54296875,10017.2509765625,10134.1513671875,24128292755,33.72287762867771,-310.14267661016675,-145.68047381281872,12459.628244233798,9807.2032010787,0.010879835709758444,-0.3260963182858963,2652.4250431550972,0.16405532600971254,-0.030280428571560356,-0.015473258572931161,0.011724294913524442
2020-09-10,10363.138671875,10503.912109375,10238.1357421875,10242.330078125,54406443211,37.30934756723508,-313.10216505868266,-179.1648120619915,12422.308880456307,9721.587506262442,0.011724294913524442,0.8130974630615493,2700.721374193865,0.23754807576320844,-0.03021306333653771,0.0016337703903840455,0.0036386352484214326
2020-09-11,10400.9150390625,10434.9228515625,10140.8369140625,10369.0283203125,45201121775,34.1534784366237,-308.83923737166515,-205.09969712392623,12357.974841529292,9657.830529564457,0.0036386352484214326,-0.18536068366575043,2700.1443119648357,0.27520177577362215,-0.02969346795082587,-0.0015151329892092516,0.003958714499077175
2020-09-12,10442.1708984375,10578.837890625,10292.38671875,10409.861328125,36750077324,35.243837043329165,-298.68873558842824,-223.81750481682664,12282.238744293418,9611.298951019084,0.003958714499077175,-0.20698157485014276,2670.939793274334,0.3110785010992443,-0.028604084197963293,0.003778975815533018,-0.011404867595945653
2020-09-13,10323.755859375,10577.21484375,10224.330078125,10452.3994140625,36506852789,30.295481256624527,-296.7784169588158,-238.4096872452245,12177.593373475152,9570.860337462349,-0.011404867595945653,-0.006640339101155722,2606.7330360128035,0.28882724525714115,-0.028747136313700346,0.0006018822251799967,0.03400365092776386
2020-09-14,10680.837890625,10800.0107421875,10266.0087890625,10328.734375,35453581940,37.00577948420159,-263.4144620699881,-243.41064221017723,12124.77816817976,9555.145855257739,0.03400365092776386,-0.029275700705134272,2569.632312922022,0.43807514005253073,-0.024662340611048644,0.0042251940160697435,0.010812510742824319
2020-09-15,10796.951171875,10938.6318359375,10656.4599609375,10677.7548828125,32509451925,34.030390964997665,-225.01013922751736,-239.73054161364527,12053.42968428184,9557.353128218161,0.010812510742824319,-0.0866934143899329,2496.076556063679,0.4966185995557734,-0.020840155303623743,0.00908753920648914,0.016347532426243053
2020-09-16,10974.9052734375,11100.1240234375,10704.884765625,10797.76171875,30769986455,43.337975501205975,-178.16129540318798,-227.41669237155384,12015.109834867482,9560.823758882518,0.016347532426243053,-0.05499112638247234,2454.2860759849646,0.5761681689804238,-0.01623351554882125,0.009868638737415515,-0.002364091830582051
2020-09-17,10948.990234375,11037.4208984375,10774.6279296875,10973.251953125,38151810523,66.34261842230599,-141.49332919363405,-210.23201973596989,11936.329434172427,9580.253183015075,-0.002364091830582051,0.21503346547987545,2356.076251157352,0.5809391995216594,-0.012922956927060488,0.007856012059686016,-0.0004023369137903027
2020-09-18,10944.5859375,11034.908203125,10829.6572265625,10951.8203125,26341903912,61.443998498094466,-111.50374596884467,-190.48636498254484,11858.796484793875,9601.558202706125,-0.0004023369137903027,-0.3704122387529122,2257.23828208775,0.5949871333703839,-0.010188027816273398,0.007278730322227195,0.013590771382837723
2020-09-19,11094.3466796875,11134.0927734375,10909.6181640625,10933.7529296875,22764204008,77.22594764424399,-74.79020992342157,-167.3471339707202,11745.71972209005,9652.9190474412,0.013590771382837723,-0.14597167328898306,2092.80067464885,0.6887553361896096,-0.006741290143776922,0.008654738448478704,-0.0141678855300922
2020-09-20,10938.271484375,11095.8701171875,10814.4775390625,11095.8701171875,24699523788,68.86635526581088,-57.624176352381255,-145.4025424470524,11610.011047789392,9714.37283892936,-0.0141678855300922,0.08159466103967762,1895.638208860033,0.6456393628935148,-0.005268124532719425,0.008260021600743484,-0.04449331082805089
2020-09-21,10462.259765625,10988.3046875,10380.2607421875,10934.92578125,28884999244,52.175527362721134,-81.49076378131213,-132.62018671390436,11309.617223832123,9863.944787886627,-0.04449331082805089,0.15653843945045812,1445.6724359454965,0.41386621399241824,-0.007789021263748366,-0.002953830078658626,0.0072569445920738825
2020-09-22,10538.4599609375,10568.0771484375,10382.7265625,10459.6240234375,23621787804,60.33593077200878,-93.18233933424926,-124.73261723797334,11151.9692441087,9934.035345735048,0.0072569445920738825,-0.20115290489313226,1217.9338983736525,0.4962704593484618,-0.008842121114436514,-0.0034617681001944023,-0.028125828810467837
2020-09-23,10246.1865234375,10537.828125,10197.865234375,10535.4921875,23788661867,50.08927480515564,-124.59575862120255,-124.7052455146192,11151.922287096013,9934.171267591488,-0.028125828810467837,0.00703957685644092,1217.7510195045252,0.2562225371592855,-0.012160207930647923,-0.009815105419724529,0.04893613643511954
2020-09-24,10760.06640625,10771.056640625,10231.490234375,10248.7861328125,47144380902,57.803960751906956,-106.79425021857242,-121.12304645540985,11171.730913844687,9939.187933811561,0.04893613643511954,0.684005752022716,1232.5429800331258,0.6660039331169698,-0.009925054938001202,-0.0024865013817671595,-0.00627888978372976
2020-09-25,10692.716796875,10777.6962890625,10578.9140625,10761.109375,39348590957,55.671140111636845,-97.00278939493182,-116.29899504331425,11172.824002840698,9990.4097862218,-0.00627888978372976,-0.18075466077846367,1182.4142166188976,0.5939602220454063,-0.00907185622116929,-0.003326008934615653,0.005410230472935921
2020-09-26,10750.7236328125,10772.9990234375,10667.28125,10695.5751953125,46852525493,55.95790145377034,-83.59864611763624,-109.75892525817866,11183.15781737026,10027.11317872349,0.005410230472935921,0.1745447468973545,1156.0446386467702,0.6259364300460059,-0.007776094798166248,-0.0044946576360301955,0.0022805831897412406
2020-09-27,10775.26953125,10803.9765625,10622.921875,10746.892578125,53745972818,59.046295274521356,-70.18605596955422,-101.84435140045379,11197.074560467849,10053.767041094652,0.0022805831897412406,0.13726382671913637,1143.3075193731966,0.631065988746642,-0.006513624161883233,-0.0021448763903397046,-0.006108227146350323
2020-09-28,10709.65234375,10945.34765625,10703.8935546875,10776.61328125,47762394731,50.65365355696883,-64.11219481684566,-94.29792008373218,11177.21122143454,10131.443954346709,-0.006108227146350323,-0.11803013112335846,1045.767267087831,0.5529035069273939,-0.005986393653035864,0.003338706992760377,0.01252558330751577
2020-09-29,10844.640625,10860.0009765625,10649.4951171875,10709.650390625,46582396602,51.07264575409408,-47.85455244857803,-85.00924655670134,11175.850180181898,10193.03429247435,0.01252558330751577,-0.025015894318971308,982.8158877075475,0.662999388466217,-0.004412737508171511,0.0040913696663949315,-0.0055619032310387645
2020-09-30,10784.4912109375,10847.2568359375,10669.3212890625,10843.87109375,44171073700,45.47748250917799,-39.36997618841269,-75.88139248304361,11174.536921926947,10236.482804635552,-0.0055619032310387645,-0.05315258077511831,938.0541172913945,0.5841970054816482,-0.003650610438486346,0.007314787606313371,-0.015421675401221661
2020-10-01,10619.4521484375,10933.6240234375,10472.3564453125,10795.2548828125,40023134100,42.65833828293443,-45.439364717476565,-69.79298692993021,11165.336030683507,10267.537406816491,-0.015421675401221661,-0.0986124942344924,897.7986238670164,0.39197514037707326,-0.004278880311557533,-0.0018791855131639443,-0.004102545378274992
2020-10-02,10575.974609375,10657.837890625,10416.689453125,10619.8212890625,48661453918,41.9283663847375,-53.14504984674204,-66.46339951329259,11158.603172435964,10287.650636157785,-0.004102545378274992,0.195429576596846,870.9525362781787,0.33104441540404966,-0.005025073509502564,-0.001568279169527549,-0.0025226166977002406
2020-10-03,10549.3291015625,10598.9404296875,10511.1298828125,10575.1005859375,44660271563,37.38536941719791,-60.70219352170352,-65.31115831497478,11136.75453404698,10332.05659876552,-0.0025226166977002406,-0.08580288895968709,804.6979352814596,0.27000504570788236,-0.0057541283371956515,-0.0027015430510470007,0.011334718114116692
2020-10-04,10669.5830078125,10686.0,10534.3916015625,10550.4404296875,71251776995,43.67624717009319,-56.33836549186708,-63.51659975035324,11136.538585829161,10331.14705870209,0.011334718114116692,0.46713543204871305,805.3915271270707,0.42021294949207066,-0.00528027809996088,-0.0014080952047076502,0.011532279024733388
2020-10-05,10793.33984375,10793.5078125,10634.6005859375,10676.529296875,47537578009,59.341020853951804,-42.40503906331469,-59.29428761294553,11136.242094336074,10331.082417382677,0.011532279024733388,-0.4046992448662153,805.1596769533971,0.5741189475805116,-0.003928815332157802,0.0011119771054471656,-0.017659664062251813
2020-10-06,10604.40625,10797.578125,10528.890625,10796.306640625,42623695307,51.749315469483015,-46.07699262711685,-56.6508286157798,11104.868776440402,10325.405832934597,-0.017659664062251813,-0.10911018775044676,779.462943505805,0.35793929575430433,-0.0043450799168616204,-0.0032002010902339173,0.006069812450621233
2020-10-07,10668.96875,10680.5078125,10562.5068359375,10603.35546875,37799458436,62.75587382047745,-43.278500489044745,-53.97636299043279,11075.303146918915,10326.969314018585,0.006069812450621233,-0.12011555106883488,748.3338329003309,0.4570145314096853,-0.004056483949214374,-0.0015385274214253463,0.022861384647314218
2020-10-08,10915.685546875,10945.7373046875,10562.6064453125,10669.37109375,63314794397,55.59763777536104,-20.911635382417444,-47.363417468829724,11070.10380427109,10329.278617603912,0.022861384647314218,0.5158242451611713,740.8251866671781,0.791559115192104,-0.0019157418279060023,0.003930481156936922,0.013537193923190284
2020-10-09,11064.4580078125,11102.671875,10846.8505859375,10927.9130859375,22799117613,62.63166312821837,8.718459637815613,-36.14704204750066,11062.08897787294,10334.30457681456,0.013537193923190284,-1.0213971865668583,727.7844010583794,1.0032551260168696,0.000787969879017987,0.006450443914289105,0.02074267777372715
2020-10-10,11296.361328125,11442.2109375,11056.9404296875,11059.142578125,22877978588,66.581080463495,50.332976050245634,-18.8510384279514,11156.851069106984,10275.351469955514,0.02074267777372715,0.0034529801547972037,881.4995991514697,1.158264687983012,0.004455680425601262,0.009774057410207303,0.007744148940002064
2020-10-11,11384.181640625,11428.8134765625,11288.6279296875,11296.08203125,19968627060,67.81865339463343,89.36895570613524,2.792960398865926,11277.670719298796,10246.724007263703,0.007744148940002064,-0.13601241924293375,1030.9467120350928,1.1033137019418275,0.00785027492773111,0.009261118956762357,0.014924866101628098
2020-10-12,11555.36328125,11698.4677734375,11240.6865234375,11392.6357421875,26163972642,73.30808045465947,132.58976630455436,28.752321580003613,11426.828852257722,10199.25620633603,0.014924866101628098,0.27022097952405777,1227.572645921693,1.1047061690550022,0.011474305314113108,0.0097457742534616,-0.011267025530866026
2020-10-13,11425.8994140625,11548.984375,11321.224609375,11548.7197265625,24241420251,66.06861996074694,154.61362832192754,53.9245829283884,11483.18179278269,10260.874554873559,-0.011267025530866026,-0.07632062376560875,1222.3072379091318,0.953135859017631,0.013531856243337467,0.010659008329373857,0.000315673400463534
2020-10-14,11429.5068359375,11539.9775390625,11307.8310546875,11429.0478515625,24103426719,68.40656431384483,170.39458374639798,77.21858309199033,11562.447848466889,10248.55254215811,0.000315673400463534,-0.005708732798290096,1313.8953063087793,0.898819173877888,0.014908305860637025,0.009836988465065612,0.005744241377636975
2020-10-15,11495.349609375,11569.9140625,11303.603515625,11426.6025390625,24487233058,76.49516220225699,186.06917651846015,98.98870177728429,11644.56946966054,10246.69420221446,0.005744241377636975,0.015797864158294483,1397.8752674460811,0.8932523782618612,0.01618647390825869,0.007391682283683149,-0.01518396829079633
2020-10-16,11322.123046875,11540.0615234375,11223.0126953125,11502.828125,25635480772,70.92762858044385,182.4107507527715,115.67311157238174,11686.185275544143,10262.218337737108,-0.01518396829079633,0.045825477517520016,1423.9669378070357,0.7443323865155482,0.016111002326822298,0.0032886591102564903,0.0031726798498982116
2020-10-17,11358.1015625,11386.26171875,11285.345703125,11322.123046875,19130430174,72.56593765003169,180.3357887838938,128.60564701468417,11728.629921242622,10278.056895163629,0.0031726798498982116,-0.29269708949652856,1450.5730260789933,0.7445641466635208,0.015877282641959454,0.0007786594068523564,0.010967693217915127
2020-10-18,11483.359375,11483.359375,11347.578125,11355.982421875,18283314340,72.64232919762651,186.64707383638233,140.21393237902382,11783.708539868767,10300.348979662482,0.010967693217915127,-0.04529141085917417,1483.359560206285,0.7975209969808021,0.016253699613610006,0.0012391657322685082,0.02227634146506345
2020-10-19,11742.037109375,11799.0927734375,11408.2900390625,11495.0380859375,23860769928,74.55290166566245,210.10004151897192,154.19115420701343,11884.751736055796,10289.045431912955,0.02227634146506345,0.2662468254963813,1595.706304142841,0.9105633497146783,0.017892980541785654,0.002289376498473559,0.014734826605249335
2020-10-20,11916.3349609375,11999.91796875,11681.48046875,11745.974609375,30915821592,84.21275132746743,239.98467340041316,171.3498580456934,12008.74605096805,10278.235492000702,0.014734826605249335,0.25903239377858334,1730.5105589673476,0.9465989447145351,0.020139134573432024,0.006003926803632896,0.07338405430586939
2020-10-21,12823.689453125,13184.56640625,11900.9287109375,11913.0771484375,43414712626,89.03335899664017,333.04524563700943,203.6889355639566,12364.575678427413,10142.829595010087,0.07338405430586939,0.3395303057633442,2221.7460834173253,1.2066454749816442,0.025971094110973637,0.01644226693297659,0.011027987566796663
2020-10-22,12965.8916015625,13161.59375,12717.09375,12801.6357421875,34729759598,88.60175021632239,413.50432409503264,245.65201327017184,12674.887709168943,10071.509263487307,0.011027987566796663,-0.22320143955275787,2603.3784456816356,1.111779327694423,0.03189169991558481,0.01719708781714226,-0.0026529704553783216
2020-10-23,12931.5390625,13015.9619140625,12752.6474609375,12971.548828125,28974975003,86.73668555485742,469.08939015151736,290.33948864644094,12907.586069343453,10077.031899406547,-0.0026529704553783216,-0.18116441818874826,2830.554169936906,1.0084622980934055,0.0362748306975945,0.01898723036505912,0.01355828284978525
2020-10-24,13108.0625,13145.06640625,12885.7470703125,12931.57421875,24542317940,86.44119733830534,521.3748370316498,336.5465583234827,13146.397998083432,10082.06791988532,0.01355828284978525,-0.1660336361113714,3064.3300781981125,0.9874897621646029,0.039775125960198145,0.020470887936471553,-0.0058830252475124915
2020-10-25,13031.173828125,13329.18359375,12910.0615234375,13108.0634765625,24406920575,83.27451255834069,550.2640556396545,379.2900577867171,13331.000582664403,10121.248733741848,-0.0058830252475124915,-0.005532168198152097,3209.751848922555,0.9065888054115602,0.04222674510350152,0.01806364244141046,0.0033765071930938885
2020-10-26,13075.248046875,13225.2978515625,12822.3828125,13031.201171875,29461458313,82.36899222742538,570.1431354676988,417.4606733229135,13471.287493678516,10228.046002415234,0.0033765071930938885,0.18821618906224588,3243.241491263281,0.8778877712710405,0.04360476630529114,0.015363666116843382,0.04332755896265355
2020-10-27,13654.21875,13759.6689453125,13060.837890625,13075.2421875,33749878156,89.83046646248118,625.4062525569898,459.0497891697288,13710.046460168214,10287.812035925537,0.04332755896265355,0.1358938958504959,3422.234424242677,0.9836867662326925,0.04580315168577402,0.019448342167901127,-0.02844584941845549
2020-10-28,13271.28515625,13837.6953125,12932.2509765625,13654.21484375,35867318895,78.98994687377318,631.0290205465244,493.44563544508793,13838.132153076125,10395.286303955125,-0.02844584941845549,0.06084973657963611,3442.8458491210004,0.8353551039841987,0.04754844863305093,0.0049012130644261465,0.012475103458646658
2020-10-29,13437.8828125,13612.0478515625,12980.0595703125,13271.298828125,56499499598,79.63585729644171,641.532950717281,523.0630984995265,13978.47330059762,10492.28763690238,0.012475103458646658,0.4544052377415429,3486.18566369524,0.8449335347431104,0.04774062697737795,0.005107943906119003,0.008052075583308513
2020-10-30,13546.5224609375,13651.5166015625,13136.1982421875,13437.8740234375,30581485201,84.61831904445637,651.1180195216657,548.6740827039544,14125.909013587034,10569.868037194216,0.008052075583308513,-0.6138370143950632,3556.0409763928183,0.837069776052443,0.04806532609377923,0.006637236197359979,0.01716060814063042
2020-10-31,13780.9951171875,14028.2138671875,13457.5302734375,13546.5322265625,30306464719,85.51335155776523,669.9119118809813,572.9216485393597,14294.677927779707,10640.780470657792,0.01716060814063042,-0.009033720224896596,3653.897457121915,0.859415099459939,0.0486112872244962,0.007151854096052145,-0.003189593193523672
2020-11-01,13737.109375,13862.033203125,13628.3779296875,13780.9951171875,24453857900,83.8414001105054,673.5012907129985,593.0375769740875,14434.669624341128,10718.963383471371,-0.003189593193523672,-0.2145730560258142,3715.7062408697566,0.8122671158259652,0.04902787568530942,0.007536630103764834,-0.01367823012311885
2020-11-02,13550.4892578125,13808.3232421875,13243.16015625,13737.0322265625,30771455468,77.7556121835695,653.7511788460524,605.1802973484805,14506.456387586477,10859.635604601022,-0.01367823012311885,0.2297994989478959,3646.8207829854546,0.737862871069821,0.04824557744061779,0.005100239058591587,0.02907841515337467
2020-11-03,13950.30078125,13984.9814453125,13325.44140625,13550.451171875,29869951617,79.1957334702953,662.7210853345314,616.6884549456908,14616.076508224758,11002.094878493992,0.02907841515337467,-0.029734477301761906,3613.981629730766,0.8157777777566698,0.04750586354562809,0.00306464708583746,0.013061444695718672
2020-11-04,14133.70703125,14218.7666015625,13580.4716796875,13950.48828125,35116364962,73.73754425602456,676.8271108131466,628.7161861191819,14729.295767701315,11152.711361204936,0.013061444695718672,0.1618142476091963,3576.5844064963785,0.8334755541151658,0.04788744448407371,0.008994260530719484,0.09741581080424415
2020-11-05,15579.8486328125,15706.404296875,14102.0888671875,14133.7333984375,40856321439,82.1652993940163,795.5274339103416,662.0784356774138,15134.148496515234,11173.631190984765,0.09741581080424415,0.15139429687241343,3960.5173055304695,1.1125358386071884,0.05106130699080686,0.02112864729437627,-0.0008969303080480761
2020-11-06,15565.880859375,15903.4375,15226.83984375,15579.7294921875,39837841971,82.57958281762836,878.3461845081729,705.3319854435657,15433.315724349759,11295.241892837741,-0.0008969303080480761,-0.02524429306786527,4138.073831512018,1.0320354687764888,0.0564276569018684,0.01985021788132533,-0.04817614127429782
2020-11-07,14833.75390625,15737.095703125,14423.203125,15565.880859375,35024953706,68.76348244240377,874.8197371830192,739.2295357914566,15499.676490578502,11563.920579733996,-0.04817614127429782,-0.12875649337412887,3935.7559108445057,0.8308018588006276,0.0589749393654445,0.01051639653633558,0.04261566759184631
2020-11-08,15479.5673828125,15637.3203125,14744.1103515625,14833.75390625,26632075029,73.69048476220551,913.6052795778924,774.1046845487438,15680.772917558787,11756.577180097463,0.04261566759184631,-0.27394445296190384,3924.195737461323,0.948726937133518,0.05902007833838431,0.017060005219959862,-0.009558200327301026
2020-11-09,15332.3154296875,15785.13671875,14865.529296875,15479.595703125,34149115566,71.4117026904089,921.8347620644399,803.650700051883,15784.544829391845,11994.403315139403,-0.009558200327301026,0.2486203696561581,3790.141514252442,0.8806827138235701,0.060123649705217976,0.01764858090507669,-0.002704687109614758
2020-11-10,15290.90234375,15450.3291015625,15124.9599609375,15332.3505859375,25574938143,67.28982915301125,914.4735148544496,825.8152630123964,15936.77748606724,12088.89194752651,-0.002704687109614758,-0.28912379399109955,3847.8855385407296,0.8321480366687276,0.05980507195039613,0.013108137724649633,0.026488015591815354
2020-11-11,15701.33984375,15916.2607421875,15290.0068359375,15290.9091796875,29772374934,75.52264279443017,931.0262583240619,846.8574620747296,16147.670179131466,12151.544078681032,0.026488015591815354,0.15196805474530897,3996.126100450434,0.8883092464644583,0.05929597522180005,0.015026219281234873,0.03596670089126322
2020-11-12,16276.34375,16305.00390625,15534.771484375,15701.298828125,34175758344,77.45661856835608,979.2542036113773,873.3368103820592,16441.54665823716,12192.14806832534,0.03596670089126322,0.13793562445671634,4249.39858991182,0.9611232260889067,0.060164261621187334,0.006247775007951882,0.0025443132057155655
2020-11-13,16317.80859375,16463.177734375,15992.15234375,16276.4404296875,31599492172,77.15979350955092,1009.1877755901969,900.5070034236868,16700.216164313344,12254.453171624154,0.0025443132057155655,-0.07837552242835887,4445.76299268919,0.9139838153331371,0.061845790737901724,0.006739381224203831,-0.015418716403050705
2020-11-14,16068.138671875,16317.80859375,15749.193359375,16317.80859375,27481710135,72.34841711256277,1001.2226000326882,920.6501227454871,16851.027976918085,12407.337843394416,-0.015418716403050705,-0.13962035255268698,4443.690133523669,0.8238200051039316,0.062311050488080895,0.011419013348667703,-0.007029240926094911
2020-11-15,15955.587890625,16123.1103515625,15793.5341796875,16068.1396484375,23653867583,71.39043143151136,974.5937238120478,931.4388429587993,16943.75148688154,12602.648317805955,-0.007029240926094911,-0.14999406167212545,4341.103169075586,0.7723703957794354,0.061081655561227445,0.004326883560390388,0.04656389869041283
2020-11-16,16716.111328125,16816.181640625,15880.7060546875,15955.5771484375,31526766675,77.48134774703776,1003.2926992937446,945.8096142257884,17194.271791023897,12658.317271476102,0.04656389869041283,0.28731028499227534,4535.954519547795,0.8945843789131595,0.06001950331628242,0.012344326277206653,0.054102475844138374
2020-11-17,17645.40625,17782.919921875,16564.544921875,16685.69140625,39006849170,79.37721777812561,1088.4759051991332,974.3428724204575,17578.56153678649,12711.439635088509,0.054102475844138374,0.212900329729026,4867.121901697979,1.0137339303519761,0.06168607793879119,0.02045963527059996,0.008947999876361636
2020-11-18,17804.005859375,18393.94921875,17352.90625,17645.19140625,49064800278,79.29555099443425,1155.4624210557868,1010.5667821475234,17931.674895645418,12794.938580917082,0.008947999876361636,0.22940462863681604,5136.736314728336,0.9751458847701928,0.06489901374905235,0.017953918739820857,0.0007346200168832048
2020-11-19,17817.08984375,18119.546875,17382.5546875,17803.861328125,36985055355,73.15408403745914,1195.8208077761756,1047.617587273254,18218.282292129286,12935.387922714466,0.0007346200168832048,-0.28262795736415286,5282.89436941482,0.9240582112141208,0.06711650545982141,0.01292076432919514,0.04414876269819295
2020-11-20,18621.314453125,18773.2265625,17765.794921875,17817.083984375,36992873940,77.17651771757707,1277.967708572478,1093.6876115330988,18647.809744184906,12989.892404252594,0.04414876269819295,0.00021137615241789335,5657.917339932312,0.995317130055276,0.0686292963791292,0.018864257113834763,0.0011227042351799794
2020-11-21,18642.232421875,18936.62109375,18444.359375,18621.31640625,39650210707,88.78090235349524,1329.4327513351382,1140.8366394935067,18982.257546256453,13145.956906868549,0.0011227042351799794,0.06937096436178426,5836.300639387904,0.9417396146306034,0.07131295872994091,0.021227317205010577,-0.014710561659748133
2020-11-22,18370.001953125,18688.96875,17671.384765625,18642.232421875,41280434226,81.85636696819556,1332.887744581265,1179.2468605110585,19144.155956389037,13466.009766267212,-0.014710561659748133,0.04029237791792072,5678.1461901218245,0.8636607834064428,0.07255784446743195,0.020129985671631545,-0.00032018509970887474
2020-11-23,18364.12109375,18711.42578125,18000.796875,18370.017578125,42741112308,84.4892099885731,1319.9359158116367,1207.3846715711743,19279.035884715253,13772.511869190997,-0.00032018509970887474,0.03477263438197864,5506.524015524255,0.8338489420210071,0.0718758011381694,0.013432259415899872,0.03968026776556164
2020-11-24,19107.46484375,19348.271484375,18128.65625,18365.015625,51469565009,87.43763842162942,1354.0445438033894,1236.7166460176174,19516.469353691606,14032.454181464647,0.03968026776556164,0.18582938773799043,5484.015172226958,0.9254187858534968,0.07086468848044453,0.011371943976103197,-0.019839332374638075
2020-11-25,18732.12109375,19390.96484375,18581.146484375,19104.41015625,43710357371,79.9358132457138,1335.3951692236697,1256.452350658828,19746.394604298166,14117.75617695183,-0.019839332374638075,-0.16340557748168993,5628.638427346335,0.8198012674572929,0.07128905277412638,0.007259467940246095,-0.08820525362378571
2020-11-26,17150.623046875,18866.28515625,16351.03515625,18729.83984375,61396835737,57.203271049844275,1179.4062689421407,1241.0431343154905,19751.945166640857,14270.679833359141,-0.08820525362378571,0.33977321380013903,5481.265333281715,0.5254157641354442,0.06876754656193318,-0.00544622829413518,-0.0024647942560283285
2020-11-27,17108.40234375,17445.0234375,16526.423828125,17153.9140625,38886494645,56.512966593339264,1040.3841825014279,1200.9113439526782,19666.76145527538,14583.32838847462,-0.0024647942560283285,-0.4567112896165676,5083.433066800761,0.49672611443746795,0.06081129971095743,-0.012105307859023933,0.034978293300267825
2020-11-28,17717.4140625,17853.939453125,16910.65234375,17112.93359375,32601040734,62.82739182994294,968.1896458170922,1154.367004325561,19668.28693197627,14805.58757974248,0.034978293300267825,-0.1763027967616119,4862.699352233789,0.5988086599306842,0.05464621656420648,-0.007268795135439957,0.025635704702410122
2020-11-29,18177.484375,18283.62890625,17559.1171875,17719.634765625,31133957704,66.39474934982246,937.294240057945,1110.9524514720379,19670.21874245895,15088.172663791047,0.025635704702410122,-0.04604510112099099,4582.046078667903,0.6742210048019435,0.05156347384058445,-0.001505042797988777,0.07666315234015364
2020-11-30,19625.8359375,19749.263671875,18178.322265625,18178.322265625,47728480399,69.49153562443004,1017.9450383656476,1092.35096885076,19875.30410865626,15316.580656968741,0.07666315234015364,0.42722918197328996,4558.723451687518,0.9452767482386197,0.051867601543565976,0.009492576836277297,-0.04283053060242915
2020-12-01,18802.998046875,19845.974609375,18321.921875,19633.76953125,49633658712,57.86662362735888,1003.892982649566,1074.6593716105212,19906.31388429692,15595.736701640577,-0.04283053060242915,0.03914091357723356,4310.577182656343,0.7440445233501749,0.05339004876493139,-0.0022946800734356737,0.020950814137308933
2020-12-02,19201.091796875,19308.330078125,18347.71875,18801.744140625,37387697139,59.19485207161441,1013.1999277990762,1062.3674828482322,20028.006424488707,15766.518966136291,0.020950814137308933,-0.2833275098477107,4261.487458352416,0.8059563390257597,0.052767828960849805,0.0035324837139853278,0.012643316046180679
2020-12-03,19445.3984375,19566.19140625,18925.78515625,19205.92578125,31930317405,60.40009919897328,1028.434104843007,1055.5808072471873,20155.18473339699,15952.099641603014,0.012643316046180679,-0.15778574947203292,4203.085091793975,0.8311273075856603,0.0528883019881812,0.017939422238266244,-0.039099467524232566
2020-12-04,18699.765625,19511.404296875,18697.193359375,19446.966796875,33872388058,50.50485067395121,969.168986659839,1038.2984431297177,20082.993049081757,16287.454021230742,-0.039099467524232566,0.05904422359949789,3795.539027851015,0.635564958249011,0.05182786811852563,0.012705897485665637,0.024012613075875922
2020-12-05,19154.23046875,19160.44921875,18590.193359375,18698.384765625,27242455064,53.12068832925445,947.9451467110957,1020.2277838459934,19971.47841126263,16718.832916862368,0.024012613075875922,-0.21782356654217058,3252.6454944002617,0.7487436168742189,0.049490119076183295,0.011139371739323936,0.009916644389898555
2020-12-06,19345.12109375,19390.5,18897.89453125,19154.1796875,25293775714,56.002988622888836,935.7417305494164,1003.3305731866781,19967.91132182804,16985.30098285946,0.009916644389898555,-0.07421825812973677,2982.6103389685813,0.7911928957189229,0.04837094200727101,0.008893791694679427,-0.007965956561317785
2020-12-07,19191.630859375,19411.828125,18931.142578125,19343.12890625,26896357742,55.00335024951506,903.2726908652039,983.3189967223833,20023.953851561502,17083.880914063495,-0.007965956561317785,0.061432531258447186,2940.0729374980074,0.7169039646698278,0.04706596836318162,-0.0031960810055307776,-0.04641845955624486
2020-12-08,18321.14453125,19283.478515625,18269.9453125,19191.529296875,31692288756,45.31768203186241,798.0997738734077,946.2751521525882,20011.977520126045,17147.57111268645,-0.04641845955624486,0.1640825168682113,2864.4064074395937,0.4097091165258775,0.043561676647007795,-0.0037086422846473077,0.012625041029578565
2020-12-09,18553.916015625,18626.29296875,17935.546875,18320.884765625,34420373071,48.9205092244339,725.1728516348412,902.0546920490389,20003.400166839237,17229.83108316076,0.012625041029578565,0.08257523512728704,2773.569083678478,0.4773938894313316,0.03908462510146882,-0.004898038442894504,-0.01569464022080565
2020-12-10,18264.9921875,18553.298828125,17957.064453125,18553.298828125,25547132265,58.003739849031305,636.7242413509484,848.9886019094208,19994.45688718285,17203.14213625465,-0.01569464022080565,-0.29812355927734063,2791.314750928199,0.3804121519767241,0.03486036209677127,-0.008946317909606835,-0.011347356530151446
2020-12-11,18058.904296875,18268.453125,17619.533203125,18263.9296875,27919640985,56.66979605094546,543.7307207498816,787.937025677513,19985.70026944759,17153.565941489913,-0.011347356530151446,0.08880534887515616,2832.134327957676,0.31966646018433387,0.03010873261253017,-0.004981730624738104,0.04041245632345914
2020-12-12,18803.65625,18919.55078125,18046.041015625,18051.3203125,21752580802,57.47981151858373,524.0866000638634,735.1669405547832,20007.792616637274,17174.839023987723,0.04041245632345914,-0.2495980110493998,2832.953592649552,0.5749537268234362,0.0278715263189234,-0.002638895875083359,0.01785353982728499
2020-12-13,19142.3828125,19381.53515625,18734.33203125,18806.765625,25450468637,56.7571656090159,529.744332716542,694.082418987135,20063.091610581734,17197.366201918263,0.01785353982728499,0.1570017487958409,2865.725408663471,0.6787170203750202,0.027673897126883194,-0.0015050536697424409,0.0054318633379785725
2020-12-14,19246.64453125,19305.099609375,19012.708984375,19144.4921875,22473997681,46.728698273108016,536.4572309319847,662.557381376105,20081.118877340745,17193.256903909252,0.0054318633379785725,-0.12437517455469893,2887.8619734314925,0.7110407790369931,0.027872766604119525,0.00040892060158561055,0.008816158477203611
2020-12-15,19417.076171875,19525.0078125,19079.841796875,19246.919921875,26741982541,55.96966636034298,549.1988378351707,639.8856726679182,20156.74649582507,17186.12479323743,0.008816158477203611,0.17387572802431162,2970.6217025876394,0.7510048743983414,0.028284322159206815,0.008299580320649678,0.0930515975767781
2020-12-16,21310.59765625,21458.908203125,19298.31640625,19418.818359375,44409011479,65.8878288833991,703.9730489734502,652.7031479290247,20612.471883203456,17146.396866796546,0.0930515975767781,0.507207699758959,3466.0750164069104,1.20141681000576,0.03303394209439209,0.019789088398821042,0.06778242711074886
2020-12-17,22805.162109375,23642.66015625,21234.67578125,21308.3515625,71378606374,71.29396106280225,936.4369251974786,709.4499033827154,21454.68121992697,16873.863506635527,0.06778242711074886,0.4745557837479983,4580.8177132914425,1.2948121872495069,0.04106249807417583,0.03171438373190026,0.014487680725324005
2020-12-18,23137.9609375,23238.6015625,22399.8125,22806.796875,40387896275,79.68227180103455,1134.4431515459546,794.4485530153634,22231.765747232283,16638.833666830214,0.014487680725324005,-0.5694680509056242,5592.932080402068,1.1620250661440912,0.049029521426295936,0.03540510333982532,0.031140804146840156
2020-12-19,23869.83203125,24085.85546875,22826.47265625,23132.865234375,38487546580,80.40919615741926,1335.030987057773,902.5650398238454,23079.393628784903,16360.4405509026,0.031140804146840156,-0.04819541941248724,6718.953077882303,1.1176430901215806,0.05592963475025597,0.03408058160030832,-0.016581622945616773
2020-12-20,23477.294921875,24209.66015625,23147.7109375,23861.765625,37844228422,75.97144663429964,1445.6591686960055,1011.1838655982774,23667.521541307637,16157.458536817367,-0.016581622945616773,-0.01685624080482088,7510.06300449027,0.9746704362773155,0.06157690541038485,0.029161272632750927,-0.02913807693232698
2020-12-21,22803.08203125,24059.982421875,22159.3671875,23474.455078125,45852713981,71.30411539086363,1462.075557124008,1101.3622039034235,24040.819407291336,16184.169069271167,-0.02913807693232698,0.19195590684884778,7856.650338020168,0.8424599132212264,0.06411745373368115,0.024222709736992993,0.04207656794577848
2020-12-22,23783.029296875,23789.90234375,22430.60546875,22794.0390625,44171632681,81.80911516610783,1536.4480016445377,1188.3793634516464,24569.1504228964,16114.031803666101,0.04207656794577848,-0.03735160105912597,8455.1186192303,0.9070242344992824,0.06460270398970669,0.02897419680393226,-0.023039436663009637
2020-12-23,23241.345703125,24024.490234375,22802.646484375,23781.974609375,51146161904,76.35069079372106,1533.996405096299,1257.502771780577,24927.036533436258,16135.740419688744,-0.023039436663009637,0.1466046649944961,8791.296113747514,0.8082545726475936,0.06600290812291648,0.012389763341105439,0.021057908650393337
2020-12-24,23735.94921875,23768.337890625,22777.59765625,23240.203125,41080759713,80.0602034684066,1554.0497491599672,1316.812167256455,25312.038306315826,16254.357006184171,0.021057908650393337,-0.21914757510251404,9057.681300131655,0.8259941992501167,0.06547240790068591,0.005714832132483221,0.03838601817057906
2020-12-25,24664.791015625,24710.1015625,23463.673828125,23733.5703125,42068395846,83.62543122732018,1626.1467318761206,1378.6790801803882,25834.085858327882,16283.36550885962,0.03838601817057906,0.023756887893727596,9550.720349468262,0.8775699842610447,0.06592988081050297,0.009128880338948228,0.06938918605018134
2020-12-26,26437.037109375,26718.0703125,24522.689453125,24677.015625,48332647295,85.17606614336114,1805.477141974232,1464.0386925391572,26680.78541538425,16145.85755336575,0.06938918605018134,0.13881049347160926,10534.9278620185,0.9768628405241377,0.06829347534311932,0.014592934896568396,-0.006250988870123867
2020-12-27,26272.294921875,28288.83984375,25922.76953125,26439.373046875,66479895605,83.39142010962915,1912.2611105186297,1553.6831761350518,27348.54981910728,16186.159555892718,-0.006250988870123867,0.31879232046887973,11162.390263214562,0.9035820400600075,0.07278622275690241,0.016068739764495955,0.030458043294241247
2020-12-28,27084.80859375,27389.111328125,26207.640625,26280.822265625,49056742893,84.42467084540542,2038.9475199777044,1650.7360449035823,28018.773640100408,16392.302141149594,0.030458043294241247,-0.3039219338748589,11626.471498950814,0.919669089075253,0.07528011552749925,0.024582471225434274,0.010198176486275929
2020-12-29,27362.4375,27370.720703125,25987.298828125,27081.810546875,45265946774,84.56996099600987,2137.1144199672635,1748.0117199163187,28626.632659216844,16665.29527047066,0.010198176486275929,-0.0804226233917804,11961.337388746186,0.8943098820699468,0.07810394888859092,0.020028415302648196,0.05262518188935121
2020-12-30,28840.953125,28937.740234375,27360.08984375,27360.08984375,51287442704,83.99185086102347,2307.6154949452102,1859.9324749220973,29390.062658963638,16959.461364473864,0.05262518188935121,0.12489091765695862,12430.601294489774,0.9558259877413973,0.0800117626121349,0.030837646524414033,0.005558802229052879
2020-12-31,29001.720703125,29244.876953125,28201.9921875,28841.57421875,46754964848,81.80034760853746,2427.7261098359595,1973.49120190487,29967.516131014723,17476.289533047777,0.005558802229052879,-0.09252549056127896,12491.226597966946,0.9226820984860016,0.08370972656027154,0.028623488464222534,0.012759952848226697
2021-01-01,29374.15234375,29600.626953125,28803.5859375,28994.009765625,40730301359,81.87408134148401,2523.873120072749,2083.567585538446,30532.541122007962,17968.314151429535,0.012759952848226697,-0.13794812947588275,12564.226970578427,0.9078026223999723,0.08592156432421304,0.024962621989600774,0.08959001114880642
2021-01-02,32127.267578125,33155.1171875,29091.181640625,29376.455078125,67865420765,84.9779078119625,2790.0616155067255,2224.866391532102,31627.158864441175,18172.184885558825,0.08959001114880642,0.5105543171829623,13454.97397888235,1.0371690584067803,0.08684403703869416,0.02784845414654721,0.020175172403393154
2021-01-03,32782.0234375,34608.55859375,32052.31640625,32129.408203125,78665235202,88.55761643110527,3019.0495181985098,2383.7030168653837,32625.06979586287,18527.811844762127,0.020175172403393154,0.14767468184701615,14097.257951100743,1.011133629119971,0.09209466657707772,0.03162362004276393,-0.02502246735581663
2021-01-04,31971.9140625,33440.21875,28722.755859375,32810.94921875,81163475344,87.5713219666375,3099.4267622653097,2526.847765945369,33178.99706003898,19229.368369648528,-0.02502246735581663,0.03126401533062432,13949.628690390451,0.9134684496389913,0.0969421710632158,0.023697832807041377,0.06128001171320478
2021-01-05,33992.4296875,34437.58984375,30221.1875,31977.041015625,67547324782,88.5479440336453,3288.2600174485233,2679.1302162459997,34233.09953351692,19443.44909929558,0.06128001171320478,-0.1836368748391676,14789.650434221341,0.9837271443913896,0.09673506859257289,0.030995237839459785,0.08002182823088061
2021-01-06,36824.36328125,36879.69921875,33514.03515625,34013.61328125,75289433811,93.72388404367645,3624.6424839174433,2868.2326697802887,35916.84135180454,19161.62739819546,0.08002182823088061,0.10851134362619107,16755.213953609084,1.0541635536231946,0.09843055414791153,0.03490904445967827,0.06687092425852742
2021-01-07,39371.04296875,40180.3671875,36491.19140625,36833.875,84762141031,94.45628192677091,4050.037468513692,3104.5936295269694,37984.385494128466,18717.39145899654,0.06687092425852742,0.11850918927836235,19266.994035131927,1.071970618358629,0.10286843230768183,0.043667919035317485,0.0355928898794487
2021-01-08,40797.609375,41946.73828125,36838.63671875,39381.765625,88107519480,94.60887374948032,4450.970033370999,3373.8689102957755,40068.134277075456,18326.420410424544,0.0355928898794487,0.03870888794254129,21741.713866650913,1.0335518672721764,0.10909879528623725,0.04692976718263492,-0.01340052262051337
2021-01-09,40254.546875,41436.3515625,38980.875,40788.640625,61984162837,90.99339209626616,4671.046458448709,3633.3044199263622,41614.7497219061,18457.530160906404,-0.01340052262051337,-0.3516789666434295,23157.219560999692,0.9412622554567031,0.11603773538808984,0.032216833787017805,-0.04830048595686678
2021-01-10,38356.44140625,41420.19140625,35984.62890625,40254.21875,79980747690,82.50750731028181,4638.823888470284,3834.4083136351464,42436.10871937619,19191.50710093631,-0.04830048595686678,0.25490703753477434,23244.601618439883,0.8244896866767281,0.12093989219016574,0.022434596878409242,-0.07551390060372581
2021-01-11,35566.65625,38346.53125,30549.599609375,38346.53125,123320567399,70.62307657677252,4338.167231282401,3935.1600971645976,42715.16190686194,20090.81660876306,-0.07551390060372581,0.43300125220011476,22624.34529809888,0.6840348057513376,0.12197287259137275,0.015221534985850787,-0.0473164778588287
2021-01-12,33922.9609375,36568.52734375,32697.9765625,35516.359375,74773277909,64.95784713105775,3922.0512244396705,3932.5383226196127,42617.77494650295,21256.365092559547,-0.0473164778588287,-0.5003266300906418,21361.4098539434,0.5929662850695014,0.11561641779046636,-0.00029224923872542475,0.09533972073625589
2021-01-13,37316.359375,37599.9609375,32584.66796875,33915.12109375,69364315979,67.7719312615697,3822.037120366993,3910.438082169089,42817.48278352425,22414.69827116325,0.09533972073625589,-0.07508801764609102,20402.784512360995,0.7303738906230113,0.10242256169629337,0.00189602111918533,0.048921612778852486
2021-01-14,39187.328125,39966.40625,36868.5625,37325.109375,63615990033,69.92869962549554,3849.3735816164153,3898.2251820585543,43222.95584089948,23461.478924725525,0.048921612778852486,-0.08650770194079796,19761.476916173953,0.7957830918701588,0.09823005971056914,-0.0006681662350539463,-0.06216649897230796
2021-01-15,36825.3671875,39577.7109375,34659.58984375,39156.70703125,67760757881,63.5257013789116,3638.5049954828683,3846.281144743417,43296.09102535839,24427.17674807911,-0.06216649897230796,0.06311838070610831,18868.914277279284,0.6570696255878021,0.09880431000068676,-0.014633793213876325,-0.017731847143619858
2021-01-16,36178.140625,37864.3671875,35633.5546875,36821.6484375,57706187875,57.96200849051802,3380.1995113841294,3753.06481807156,43130.745009391845,25583.107334358152,-0.017731847143619858,-0.16061882510072342,17547.637675033693,0.6037868735867263,0.09343209609419029,-0.015252553860034395,-0.010750872199338055
2021-01-17,35791.27734375,36722.3515625,34069.3203125,36163.6484375,52359854336,55.97765149851569,3108.441739168491,3624.140202290946,42884.32565591108,26700.17356283892,-0.010750872199338055,-0.09722425089820073,16184.15209307216,0.5617287658092439,0.08684914230118412,-0.009888323323244578,0.02316538885922865
2021-01-18,36630.07421875,37299.28515625,34883.84375,35792.23828125,49511702429,59.24254315590536,2927.0148394078715,3484.715129714331,42581.41987890799,27929.843011717014,0.02316538885922865,-0.05593110472622428,14651.576867190975,0.5938085221744747,0.07990742311708468,0.0042087180286060595,-0.015413522880192659
2021-01-19,36069.8046875,37755.890625,36069.8046875,36642.234375,57244195486,54.37538997812174,2706.8210967674167,3329.1363231249484,42294.94087785221,28939.207169022786,-0.015413522880192659,0.14511719406268328,13355.733708829426,0.5338978504612344,0.07504396323236721,0.008766283025554066,-0.014579216975338103
2021-01-20,35547.75,36378.328125,33570.4765625,36050.11328125,66834573161,47.02135552098229,2461.812279493359,3155.6715143986307,41854.58847731907,30034.16249924343,-0.014579216975338103,0.15489426054053407,11820.42597807564,0.46644575339185135,0.06925367370630656,-0.006936422361816505,-0.14252813081835994
2021-01-21,30825.69921875,35552.6796875,30250.75,35549.3984375,75643067688,31.899143282203866,1865.1111520194536,2897.5594419227955,41614.84902805311,30419.05663600939,-0.14252813081835994,0.12380529044918664,11195.79239204372,0.03632101851312936,0.06050507204342614,-0.034286385732846855,0.06833341147530216
2021-01-22,33005.76171875,33811.8515625,28953.373046875,30817.625,77207272511,34.00576516764289,1550.263560385829,2628.1002656154023,41542.85051467349,30578.904563451513,0.06833341147530216,0.020467856711182012,10963.945951221976,0.22134887987365373,0.04696948289198704,-0.01564354138318826,-0.028834641394269323
2021-01-23,32067.642578125,33360.9765625,31493.16015625,32985.7578125,48354737975,33.46304269488695,1211.0855607325866,2344.6973246388393,41605.51230177238,30444.804690415112,-0.028834641394269323,-0.46792944572776557,11160.70761135727,0.14540636169505264,0.03776659159718622,-0.017229654847566757,0.006890847351743181
2021-01-24,32289.37890625,32944.0078125,31106.685546875,32064.376953125,48643830599,36.85473505888661,949.2346349204163,2065.604786695155,41574.44936199847,30507.61411456403,0.006890847351743181,0.005960778271798161,11066.835247434443,0.16100039007076264,0.02939773594519901,-0.014709409197412293,0.0023822686367903426
2021-01-25,32366.392578125,34802.7421875,32087.787109375,32285.798828125,59897054838,42.14243370173191,739.4068277251718,1800.3651949011585,41664.99758912966,30254.462176495337,0.0023822686367903426,0.20810234728439858,11410.535412634326,0.18508600387770066,0.02284489462149402,-0.01767842637204634,0.006266383460683916
2021-01-26,32569.849609375,32794.55078125,31030.265625,32358.61328125,60255421470,46.42487617757605,582.8157239799039,1556.8553007169078,41630.99731397517,29863.011084462323,0.006266383460683916,0.00596521529445772,11767.986229512844,0.2300171390517085,0.017894332671777043,-0.014581296894778255,-0.06787434522440919
2021-01-27,30432.546875,32564.029296875,29367.138671875,32564.029296875,62576762015,30.518852844298607,282.9915274318482,1302.0825460598958,41379.66551541424,29220.49327364825,-0.06787434522440919,0.03780144414414629,12159.172241765991,0.09968224622958469,0.009298976145316402,-0.022194886644645553,0.0950202595471698
2021-01-28,33466.09765625,33858.3125,30023.20703125,30441.041015625,76517157706,34.808578767908315,286.85421037929336,1099.0368789237755,40477.95755857424,29389.050058613255,0.0950202595471698,0.2011210040519582,11088.907499960987,0.3676690059548897,0.008571486682604644,0.011740597693287266,0.025090070847817985
2021-01-29,34316.38671875,38406.26171875,32064.814453125,34318.671875,117894572511,42.756479988884905,354.44086200046877,950.1176755391141,39585.255203890425,29687.936397672078,0.025090070847817985,0.4322757723785483,9897.318806218347,0.4676468861616808,0.010328618362573911,0.005562977603646671,-0.0013665573129015413
2021-01-30,34269.5234375,34834.70703125,32940.1875,34295.93359375,65141828798,44.291876620066084,399.6157733190412,840.0172950950996,39061.36116944242,29803.138635245083,-0.0013665573129015413,-0.5932238974629043,9258.222534197335,0.48242357382929973,0.011660966749299902,0.00948698961527064,-0.034289423389572346
2021-01-31,33114.359375,34288.33203125,32270.17578125,34270.87890625,52754542671,42.34585912577015,338.30535670745303,739.6749074175704,38942.139383411384,29677.13073377611,-0.034289423389572346,-0.21091698870475545,9265.008649635274,0.37099033268132225,0.010216273637558572,0.0036040937950827076,0.0126875420679964
2021-02-01,33537.17578125,34638.21484375,32384.228515625,33114.578125,61400400660,40.94094155939253,320.14374240541656,655.7686744151396,38932.831352549685,29647.860249012818,0.0126875420679964,0.15176647490486947,9284.971103536867,0.4188828903037975,0.009545936261705223,0.005076275713826429,0.057167938879420434
2021-02-02,35510.2890625,35896.8828125,33489.21875,33533.19921875,63088585433,48.4864533581301,459.6655457453453,616.5480486811807,38661.422797935265,29738.66177237723,0.057167938879420434,0.027123496178528706,8922.761025558037,0.6468431994973397,0.012944573470982155,0.012347926487931647,0.053773897801538996
2021-02-03,37472.08984375,37480.1875,35443.984375,35510.8203125,61166818159,54.8293605862314,720.2360745501865,637.2856538549819,38224.08314362857,30004.47759855893,0.053773897801538996,-0.030935001180156487,8219.605545069644,0.9085122399419094,0.01922060065380408,0.029726246920209955,-0.01467867670382311
2021-02-04,36926.06640625,38592.17578125,36317.5,37475.10546875,68838074392,69.36955016133706,872.6215300291951,684.3528290898246,38243.325041631484,29995.30562243101,-0.01467867670382311,0.11815214318931358,8248.019419200475,0.840293945924049,0.023631586436228088,0.014054970312925257,0.03245885330843299
2021-02-05,38144.30859375,38225.90625,36658.76171875,36931.546875,58598066402,67.37698958491299,1079.2491522132696,763.3320937145136,38631.809826968194,29803.437633969315,0.03245885330843299,-0.16105529924099066,8828.372192998879,0.9447801675595712,0.028293844927368958,0.015107653521584542,0.02898274128113115
2021-02-06,39266.01171875,40846.546875,38138.38671875,38138.38671875,71326033653,74.04413291098693,1318.3183459220163,874.3293441560141,39310.925714261066,29471.79518417644,0.02898274128113115,0.19655968966451146,9839.130530084625,0.9954351662095822,0.03357403230469937,0.019443267606446355,-0.009276588183404773
2021-02-07,38903.44140625,39621.8359375,37446.15234375,39250.19140625,65500641143,71.88650505398334,1461.6767109824577,991.7988175213029,39737.49238632313,29272.56523086437,-0.009276588183404773,-0.08520145811413128,10464.927155458761,0.9203003549203885,0.037571912873179215,0.023016529778756012,0.17182056188812328
2021-02-08,46196.46484375,46203.9296875,38076.32421875,38886.828125,101467222687,80.97312969414142,2139.1168813462573,1221.262430286294,42397.87010631443,27624.85352649807,0.17182056188812328,0.43767588610081626,14773.016579816362,1.2571306081537972,0.046304774371402194,0.04574981832448842,0.0061426193854515
2021-02-09,46481.10546875,48003.72265625,45166.9609375,46184.9921875,91809846886,81.04206630204202,2668.20382386665,1510.6507090023651,44554.55279526353,26561.506384423963,0.0061426193854515,-0.10001626070947336,17993.046410839568,1.10707206714727,0.05740405261360504,0.03846048696820714,-0.03420320342962812
2021-02-10,44918.18359375,47145.56640625,43881.15234375,46469.76171875,87301089896,83.17414173857797,2927.646221010924,1794.049811404077,45884.34441312785,26640.963204059648,-0.03420320342962812,-0.050356609169501444,19243.381209068204,0.9497925645767745,0.06517730653334526,0.025892329649468988,0.06446761605839371
2021-02-11,47909.33203125,48463.46875,44187.76171875,44898.7109375,81388911810,83.14139986899286,3336.159698448624,2102.4717888129862,47804.24854305126,26211.416105386234,0.06446761605839371,-0.07012390207835267,21592.832437665027,1.0048665911941423,0.0696348614560632,0.03719894290121424,-0.008478464657924508
2021-02-12,47504.8515625,48745.734375,46424.9765625,47877.03515625,76555041196,80.89427628406379,3585.9349530827385,2399.1644216669365,49273.754692614035,26285.630854260962,-0.008478464657924508,-0.061229070299704855,22988.123838353073,0.9230514354910624,0.07548565746731963,0.03135075462030603,-0.008441745251820123
2021-02-13,47105.515625,48047.74609375,46392.28125,47491.203125,70250456155,79.58012958310019,3708.906602547271,2661.1128578430034,50427.06977523336,26613.929443516645,-0.008441745251820123,-0.08594317337744964,23813.140331716713,0.8605159124766824,0.07873614274967977,0.026004399401312994,0.033643879906238475
2021-02-14,48717.2890625,49487.640625,47114.5078125,47114.5078125,71248675228,85.21534669177547,3891.559689278205,2907.202224130044,51702.03589693138,26974.052970256118,0.033643879906238475,0.01410942418229222,24727.982926675264,0.8792967933016295,0.07988046470085139,0.032135894842690596,-0.015978235928812496
2021-02-15,47945.05859375,48875.5703125,46347.4765625,48696.53515625,77069903166,82.01323781369504,3928.7132703861644,3111.5044333812684,52610.082198948425,27603.52756667658,-0.015978235928812496,0.07853661766224268,25006.554632271844,0.813447966991068,0.0819419849639792,0.0053074951545569165,0.0258352607407487
2021-02-16,49199.87109375,50341.1015625,47201.3046875,47944.45703125,77049582886,81.42016555837174,4013.1495431016665,3291.8334553253485,53306.00900199421,28784.3331855058,0.0258352607407487,-0.0002636951450888603,24521.67581648841,0.8325506813248029,0.08156829385700298,0.008120729633885087,0.058214152169521576
2021-02-17,52149.0078125,52533.9140625,49072.37890625,49207.27734375,80820545404,82.22573835138789,4268.828189681037,3487.2324021964864,54648.873762588904,29309.759440536098,0.058214152169521576,0.04778205980484307,25339.114322052807,0.9013435940058033,0.08185828204113614,0.021323209005192186,-0.009038226589304246
2021-02-18,51679.796875,52474.10546875,51015.765625,52140.97265625,52054723579,82.50403314710776,4383.068670594432,3666.399655876076,55684.632194119375,30010.34202463062,-0.009038226589304246,-0.43993566626598773,25674.290169488755,0.8440137860605956,0.08481203363078102,0.010822374341235336,0.07828513543693166
2021-02-19,55888.1328125,56113.65234375,50937.27734375,51675.98046875,63495496918,84.54078303165277,4758.331530477073,3884.7860307962756,57351.66655486738,30505.168601382622,0.07828513543693166,0.19867344696623226,26846.497953484755,0.9454851152316367,0.08514028454736315,0.023217174354786214,0.0037751835203801024
2021-02-20,56099.51953125,57505.2265625,54626.55859375,55887.3359375,68145460026,83.97275984713679,5014.977651476547,4110.824354932331,58538.325063875134,31617.026107999864,0.0037751835203801024,0.070675549843149,26921.29895587527,0.9094098120368073,0.08939430664255467,0.024962449893671964,0.02535215971053203
2021-02-21,57539.9453125,58330.5703125,55672.609375,56068.56640625,51897585191,86.04340398103268,5273.808690063306,4343.421221958526,59686.11105773966,32869.51706726034,0.02535215971053203,-0.2723722775724415,26816.59399047932,0.9199687422644899,0.091654739354047,0.02377791843714247,-0.05966344725525414
2021-02-22,54207.3203125,57533.390625,48967.56640625,57532.73828125,92052420332,68.29591945430711,5150.645729525138,4504.866123471849,60055.23513629916,34370.09611370084,-0.05966344725525414,0.5730859400222766,25685.13902259832,0.7723230223260689,0.09501753083960174,0.017537173961936523,-0.10458524450100902
2021-02-23,48824.42578125,54204.9296875,45290.58984375,54204.9296875,106102492824,54.340974270090534,4566.049023140251,4517.10270340553,59786.42328955052,35774.14155419949,-0.10458524450100902,0.14204733938644606,24012.281735351033,0.5434837209925477,0.09351976905161569,-0.0010943267868860093,0.017881495738120444
2021-02-24,49705.33203125,51290.13671875,47213.5,48835.0859375,63695521388,59.09803196066891,4126.268637532259,4438.935890230876,59300.6791151609,37537.8122910891,0.017881495738120444,-0.5102912881606341,21762.866824071796,0.5590954463178494,0.08301460766700146,-0.006856134848514742,-0.053969759252051705
2021-02-25,47093.8515625,51948.96875,47093.8515625,49709.08203125,54506565949,48.4274762561818,3526.3651226680886,4256.421736718318,58649.67459949872,39083.771103626284,-0.053969759252051705,-0.1557930816847392,19565.903495872437,0.4093897560397908,0.07487952260579321,-0.013274925228907235,-0.016142075456887308
2021-02-26,46339.76171875,48370.78515625,44454.84375,47180.46484375,350967941479,47.78320026673275,2956.0134340546356,3996.340076185582,58002.13982568918,40438.68087743583,-0.016142075456887308,1.8623737139359506,17563.45894825335,0.3359862575304784,0.06379000073404721,-0.026764526785167088,-0.0032705424799890207
2021-02-27,46188.453125,48253.26953125,45269.02734375,46344.7734375,45910946382,48.238492592406956,2463.3997339694033,3689.7520077423464,57073.79012955437,42095.53174544562,-0.0032705424799890207,-2.0339913125750644,14978.258384108747,0.27325749593801285,0.053333670372174936,-0.02777105907093411,-0.02301047656676125
2021-02-28,45137.76953125,46716.4296875,43241.6171875,46194.015625,53443887451,42.97293686895139,1965.5606824471251,3344.9137426833026,57135.775576233274,41927.67676751673,-0.02301047656676125,0.1519286988986132,15208.098808716546,0.2110778476723988,0.04354580881729919,-0.03468000711054743,0.09490116032713884
2021-03-01,49631.2421875,49784.015625,45115.09375,45159.50390625,53891300112,52.888213673066865,1911.5699487621823,3058.2449838990788,57156.493388678144,42221.97262694686,0.09490116032713884,0.008336786146184876,14934.520761731284,0.49611699489804884,0.03851545648485956,-0.012599348884491293,-0.025554925208490772
2021-03-02,48378.98828125,50127.51171875,47228.84375,49612.10546875,47530897720,48.59381101798645,1747.5903449633042,2796.114056111924,57017.9094286547,42706.6370557203,-0.025554925208490772,-0.1255890790595926,14311.2723729344,0.39635547963274775,0.03612292044644946,-0.0013093032712743996,0.043664727693901485
2021-03-03,50538.2421875,52535.13671875,48274.3203125,48415.81640625,53220811975,47.16397807309299,1771.4489117737103,2591.1810272442817,57094.67880471005,42892.75869528995,0.043664727693901485,0.1130695444983661,14201.920109420098,0.5383415364474752,0.035051652671288513,0.0023740155795514634,-0.0399061221991278
2021-03-04,48561.16796875,51735.08984375,47656.9296875,50522.3046875,52343816680,44.7859811637562,1612.2387468186425,2395.392571159154,57084.98852307696,43008.08061754804,-0.0399061221991278,-0.016615707040234594,14076.907905528918,0.394482040265427,0.03320016412818052,0.004383106587112022,0.007511420176535919
2021-03-05,48927.3046875,49396.4296875,46542.515625,48527.03125,48625928883,36.6466578202507,1498.3358344969383,2215.9812238267114,57062.04836263617,43213.19968423883,0.007511420176535919,-0.07367691059675759,13848.848678397335,0.41260505735571534,0.030623715000588102,0.007762177391886768,-0.0003050270395783075
2021-03-06,48912.3828125,49147.21875,47257.52734375,48899.23046875,34363564661,36.107801060300176,1390.8302597776856,2050.951031016906,57063.92349153069,43230.833930344306,-0.0003050270395783075,-0.3471600685140543,13833.089561186382,0.4107216147936232,0.028435136049480017,0.008185822454802583,0.0458396233606819
2021-03-07,51206.69140625,51384.3671875,48918.6796875,48918.6796875,43137459378,38.14947663836393,1473.7740960685478,1935.5156440272347,57161.8655496064,43459.055153518595,0.0458396233606819,0.2273949105028266,13702.810396087807,0.565404908101393,0.028780888895482658,0.01802155101586589,0.020103136515502152
2021-03-08,52246.5234375,52314.0703125,49506.0546875,51174.1171875,48597428048,45.98668058050512,1604.9130005435145,1869.3951153304906,57345.634409072474,43579.951528427526,0.020103136515502152,0.11917886194583592,13765.682880644948,0.6295780590193139,0.030718082179446726,0.007336119042774934,0.048156840253235314
2021-03-09,54824.1171875,54824.1171875,51981.83203125,52272.96875,50912227385,63.87319894305355,1894.9875638724188,1874.5136050388764,57717.225117693706,43475.8717573063,0.048156840253235314,0.04653250969821406,14241.35336038741,0.7968516153639066,0.03456485322675619,0.017866371251592943,0.021374179798027783
2021-03-10,56008.55078125,57258.25390625,53290.890625,54824.01171875,57295577614,64.37329243977487,2195.143390895093,1938.63956221012,58324.71183678498,43301.26042884001,0.021374179798027783,0.11812032284959768,15023.451407944973,0.845830296072249,0.039193004644390156,0.014682007266468134,0.031573000390297756
2021-03-11,57805.12109375,58091.0625,54484.59375,55963.1796875,56772343595,75.3678079359367,2548.608483822878,2060.6333465326716,58735.5469593027,43082.1241344473,0.031573000390297756,-0.009174142620940419,15653.422824855399,0.9405608679990258,0.04408966602958018,0.024893310493528924,-0.008216872853115568
2021-03-12,57332.08984375,57996.62109375,55376.6484375,57821.21875,55689944702,76.38470089470557,2758.7611665005097,2200.258910526239,58986.392138152834,42954.53598684717,-0.008216872853115568,-0.019249693969868018,16031.856151305663,0.8968115557680448,0.04811897096406391,0.022646411489293,0.06599046126171279
2021-03-13,61243.0859375,61683.86328125,56217.97265625,57343.37109375,60669829814,80.61059057209448,3203.960122897508,2400.999153000493,59944.30703360756,42366.93515389244,0.06599046126171279,0.08564693220061281,17577.371879715123,1.0738892544789473,0.052315458534653594,0.03211719553233459,-0.03220259265928875
2021-03-14,59302.31640625,61597.91796875,59302.31640625,61221.1328125,43901225564,77.7947143098485,3361.4311361242435,2593.0855496252434,60843.26496506593,41977.476831809065,-0.03220259265928875,-0.3235042999738155,18865.788133256865,0.9183204778972132,0.05668296518295827,0.020968307529481638,-0.05895520841682183
2021-03-15,55907.19921875,60540.9921875,55393.1640625,59267.4296875,66419369890,62.86990735304037,3175.6633949358,2709.6011186873548,61319.65311279673,42209.36602782826,-0.05895520841682183,0.41404649228577517,19110.28708496847,0.7167779913518563,0.056802405402393244,0.00967425825343535,0.015929471547609108
2021-03-16,56804.90234375,56833.1796875,53555.02734375,55840.78515625,59749798599,67.53371997407945,3065.5406174242235,2780.789018434729,61877.872343914205,42361.10382796079,0.015929471547609108,-0.10582290907471678,19516.768515953416,0.7400712112756682,0.05396612776258935,0.005070348438345894,0.03572418708035779
2021-03-17,58870.89453125,58969.81640625,54528.62890625,56825.828125,60258313191,67.40721373632803,3109.1356458134396,2846.4583439104713,62610.103291312895,42806.5771774371,0.03572418708035779,0.00847472104859121,19803.526113875792,0.8111846981915133,0.05281278075642354,0.007120349478678753,-0.017339151916613386
2021-03-18,57858.921875,60116.25,54253.578125,58893.078125,55746041000,70.2394543278662,3027.1323861233614,2882.5931523530494,62963.88584390257,43604.710640472425,-0.017339151916613386,-0.07783414676075813,19359.175203430146,0.7363026102476314,0.052319197939139986,0.00013289914912001773,0.008394319050580128
2021-03-19,58346.65234375,59498.375,56643.703125,57850.44140625,49063873786,70.39616909273087,2967.2948566810155,2899.5334932186424,63216.01810174831,44568.398304501694,0.008394319050580128,-0.12768339848136676,18647.619797246618,0.7388746761815667,0.05085630001870823,0.0025059265639336887,-0.0005658791253751102
2021-03-20,58313.64453125,60031.28515625,58213.296875,58332.26171875,50361731222,70.3410746496022,2883.965173566008,2896.4198292881156,63100.08643492064,46001.91747132936,-0.0005658791253751102,0.026108589627033406,17098.168963591277,0.7200611414085581,0.04945609551158314,-0.007002122062793154,-0.013643904139846409
2021-03-21,57523.421875,58767.8984375,56005.6171875,58309.9140625,51943414539,64.61869581890599,2722.7749800449383,2861.69085943948,63264.00444440521,46627.21743059479,-0.013643904139846409,0.03092335862787383,16636.78701381042,0.6549464410020678,0.04733332773494602,-0.004350880845729962,-0.05345688104443306
2021-03-22,54529.14453125,58471.48046875,54288.15625,57517.890625,56521454974,54.84439194715622,2326.597861060691,2754.672259763722,62983.320968471206,47522.9165315288,-0.05345688104443306,0.08446535598548496,15460.404436942408,0.4531723622300249,0.04266705229030955,-0.0035654055068172806,0.0038401154329438564
2021-03-23,54738.9453125,55985.44140625,53470.6953125,54511.66015625,56435023914,49.799043549043546,2006.4249912888554,2605.0228060687487,62875.705751737216,48050.60206076279,0.0038401154329438564,-0.001530342973133877,14825.103690974429,0.4511498463116077,0.03665443277787588,-0.005292456380340887,-0.036551757777657644
2021-03-24,52774.265625,57262.3828125,52514.33203125,54710.48828125,70567223787,42.63994144501874,1575.98547447288,2399.215339749575,62474.7118840347,48872.9056940903,-0.036551757777657644,0.22347582724031612,13601.8061899444,0.2868266079098836,0.029862764660173895,-0.015617591360057378,-0.020485432915556448
2021-03-25,51704.16015625,53392.38671875,50856.5703125,52726.74609375,67999812841,35.64169386617401,1135.4220495518384,2146.4566817100276,62129.8059880153,49495.497136984704,-0.020485432915556448,-0.037060831557862654,12634.308851030597,0.17481470852954153,0.021959974712297665,-0.016067060074192098,0.06428841931989358
2021-03-26,55137.3125,55137.3125,51579.85546875,51683.01171875,56652197978,45.466371559311014,1051.181695060397,1927.4016843801016,61561.78611828232,50686.009975467685,0.06428841931989358,-0.18257416685413472,10875.776142814633,0.4092859641537193,0.019064797455632193,-0.008082188607147323,0.015051908974823298
2021-03-27,55973.51171875,56568.21484375,54242.91015625,55137.56640625,47266542233,37.53101738119485,1039.9074895322265,1749.9028454105269,61286.25203488401,51438.22609011598,0.015051908974823298,-0.18112809314164918,9848.02594476803,0.4605273842767466,0.018578564353036266,-0.0058510760214046924,-0.0004068041327035923
2021-03-28,55950.74609375,56610.3125,55071.11328125,55974.94140625,47686580918,41.27773379380285,1017.4075636679117,1603.4037890620039,61082.97525413161,52011.92513649339,-0.0004068041327035923,0.00884734300361096,9071.050117638224,0.4342188507587813,0.018183985642714454,-0.0039600617346700045,0.03165502939331705
2021-03-29,57750.19921875,58342.09765625,55139.33984375,55947.8984375,57625587027,55.23072447520691,1131.731146666898,1509.0692605829827,61183.76242395638,52203.746169793616,0.03165502939331705,0.18931665244253731,8980.016254162765,0.6176439877137927,0.019597008529443377,0.00819878261358001,0.020014609919984168
2021-03-30,58917.69140625,59447.22265625,57251.55078125,57750.1328125,54414116432,55.905983663803326,1301.5369642966762,1467.5628013257215,61423.25824417955,52255.164412070444,0.020014609919984168,-0.057343074849803194,9168.093832109109,0.7267079849079296,0.022090766512256943,0.010509424683157197,1.935944759335448e-05
2021-03-31,58918.83203125,59930.02734375,57726.41796875,58930.27734375,65520826225,50.15149001390468,1419.834370253935,1458.0171151113643,61554.77900817665,52235.01474182335,1.935944759335448e-05,0.18574443630233312,9319.764266353304,0.7171659173350767,0.024098141821631294,0.015733870001050195,0.0029992328786879927
2021-04-01,59095.80859375,59586.0703125,58505.27734375,58926.5625,61669163792,54.12653098139977,1510.4548628671328,1468.504664662518,61743.472482796715,52222.69314220328,0.0029992328786879927,-0.060584020222295365,9520.779340593435,0.7219068109520531,0.0255594245820486,0.01908882225737083,0.004870090844088338
2021-04-02,59384.3125,60267.1875,58869.28125,59098.87890625,58727860620,53.50850615386281,1587.255220109757,1492.254775751966,61364.32144376296,52415.966837487045,0.004870090844088338,-0.04886978802328111,8948.354606275912,0.7787292713707321,0.02672852733808709,0.01060048961797008,-0.030439981167968613
2021-04-03,57603.890625,60110.26953125,57603.890625,59397.41015625,59641344484,47.85380801222015,1487.3101057544409,1491.265841752461,61149.20534553668,52461.24035758833,-0.030439981167968613,0.015434791477665504,8687.964987948348,0.5919280607765789,0.02581961200219609,0.004101648168999808,0.019846643132378484
2021-04-04,58758.5546875,58913.74609375,57168.67578125,57604.83984375,50749662970,53.65431848787395,1484.1660797694567,1489.8458893558602,61354.386661291166,52541.19458870884,0.019846643132378484,-0.16144405605444348,8813.19207258233,0.705460637597193,0.025258723392071296,0.006994997778297247,0.005081207326213134
2021-04-05,59057.87890625,59891.296875,57694.82421875,58760.875,60706272115,65.94099435760333,1488.6669534448083,1489.61010217365,61565.73881937341,52555.14008687659,0.005081207326213134,0.17914204554908802,9010.598732496816,0.7216766623865396,0.02520691533483545,0.003198737482996688,-0.01476389754962159
2021-04-06,58192.359375,59479.578125,57646.80859375,59171.93359375,66058027988,61.61952042209501,1406.184120316444,1472.9249058022087,61484.37755889739,52568.64783172761,-0.01476389754962159,0.08448654522168902,8915.729727169775,0.6307629005547432,0.02416441153820194,-0.0017696207269469917,-0.037528870853164246
2021-04-07,56048.9375,58731.14453125,55604.0234375,58186.5078125,75645303584,60.887164222523516,1154.5507069501618,1409.2500660317994,61396.214132247056,52475.81282087794,-0.037528870853164246,0.13552178977586757,8920.401311369118,0.4005564945343532,0.020598975795931222,-0.007133653627055221,0.03978767570422682
2021-04-08,58323.953125,58338.73828125,55879.0859375,56099.9140625,53053855641,70.37605354075542,1125.727476170876,1352.5455480596147,61393.579073646026,52476.17795760398,0.03978767570422682,-0.3547478156643486,8917.401116042049,0.6557712377517092,0.019301289021994357,-0.0018781617948353882,-0.001354549836114697
2021-04-09,58245.00390625,58937.046875,57807.86328125,58326.5625,46655208546,62.05480269870819,1084.018426330469,1298.8401237137857,61385.7819927488,52477.110976001204,-0.001354549836114697,-0.1285229691605772,8908.671016747598,0.6474470680761435,0.018611354685035022,-0.002767396177721536,0.026234198096664975
2021-04-10,59793.234375,61276.6640625,58038.70703125,58253.77734375,58238470525,64.04115814652215,1162.492473947459,1271.5705937605205,61674.97724854563,52414.896970204376,0.026234198096664975,0.2217615693172741,9260.080278341251,0.7967897883188223,0.019441873083110985,0.0053289151457975486,0.006862304387402612
2021-04-11,60204.96484375,60790.5546875,59289.796875,59846.23046875,46280252580,65.20358180685136,1243.571808203531,1265.9708366491227,62005.04824154585,52652.40800845416,0.006862304387402612,-0.22983078199394105,9352.64023309169,0.8075320601526439,0.020655635485062968,0.0034740096108009954,-0.005187618998143358
2021-04-12,59893.453125,61253.03515625,59589.875,60175.9453125,51828688519,58.57102554000743,1268.0738069574,1266.3914307107782,62229.847203644276,52943.05982760572,-0.005187618998143358,0.11322846841032065,9286.787376038556,0.7484174037758948,0.02117216057506118,0.002007034421607211,0.05852714345026763
2021-04-13,63503.45703125,63742.28515625,59869.95703125,59890.01953125,69983454362,65.34171487595745,1560.7970656596299,1325.2725577005485,62902.546398713595,53343.279773161405,0.05852714345026763,0.3003150194833137,9559.26662555219,1.0628615830140242,0.024578143279531426,0.0124771831358771,-0.006219938149170958
2021-04-14,63109.6953125,64863.09765625,61554.796875,63523.75390625,77451779687,63.6616693030016,1740.9405977265124,1408.4061657057414,62940.20850244298,54446.171185057014,-0.006219938149170958,0.10139669727364826,8494.03731738597,1.0199536220201297,0.027585945219762265,0.01694988780787614,0.003232251116976691
2021-04-15,63314.01171875,63821.671875,62208.96484375,63075.1953125,60954381579,63.726326643508536,1878.53765841735,1502.4324642480633,63479.992518150684,54724.05709122431,0.003232251116976691,-0.23952980369490495,8755.935426926371,0.9810436245462433,0.029670172643017568,0.011727684295411838,-0.027886621874568536
2021-04-16,61572.7890625,63594.72265625,60222.53125,63258.50390625,84293007468,56.50631574253176,1826.0328341475833,1567.1525382279674,63631.83926307635,55132.13808067365,-0.027886621874568536,0.3241731719503125,8499.7011824027,0.7577502836405534,0.029656490504174703,0.007937388289918431,-0.014542926101405163
2021-04-17,60683.8203125,62572.17578125,60361.3515625,61529.921875,66138759198,59.6691127778241,1693.1721987892379,1592.3564703402214,63581.418739129345,55655.86602649565,-0.014542926101405163,-0.24254396624055752,7925.5527126336965,0.6343979364352628,0.02790154261992745,0.0021120848330512696,-0.07647243109811933
2021-04-18,56216.18359375,61057.45703125,52829.53515625,60701.88671875,97468872758,43.39287371168818,1213.3910260151679,1516.563381475211,63711.00230343271,55372.880899692296,-0.07647243109811933,0.38777812612555906,8338.121403740413,0.10113821246105914,0.021584372122871575,-0.00979287737916615,-0.008788979117796622
2021-04-19,55724.265625,57520.0546875,54368.59375,56191.5859375,65344865159,41.42245326048392,784.424958374344,1370.1356968550376,63883.38437436419,54881.1562506358,-0.008788979117796622,-0.3998542107448674,9002.22812372839,0.09365563311396283,0.014076900782384136,-0.010307357396259473,0.013347500558966063
2021-04-20,56473.03125,57062.1484375,53448.046875,55681.79296875,67849323955,45.54934560977326,499.13170784806425,1195.934899053643,63943.319879210285,54576.64066766471,0.013347500558966063,0.03761055989149553,9366.679211545576,0.2024613568485996,0.008838408295075612,-0.01676159209501684,-0.04651974554182734
2021-04-21,53906.08984375,56757.97265625,53695.46875,56471.12890625,54926612466,44.572038541297886,65.15298961125518,969.7785171651655,64261.58214033955,53739.40653153545,-0.04651974554182734,-0.21129144697752422,10522.1756088041,0.015841145254700397,0.00120863876048337,-0.022518707436824898,-0.040581883746807136
2021-04-22,51762.2734375,55410.23046875,50583.8125,53857.10546875,74798630778,33.26765731862562,-446.6180042593114,686.4992128802701,64789.18662359784,52449.59814202716,-0.040581883746807136,0.30880160426946823,12339.588481570681,-0.055700780099241405,-0.008628253254729571,-0.028777869560222585,-0.013001302685204313
2021-04-23,51093.65234375,52120.79296875,47714.6640625,51739.80859375,86668667320,32.29639577715777,-895.8258160039477,370.0342071034266,65317.17365067014,51270.58728682986,-0.013001302685204313,0.14729284683657531,14046.58636384028,-0.012596294821874089,-0.01753301584269164,-0.02665139539031341,-0.020620437180110716
2021-04-24,50050.8671875,51167.5625,48805.28515625,51143.2265625,49014494781,25.26313429946171,-1320.7455577155124,31.878254139638784,65782.36713818062,49934.62504931937,-0.020620437180110716,-0.569976360318446,15847.742088861247,0.007334933741906474,-0.026388065420879726,-0.02751961125869992,-0.02113272327896639
2021-04-25,49004.25390625,50506.01953125,47159.484375,50052.83203125,46117114240,22.44852779243621,-1722.0991720027523,-318.91723108883946,66183.36794530404,48528.26174219596,-0.02113272327896639,-0.060931943466006326,17655.10620310808,0.026960594775137566,-0.03514183024390696,-0.019613938713106644,0.09747970680195452
2021-04-26,54021.75390625,54288.00390625,48852.796875,49077.79296875,58284039825,38.27202202104577,-1616.6685373616638,-578.4674923434044,66087.94866253145,48206.620478093544,0.09747970680195452,0.2341441736854681,17881.3281844379,0.32520701863841606,-0.029926250453979147,-0.004432697867427907,0.01854831914865377
2021-04-27,55033.1171875,55416.96484375,53319.1875,54030.3046875,49448222757,31.12184000349633,-1434.964062858111,-749.7668064463458,66074.89156367861,48118.09554569639,0.01854831914865377,-0.16440217922289824,17956.79601798222,0.38509217540135837,-0.02607455539850908,-0.003689723783186808,-0.0037942553737364284
2021-04-28,54824.703125,56227.20703125,53887.91796875,55036.63671875,48000572955,31.381105160827943,-1292.875763741562,-858.3885979053891,65935.52466192609,47907.53744744891,-0.0037942553737364284,-0.029713169821481433,18027.98721447718,0.3836904028862387,-0.02358199297119426,0.002413917669397609,-0.023429673825133245
2021-04-29,53555.109375,55115.84375,52418.02734375,54858.08984375,46088929780,29.0708687802896,-1268.0975292343937,-940.3303841711901,65799.53604375324,47574.53661249678,-0.023429673825133245,-0.040640161157633505,18224.99943125646,0.3281521508442969,-0.023678366901559403,0.004864233372493879,0.07541518772096198
2021-04-30,57750.17578125,57900.71875,53129.6015625,53568.6640625,52395931985,42.58263601799045,-899.5839566377836,-932.1810986645089,65596.01029028099,47573.75650659402,0.07541518772096198,0.12825616819776828,18022.253783686967,0.5646585269965906,-0.01557716395609406,0.017495160573374777,0.0013475723603123622
2021-05-01,57828.05078125,58448.33984375,57052.2734375,57714.6640625,42836427360,44.27859956747325,-594.3985768924322,-864.6245943100937,65337.754158762255,47594.32123186275,0.0013475723603123622,-0.20144010729527348,17743.432926899506,0.5767615315225767,-0.010278724059728437,0.020633447650578073,-0.020916047590224387
2021-05-02,56631.078125,57902.59375,56141.90625,57825.86328125,38177405335,50.956584485522306,-444.0044476544208,-780.5005649789592,65028.05304557596,47577.78484504904,-0.020916047590224387,-0.11514498990374643,17450.268200526916,0.5188053946172055,-0.007840296571334626,0.020664401320398363,0.010001102205402288
2021-05-03,57200.29296875,58973.30859375,56590.87109375,56620.2734375,51713139031,53.391054815545,-275.706957751092,-679.5418435333858,64047.783879440045,47927.737604934955,0.010001102205402288,0.3034680318506563,16120.04627450509,0.5752189048290527,-0.004820027021569939,0.008167457806605185,-0.06999363622377694
2021-05-04,53333.5390625,57214.1796875,53191.42578125,57214.1796875,68564706967,43.69111941713796,-449.1669914279555,-633.4668731122997,62899.139993779165,48098.76586559583,-0.06999363622377694,0.28206603755317744,14800.374128183335,0.35369195072816423,-0.008421848602651138,-0.004481392960884916,0.07389708647447689
2021-05-05,57424.0078125,57911.36328125,52969.0546875,53252.1640625,69241316747,56.661447003156205,-253.64481563144363,-557.5024616161285,61709.822757370435,48699.08271137957,0.07389708647447689,0.009819820626355296,13010.740045990868,0.6705940684602535,-0.004417051774923841,0.0066173701602884145,-0.018055093557641698
2021-05-06,56396.515625,58363.31640625,55382.5078125,57441.30859375,69523285106,59.162661362921604,-179.5325752993449,-481.9084843527718,60759.32259286753,49131.955532132466,-0.018055093557641698,0.004063986684165481,11627.367060735065,0.6247811783115458,-0.0031833983590957866,0.007385167341358635,0.016877096781434925
2021-05-07,57356.40234375,58606.6328125,55321.84765625,56413.953125,68434023376,62.241497263487105,-42.84931456566119,-394.0966503953497,60068.309902599794,49490.22642552521,0.016877096781434925,-0.015791615219551296,10578.083477074586,0.7436295937040074,-0.0007470711692978139,-0.0009774170785738015,0.024921619702789645
2021-05-08,58803.77734375,59464.61328125,56975.2109375,57352.765625,65382980634,66.84250205387659,180.18713546290383,-279.239893223699,60465.502093165735,49351.79360995926,0.024921619702789645,-0.04560812909303564,11113.708483206472,0.8504797249336207,0.003064210219176594,0.0023903039703515247,-0.009765628034028508
2021-05-09,58232.31640625,59210.8828125,56482.00390625,58877.390625,65906690347,68.08754603075823,307.29075075066066,-161.93376442882712,60778.43918445115,49289.661596798855,-0.009765628034028508,0.007977969429582935,11488.777587652294,0.7783817504711377,0.005276979686105695,0.003983221049808078,-0.041595541159714526
2021-05-10,55859.796875,59519.35546875,54071.45703125,58250.87109375,71776546298,54.01943279527227,214.11064911571157,-86.72488171991938,60721.92549140266,49284.85185234734,-0.041595541159714526,0.08531781038857676,11437.073639055321,0.5748800112819036,0.003833000853813283,-0.003387728002351466,0.015009957344289305
2021-05-11,56704.57421875,56872.54296875,54608.65234375,55847.2421875,61308396325,53.68196872813822,206.05593424085237,-28.16871852776503,60885.69993782391,49400.925843426085,0.015009957344289305,-0.15764096485365844,11484.774094397828,0.6359418405004531,0.0036338503036095044,0.008755642507372282,-0.142967146773037
2021-05-12,49150.53515625,57939.36328125,49150.53515625,56714.53125,75215403907,40.55674487575631,-405.2043622763813,-103.57584727748828,61181.786147187755,48843.66580593724,-0.142967146773037,0.20443924456140736,12338.120341250513,0.02487164509870802,-0.00824414954970954,-0.022224962242272557,0.011442928110092723
2021-05-13,49716.19140625,51330.84375,46980.01953125,49735.43359375,96721152926,43.45777824761178,-834.3707129690738,-249.73482041580542,61324.27465275925,48563.43120661574,0.011442928110092723,0.2514760773115532,12760.84344614351,0.09033573717124042,-0.016782675610670008,-0.018010959146881923,0.003300186759766157
2021-05-14,49880.53515625,51438.1171875,48868.578125,49682.98046875,55737497453,34.452780356168844,-1147.993614930936,-429.38657931883154,61343.651456582505,48527.02119966749,0.003300186759766157,-0.5511790022222456,12816.630256915014,0.10560607035161487,-0.023014861635603224,-0.019950517721406037,-0.06459870319528387
2021-05-15,46760.1875,50639.6640625,46664.140625,49855.49609375,59161047474,30.48085991401136,-1629.54363759415,-669.4179909738953,61728.04226361806,47918.22375200695,-0.06459870319528387,0.059610219209537144,13809.818511611113,-0.08385600803031562,-0.03484895430742552,-0.03273913527827368,-0.006525257090234029
2021-05-16,46456.05859375,49720.04296875,43963.3515625,46716.63671875,64047871555,31.471980336209498,-2012.517116389041,-938.0378160569245,62298.418060124844,46591.27842425016,-0.006525257090234029,0.07936745333238207,15707.139635874686,-0.008608813166167528,-0.04332087519494812,-0.0322762251434459,-0.0648839844864655
2021-05-17,43537.51171875,46623.55859375,42207.2890625,46415.8984375,74903638450,27.081866688612834,-2522.4514488763307,-1254.9205426208057,63103.755002576516,44636.38093492349,-0.0648839844864655,0.15657166998074185,18467.37406765303,-0.05950327383567641,-0.05793742796260917,-0.035603145618696035,-0.014531934084628221
2021-05-18,42909.40234375,45812.45703125,42367.83203125,43488.05859375,56187365084,30.383008490667706,-2943.3323552538204,-1592.6029051474088,63708.21303250273,42840.392826872274,-0.014531934084628221,-0.28751055572559275,20867.820205630458,0.0033069825308875813,-0.06859411211730694,-0.03982341582282711,-0.14810707635188664
2021-05-19,37002.44140625,43546.1171875,30681.49609375,42944.9765625,126358098747,14.028355276964518,-3710.750663182007,-2016.2324567543285,65163.09789851327,39730.241163986735,-0.14810707635188664,0.8104280184463316,25432.856734526533,-0.10725494922611215,-0.10028394133353677,-0.04055769147694849,0.0972750161239599
2021-05-20,40782.73828125,42462.984375,35050.6171875,36753.66796875,88281943359,24.928460254937534,-3968.154422519685,-2406.6168499074,65066.672163641066,38129.92314885893,0.0972750161239599,-0.35858433477262386,26936.749014782137,0.09848312173585543,-0.09729985257865967,-0.028295964617824607,-0.08913981683679192
2021-05-21,37304.69140625,42172.171875,33616.453125,40596.94921875,82051616861,20.2113324695233,-4402.053934279749,-2805.70426678187,65125.64778645351,36018.61158854648,-0.08913981683679192,-0.07318707158474178,29107.03619790703,0.04418449920352764,-0.1180026899657514,-0.041501679417332904,0.006198237437243979
2021-05-22,37536.6328125,38831.0546875,35383.68359375,37371.03125,57377273240,17.221988693236952,-4673.3353890429935,-3179.2304912340946,64980.08710547286,34254.72773827714,0.006198237437243979,-0.3577002348067146,30725.35936719572,0.10681421281362502,-0.12450065546334074,-0.03138783075554321,-0.07654564579833298
2021-05-23,34770.58203125,38289.21875,31227.33984375,37531.44921875,78469274361,16.130769810289138,-5053.27407958066,-3554.039208903408,64775.26059081209,32216.58315918791,-0.07654564579833298,0.31305885041712206,32558.67743162418,0.07844295510545883,-0.14533188069843178,-0.041390743428128776,0.10722243682664231
2021-05-24,38705.98046875,39835.140625,34551.08203125,34700.36328125,67359584098,26.305996221155127,-4979.424755733184,-3839.1163182693635,64438.33218048469,31090.755710140307,0.10722243682664231,-0.15266194315578327,33347.576470344386,0.228359166231513,-0.12864742593856823,-0.01680411181197052,-0.007878782581024249
2021-05-25,38402.22265625,39776.3515625,36581.4296875,38795.78125,56211915803,24.335991863591588,-4889.051410060849,-4049.103336627661,63336.66750889701,30290.241866102995,-0.007878782581024249,-0.18091643620796583,33046.42564279401,0.24547226008134498,-0.12731167812405647,-0.015853661597169947,0.022961565812768543
2021-05-26,39294.19921875,40782.078125,37905.8359375,38392.625,51346735160,33.003716624742154,-4691.375571171571,-4177.557783536443,62160.407310640614,29756.270423734382,0.022961565812768543,-0.09052740517299675,32404.13688690623,0.29434293615977725,-0.11939104662891283,0.008584715854923649,-0.02205718107153495
2021-05-27,38436.96875,40379.6171875,37247.90234375,39316.890625,43210968721,30.743725881149558,-4551.421426287714,-4252.330512086697,60610.38502930939,29414.349345690607,-0.02205718107153495,-0.17250698561674324,31196.035683618786,0.28922326848878854,-0.11841260053285846,-0.008462740887289903,-0.07393611150144239
2021-05-28,35697.60546875,38856.96875,34779.0390625,38507.08203125,55200191952,27.74329901558373,-4608.4273987287015,-4323.549889415099,58550.65401676191,29163.463170738094,-0.07393611150144239,0.24487206206810574,29387.190846023816,0.22234661122418153,-0.12909626116975717,-0.006290782982239969,-0.030765691542153008
2021-05-29,34616.06640625,37234.5,33693.9296875,35684.15625,45231013335,29.639909587405114,-4686.849126866466,-4396.209736905372,56259.477488939265,29093.014698560735,-0.030765691542153008,-0.19918344338353577,27166.46279037853,0.20330404257285734,-0.1353951968967868,-0.011571344265010967,0.030219944078986264
2021-05-30,35678.12890625,36400.66796875,33520.73828125,34607.40625,31646080921,32.378224117898924,-4610.156331226637,-4438.999055769626,54074.269985814266,29260.055404810737,0.030219944078986264,-0.3571686719224261,24814.21458100353,0.25864503913625164,-0.12921519352487798,0.0036808828603203535,0.04533591723246496
2021-05-31,37332.85546875,37468.25,34241.9453125,35658.59375,39009847639,39.418155509395405,-4365.531009642989,-4424.305446544298,51010.519534624575,30386.633981000432,0.04533591723246496,0.20919980245774333,20623.885553624143,0.3368046952010264,-0.11693536309584515,-0.005160048510276412,-0.01750785357311659
2021-06-01,36684.92578125,37896.734375,35787.0859375,37293.79296875,34639423297,39.39152454268407,-4175.810051739638,-4374.606367583367,49721.68640461088,30428.906173514115,-0.01750785357311659,-0.11882168273441918,19292.780231096767,0.3242673960309719,-0.113829044568326,-0.006535630080575317,0.02397778870231388
2021-06-02,37575.1796875,38231.33984375,35966.30859375,36699.921875,33070867190,51.17747688870037,-3908.5632910405548,-4281.397752274805,48026.83039704759,30909.661009202413,0.02397778870231388,-0.046339685575183254,17117.169387845177,0.38940542838995046,-0.10401981636672791,-0.0063904553820688425,0.042556616951370016
2021-06-03,39208.765625,39478.953125,37243.97265625,37599.41015625,35460750427,46.45083800624644,-3524.325346292957,-4129.983271078435,45951.805272724676,31917.509180400324,0.042556616951370016,0.06977371354560317,14034.296092324352,0.5195313250222001,-0.08988615913085014,0.002840087192631868,-0.06084038726712561
2021-06-04,36894.40625,39242.484375,35717.72265625,39242.484375,41831090187,49.023603703934384,-3367.7422303648564,-3977.5350629357195,44457.99004955315,32424.746278571853,-0.06084038726712561,0.16521338438209154,12033.243770981295,0.37144265141595156,-0.09128056452635977,0.004710904940391407,-0.03706474257477646
2021-06-05,35551.95703125,37917.71484375,34900.4140625,36880.15625,35959473399,45.51398180612566,-3313.774288266024,-3844.7829080017805,42710.99154772347,33081.33462415153,-0.03706474257477646,-0.15124728201873966,9629.656923571936,0.25656390738599455,-0.09320933543414311,0.003811040507159485,0.008693599850188834
2021-06-06,35862.37890625,36436.421875,35304.578125,35538.609375,28913440585,52.77598230045603,-3208.96490441919,-3717.6193072852625,41603.04538166594,33421.76750895906,0.008693599850188834,-0.2180860062682582,8181.27787270688,0.29831664872704433,-0.08947997880475074,0.0007358484744741386,-0.06633285563534304
2021-06-07,33560.70703125,36790.5703125,33480.640625,35835.265625,33683936663,35.73240583879618,-3273.8890420956595,-3628.873254247342,40646.1925586382,33443.7508007368,-0.06633285563534304,0.15271450768585454,7202.441757901397,0.016238413921900324,-0.09755125358494929,-0.015216833363784146,-0.002627775063457771
2021-06-08,33472.6328125,34017.38671875,31114.443359375,33589.51953125,49902050442,36.16499718799642,-3294.472118499216,-3561.993027097717,40808.52078660737,32928.441713392625,-0.002627775063457771,0.3930410260982658,7880.079073214743,0.06905909116535024,-0.09842285597770278,-0.013091107862404316,0.10947410238213756
2021-06-09,37345.12109375,37537.37109375,32475.865234375,33416.9765625,53972919008,45.31385006544178,-2964.1381745162507,-3442.422056581424,40192.56789319011,33200.63288805988,0.10947410238213756,0.07842032798400915,6991.935005130232,0.5927526790006725,-0.07937149720508799,-0.0008773487652866456,-0.017354742993128305
2021-06-10,36702.59765625,38334.32421875,35847.59375,37389.515625,43576032854,45.786567128203096,-2722.8056074410924,-3298.498766753358,40150.76507877475,33182.226327475255,-0.017354742993128305,-0.2139751268910972,6968.538751299493,0.5051807063737374,-0.07418563756555886,-0.00943611447164355,0.017067578415986145
2021-06-11,37334.3984375,37608.6953125,36044.44921875,36697.03125,38699736985,54.43001787785335,-2452.2981993202047,-3129.2586532667274,40131.181749827905,33181.5862189221,0.017067578415986145,-0.1186744902688045,6949.5955309058045,0.5975617142190759,-0.06568468495415823,0.0016935949116581306,-0.048904195040405544
2021-06-12,35552.515625,37408.92578125,34728.19140625,37340.14453125,37924228550,52.44194733206169,-2354.5602754440624,-2974.3189777021944,40097.77858775593,33293.18274036908,-0.048904195040405544,-0.020242620195120596,6804.595847386852,0.3320304299186609,-0.06622767008330546,2.2445594254042704e-06,0.09505680129465752
2021-06-13,39097.859375,39322.78125,34864.109375,35555.7890625,40669112838,57.89502162842965,-1968.332938783904,-2773.1217699185363,40170.227392034234,33259.92182671576,0.09505680129465752,0.06987872244591,6910.305565318471,0.8448161218199824,-0.05034375206849554,0.012339844765778072,0.02825878796632069
2021-06-14,40218.4765625,40978.36328125,38757.28515625,39016.96875,43148914673,56.83038898466988,-1553.9080653175843,-2529.279028998346,40532.55652080493,33079.21808857007,0.02825878796632069,0.059188358781123974,7453.3384322348575,0.9578604995383643,-0.03863667145379791,0.02585293670887289,0.004658453327527578
2021-06-15,40406.26953125,41295.26953125,39609.46875,40427.16796875,46420149185,59.00473288572943,-1196.5272231822382,-2262.7286678351247,40773.08014185383,32949.90149877117,0.004658453327527578,0.07307634985850482,7823.178643082661,0.9531123310178883,-0.029612415030218275,0.026893826479013654,-0.052307031596144006
2021-06-16,38347.0625,40516.77734375,38176.03515625,40168.69140625,39211635100,51.76776080649156,-1067.1595775840833,-2023.6148497849165,40761.160913571606,32952.83010205339,-0.052307031596144006,-0.1687600981183971,7808.330811518215,0.6908304128186763,-0.027828978493048412,0.0037822359106877168,-0.007684760787668957
2021-06-17,38053.50390625,39513.671875,37439.67578125,38341.421875,37096670047,47.181214795803506,-977.0595769435458,-1814.3037952166424,40873.82796035048,33075.75289902452,-0.007684760787668957,-0.05544630709191968,7798.075061325959,0.6383307377883128,-0.02567594246644581,0.005163661940039053,-0.06140159139173661
2021-06-18,35787.24609375,38187.26171875,35255.85546875,38099.4765625,36200887275,47.292224391714676,-1076.1179252799484,-1666.6666212293035,40816.69085974021,33250.00796838479,-0.06140159139173661,-0.02444358054904558,7566.68289135542,0.33531709492723066,-0.030069872447320976,-0.006046219461064198,-0.004800219817294286
2021-06-19,35615.87109375,36457.796875,34933.0625,35854.52734375,31207279719,50.165812303958006,-1155.135230383632,-1564.3603430601693,40818.37237136747,33242.100675507536,-0.004800219817294286,-0.14843223696399518,7576.271695859934,0.3133164323474964,-0.03243315956931176,0.0002543484279516959,0.002311625313791574
2021-06-20,35698.296875,36059.484375,33432.07421875,35563.140625,36664034054,49.56922587823876,-1197.3041651613457,-1490.9491074804048,40779.44275555674,33117.574431943256,0.002311625313791574,0.16114488409292382,7661.868323613482,0.3368267808913857,-0.033539531853684426,-0.012994962426457726,-0.119521795848678
2021-06-21,31676.693359375,35721.640625,31295.935546875,35641.14453125,52809038594,45.463476758792496,-1537.5096889240958,-1500.261223769143,41197.91472309979,32198.279222212703,-0.119521795848678,0.36488608553467944,8999.635500887089,-0.057956331985471225,-0.048537568977951924,-0.034106474400028966,0.025833047609393114
2021-06-22,32505.66015625,33292.453125,28893.62109375,31622.376953125,58964353058,47.751837436626964,-1720.4025948117269,-1544.28949797766,41293.97168396348,31595.270308224022,0.025833047609393114,0.11025071430043257,9698.701375739456,0.09386719033366188,-0.05292624689183363,-0.03108153235976246,0.03676667515561315
2021-06-23,33723.02734375,34753.41015625,31772.6328125,32515.71484375,46317108925,40.39269258783804,-1746.9771175748392,-1584.8270218970958,40981.808748212105,31358.859415850402,0.03676667515561315,-0.241421659801067,9622.949332361703,0.24568018039425016,-0.051803685943356215,-0.01835671710951144,0.027475699857643344
2021-06-24,34662.4375,35228.8515625,32385.21484375,33682.80078125,33123368116,44.672546017902036,-1672.9503395536376,-1602.4516854284043,40902.923862294476,31214.54742676802,0.027475699857643344,-0.3352723973832277,9688.376435526457,0.3558790367174942,-0.048264070856345216,-0.013333794160181113,-0.09130465397426267
2021-06-25,31637.779296875,35487.24609375,31350.884765625,34659.10546875,40230904226,36.77693665057564,-1837.170465973737,-1649.395441537471,41094.23369656987,30631.819819055127,-0.09130465397426267,0.19439644344953164,10462.413877514744,0.09614984549423447,-0.058068881786377535,-0.01760566024339912,0.01718823840092292
2021-06-26,32186.27734375,32637.587890625,30184.501953125,31594.6640625,38585385521,41.71166424582865,-1901.1417126664164,-1699.74469576326,41162.76737031501,30195.675989059997,0.01718823840092292,-0.04176187078672253,10967.09138125501,0.18150677198625007,-0.05906684057811936,-0.01446445192651095,0.0737472744793095
2021-06-27,34649.64453125,34656.12890625,32071.7578125,32287.5234375,35511640894,38.431234223966996,-1733.088278876734,-1706.4134123859549,41149.85645307804,30317.480656296964,0.0737472744793095,-0.08301303609616593,10832.375796781078,0.3999273987743271,-0.050017490866715454,-0.004259359188579815,-0.006233262455755746
2021-06-28,34434.3359375,35219.890625,33902.07421875,34679.12109375,33892523752,34.2134149617857,-1598.8478037124369,-1684.9002906512512,41130.07214599723,30433.43527587777,-0.006233262455755746,-0.04666610346168192,10696.636870119455,0.37403351260789075,-0.04643178850942337,0.01192471701040908,0.040785121124139886
2021-06-29,35867.77734375,36542.109375,34252.484375,34475.55859375,37901460044,38.401766187758476,-1361.1045522593558,-1620.1411429728723,41005.8618697328,30409.911177142196,0.040785121124139886,0.11179518315958233,10595.950692590603,0.5150898041101488,-0.03794783655576946,0.01406072751251576,-0.02332520296585249
2021-06-30,35040.8359375,36074.7578125,34086.15234375,35908.38671875,34059036099,40.98294289682258,-1225.294144898573,-1541.1717433580127,40909.19476916889,30340.402105831112,-0.02332520296585249,-0.10689426018874948,10568.79266333778,0.44474652700623396,-0.03496760599787198,0.0054761734951635265,-0.04281824560087459
2021-07-01,33572.1171875,35035.984375,32883.78125,35035.984375,37838957079,38.51417712977322,-1222.0892628364381,-1477.3552472536978,40732.6817105681,30140.687039431898,-0.04281824560087459,0.10524380772064022,10591.994671136199,0.32396448965543995,-0.03640191221813863,-0.004565818713196179,0.00963202091343982
2021-07-02,33897.046875,33939.58984375,32770.6796875,33549.6015625,38728974942,44.620031998007626,-1179.7310552340641,-1417.8304088497712,40693.851403577646,30013.970471422348,0.00963202091343982,0.023248843939816376,10679.880932155298,0.3635879864433702,-0.03480335793216689,0.00985370627076132,0.022504948021345134
2021-07-03,34668.546875,34909.26171875,33402.6953125,33854.421875,24383958643,47.39275309748651,-1071.5560372523396,-1348.5755345302848,40177.874998345025,30087.01562665497,0.022504948021345134,-0.46266254297486076,10090.859371690054,0.45402785625950537,-0.030908593922782914,0.010613236216535923,0.017703918010918158
2021-07-04,35287.78125,35937.56640625,34396.4765625,34665.56640625,24924307911,48.90259616850556,-925.1944515144787,-1263.8993179271238,39331.09815074498,30440.722943005014,0.017703918010918158,0.021918065170210745,8890.37520773997,0.5452028956859534,-0.026218549841936542,0.0026070424353371586,-0.04467475626166748
2021-07-05,33746.00390625,35284.34375,33213.66015625,35284.34375,26721554282,56.3772662445922,-922.9709522011763,-1195.7136447819344,38179.28035227123,30926.514178978763,-0.04467475626166748,0.06962696761139371,7252.766173292464,0.3887468118927255,-0.02735052585086187,-0.0028845995369359465,0.014392210079461632
2021-07-06,34235.1953125,35038.53515625,33599.91796875,33723.5078125,26501259870,55.444150490164255,-871.6868909619661,-1130.9082940179408,37503.76695011776,31190.840862382247,0.014392210079461632,-0.008278242086977606,6312.926087735512,0.48224142145933163,-0.025461718065434687,-0.006655015400461412,-0.011157826650301255
2021-07-07,33855.328125,34997.6640625,33839.2890625,34225.6796875,24796027477,50.43962967732021,-851.8761127436519,-1075.101857763083,36771.19836022885,31503.59187414615,-0.011157826650301255,-0.06650881616489308,5267.606486082703,0.44645253153720116,-0.025162246533200656,-0.004916818783954092,-0.029311778537964177
2021-07-08,32877.37109375,33907.90625,32133.18359375,33889.60546875,29910396946,44.083459783627575,-904.6605241795114,-1041.0135910463687,36562.694871699954,31421.107862675046,-0.029311778537964177,0.18752268593983182,5141.587009024908,0.2832322449310934,-0.0275162062562687,-0.002987323489252604,0.02761736344787324
2021-07-09,33798.01171875,34042.29296875,32318.880859375,32861.671875,27436021028,58.32050821617453,-862.2648932625452,-1005.263851489604,36355.98128031677,31446.035516558233,0.02761736344787324,-0.08634935782613097,4909.94576375854,0.4790228477780294,-0.02551229641666139,-0.00041798884147640103,-0.0082442012335933
2021-07-10,33520.51953125,34209.0703125,33116.01171875,33811.2421875,22971873468,55.24863746191439,-841.3586914812986,-972.482819487943,36100.23457413874,31484.004488361254,-0.0082442012335933,-0.17758621118497053,4616.230085777486,0.4411641112003424,-0.025099810600994102,-0.004810724449324749,0.021242252673874872
2021-07-11,34240.1875,34584.703125,33346.73828125,33509.078125,20108729370,48.1331748512093,-757.9816448124475,-929.5825845528439,36007.96674732138,31832.621729241113,0.021242252673874872,-0.13311655708976414,4175.345018080265,0.576614809155402,-0.022137193168479216,-0.004305248068902362,-0.032180926347831006
2021-07-12,33155.84765625,34592.15625,32697.30859375,34254.015625,24321499537,44.599016679873756,-770.5198249030946,-897.7700326228941,35966.668198716616,31938.939027845878,-0.032180926347831006,0.19020669599060044,4027.729170870738,0.30213268488971956,-0.023239334216142375,-0.0025204152240685786,-0.013782086425800635
2021-07-13,32702.025390625,33327.1015625,32261.419921875,33125.46875,19120856669,35.41945190923937,-807.7646786433033,-879.768961826976,35990.51376132369,31812.99326992631,-0.013782086425800635,-0.24058100230733925,4177.520491397376,0.21281334766142465,-0.0247007538216539,-0.006545314724820331,0.0036725998364308425
2021-07-14,32822.34765625,33061.3984375,31639.125,32723.845703125,21376531210,39.07090585937831,-818.1414667529534,-867.4434628121714,35919.42833718556,31700.069709689436,0.0036725998364308425,0.1115139363291116,4219.358627496127,0.26598306653688863,-0.02492635430351868,-0.004426682369572889,-0.03224946835684241
2021-07-15,31780.73046875,33159.640625,31175.708984375,32827.875,21300524237,40.7872839829581,-900.0398488416686,-873.9627400180709,35896.344351985856,31737.44881207665,-0.03224946835684241,-0.003561963334440358,4158.895539909205,0.010407007403288508,-0.02832030087309283,-0.004846352343698352,-0.01136653085848622
2021-07-16,31421.5390625,32218.40625,31100.673828125,31841.55078125,23699476918,37.313703234382096,-982.6018290525899,-895.6905578249748,36007.13881407691,31550.180521860588,-0.01136653085848622,0.1067212924488186,4456.9582922163245,-0.028863061066831067,-0.03127160089447289,-0.010415480101749702,0.003543169217346287
2021-07-17,31533.068359375,31935.9453125,31223.990234375,31397.30859375,18895018942,32.765752331998925,-1027.1924755747896,-921.9909413749378,36024.035821732854,31221.62589701714,0.003543169217346287,-0.22655463763867353,4802.409924715714,0.06485128659154002,-0.03257508796378828,-0.008731570037329762,0.008329203113175575
2021-07-18,31796.810546875,32398.99609375,31215.4921875,31533.884765625,18787986667,30.03141790823004,-1029.383007316399,-943.4693545632301,35992.131690371774,30989.777489315726,0.008329203113175575,-0.005680680778982516,5002.354201056049,0.16133065055424103,-0.032373781823144744,-0.010576291403143947,-0.031272502988710885
2021-07-19,30817.83203125,31885.859375,30563.734375,31800.01171875,20434789545,32.098048393721996,-1097.4635276502377,-974.2681891806317,35748.92648338284,30727.98816505465,-0.031272502988710885,0.08402115970166923,5020.938318328193,0.017893839856062715,-0.03561131511578699,-0.010446516637555359,-0.033338555734212405
2021-07-20,29807.34765625,31006.1875,29360.955078125,30838.28515625,23148267245,24.55158274553895,-1218.9046999613565,-1023.1954913367767,35771.18099257261,30182.38482773989,-0.033338555734212405,0.12468111049176993,5588.796164832722,-0.06710517979698911,-0.04089275953091307,-0.013240297967328467,0.07443417235693212
2021-07-21,32110.693359375,32752.326171875,29526.18359375,29796.28515625,28203024559,41.78850948595185,-1116.4175885602563,-1041.8399107814728,35708.97137582763,30098.452061672368,0.07443417235693212,0.1975092973551946,5610.519314155259,0.35865508788561123,-0.03476778206143307,-0.0031315018929711424,0.006283788882169604
2021-07-22,32313.10546875,32576.400390625,31745.298828125,32138.873046875,19555230518,47.13500532728913,-1007.2518761612737,-1034.922303857433,35600.98327918355,30048.04601769145,0.006283788882169604,-0.3661864297328698,5552.937261492101,0.40790294296419083,-0.031171620973892058,0.0023732491411734306,0.038503942271904575
2021-07-23,33581.55078125,33581.55078125,32057.892578125,32305.958984375,22552046192,48.93843725335438,-809.0580095961268,-989.7494450051719,35434.955409297465,30105.37427820253,0.038503942271904575,0.14258300572861024,5329.581131094936,0.6522419712808941,-0.02409233614213725,0.009497602445514971,0.020948244356669858
2021-07-24,34292.4453125,34490.390625,33424.859375,33593.73046875,21664706865,53.63129559263954,-587.8483451551001,-909.3692250351576,35219.22629339759,30221.569800352412,0.020948244356669858,-0.04014127730192354,4997.656493045175,0.8145568863750187,-0.017142211347081233,0.011984041751132626,0.030378619797658737
2021-07-25,35350.1875,35364.92578125,33881.8359375,34290.29296875,20856685287,55.06069774085154,-323.4585093946953,-792.1870819070651,35530.36265480342,30070.851798321575,0.030378619797658737,-0.03800999063399373,5459.510856481847,0.9669979308511721,-0.009150121463845001,0.015133958420344507,0.05469542869161192
2021-07-26,37337.53515625,40499.67578125,35287.3125,35384.03125,51022126212,67.6147074000358,45.90551694914757,-624.5685621358226,36309.88514616098,29601.563291339025,0.05469542869161192,0.8945848518160626,6708.321854821956,1.153190325736859,0.0012294736853153884,0.02741509151753348,0.0539428534880362
2021-07-27,39406.94140625,39406.94140625,36441.7265625,37276.03515625,35097370560,74.85979907466883,499.8509875382151,-399.68465220101507,37651.14608612572,28815.463679499284,0.0539428534880362,-0.37413317108871547,8835.682406626438,1.198716436299962,0.01268433858860556,0.03988386426356899,0.01483512651645551
2021-07-28,39995.90625,40816.0703125,38862.4375,39503.1875,38702404695,75.70412205192805,896.7929137115498,-140.38913901850208,38935.7442376813,28242.719043568708,0.01483512651645551,0.09777552008182731,10693.02519411259,1.0991451897916888,0.022422117606387522,0.03136971485778662,0.00031287370059631146
2021-07-29,40008.421875,40593.0703125,39352.05859375,39995.453125,27167146027,81.82859344777563,1198.5658354859625,127.40185588239083,39969.7584771157,27829.74581975931,0.00031287370059631146,-0.3538933583383518,12140.012657356387,1.003184790574322,0.02995783835790105,0.03051672697470472,0.0541722306526184
2021-07-30,42235.546875,42235.546875,38397.35546875,40027.484375,33072782960,86.55126193856812,1599.0011350472778,421.72171171536826,41451.94424646274,27219.062784787264,0.0541722306526184,0.19670230047785436,14232.881461675479,1.0550557967229748,0.03785913178251649,0.032755053886235265,-0.014532545375150554
2021-07-31,41626.1953125,42231.44921875,41110.83203125,42196.3046875,25802845343,83.00401577903929,1845.9010184922154,706.5575730707378,42531.548304013355,26878.05950848665,-0.014532545375150554,-0.2482259066074576,15653.488795526704,0.9421628620085626,0.04434469700232024,0.027686369638832354,-0.04047804375571393
2021-08-01,39974.89453125,42541.6796875,39540.94140625,41460.84375,26688438115,74.51711774400164,1886.5774914220965,942.5615567410096,43176.59134778146,26914.921152218536,-0.04047804375571393,0.033745671762074506,16261.670195562925,0.8031139004770947,0.04719405800926584,0.017563989131207686,-0.01952524946480863
2021-08-02,39201.9453125,40419.1796875,38746.34765625,39907.26171875,25595265436,75.44915050256053,1835.287297590272,1121.1067049108622,43625.80699515207,27115.697497035428,-0.01952524946480863,-0.041823051746115,16510.10949811664,0.732051342048492,0.04681623023960163,0.006961035108861892,-0.0271224912051319
2021-08-03,38152.98046875,39750.03125,37782.05078125,39178.40234375,26189830450,75.27330652632894,1690.5096106412311,1234.987286056936,43890.115081209224,27384.45269222828,-0.0271224912051319,0.02296379417865239,16505.662388980945,0.6524141547757608,0.044308716904197784,-0.004619728418733551,0.04094316463847637
2021-08-04,39747.50390625,39952.296875,37589.1640625,38213.33203125,25372562724,74.16414985548035,1685.01318299579,1324.9924654447068,44273.73984907466,27797.505268112844,0.04094316463847637,-0.0317028021905731,16476.234580961813,0.7252869931789258,0.04239293081070266,-0.0008900086870162848,0.027838357371246687
2021-08-05,40869.5546875,41341.93359375,37458.00390625,39744.515625,35185031017,75.5850469254624,1751.012760034304,1410.1965243626262,44715.59521863324,28300.451461054254,0.027838357371246687,0.3269523544954399,16415.14375757899,0.7657016844973858,0.04284394027346359,0.0030422032659337683,0.04653814062641624
2021-08-06,42816.5,43271.66015625,39932.1796875,40865.8671875,38226483046,76.53708529121967,1938.0791457763407,1515.773048645369,45390.35553491691,28754.034308833092,0.04653814062641624,0.08290781190644314,16636.32122608382,0.8452869778156092,0.04526477282767953,0.0019516189764763167,0.03981881145877593
2021-08-07,44555.80078125,44689.859375,42618.56640625,42832.796875,40030862141,77.84643892682291,2201.3023975454344,1652.8789184253822,46278.09101176215,29142.197855425344,0.03981881145877593,0.046122161279531476,17135.89315633681,0.8994922403635462,0.04940551755208915,0.0097160985241801,-0.017151523902089738
2021-08-08,43798.1171875,45282.3515625,43331.91015625,44574.4375,36302664750,73.30022465576556,2322.0033776631535,1786.7038102729364,46692.113781750864,30026.203601061636,-0.017151523902089738,-0.09775956247712869,16665.91018068923,0.8263523226229215,0.0530160547249701,0.01304845850326927,0.056962712090068326
2021-08-09,46365.40234375,46456.83203125,42848.6875,43791.92578125,38734079049,74.12788646122996,2594.905771955804,1948.34420260951,47227.605715318365,31146.517136244136,0.056962712090068326,0.06482866045291237,16081.088579074229,0.9463840170191421,0.055966424117650175,0.02397531015396598,-0.01697414139260822
2021-08-10,45585.03125,46637.98828125,44705.5546875,46280.84765625,33546019517,67.7334292516688,2716.894788245423,2102.0543197366924,47659.16301166277,32062.39362896223,-0.01697414139260822,-0.14380159504978912,15596.769382700542,0.8670152958750418,0.05960059067076812,0.025425074412897933,0.0001887605723412682
2021-08-11,45593.63671875,46735.6328125,45351.7109375,45599.703125,34319709073,66.62135387657491,2782.1949405293635,2238.082443895227,47865.39129924186,33184.21846638314,0.0001887605723412682,0.022801584619371162,14681.17283285872,0.8452606882054973,0.06102156223447754,0.019603016689164345,-0.025891753544200504
2021-08-12,44428.2890625,46228.91015625,43861.4453125,45576.87890625,33723620826,62.28300124492445,2708.687897056341,2332.20353452745,47827.64344606266,34306.64014768734,-0.025891753544200504,-0.017521291139475387,13521.003298375319,0.7485871197167834,0.06096763918245566,0.011927286558386176,0.07300947971891747
2021-08-13,47793.3203125,47831.9765625,44282.41796875,44439.69140625,31744259539,64.52654840331405,2888.664211747775,2443.495669971515,48348.83452286161,35135.53657088839,0.07300947971891747,-0.06048659947961465,13213.297951973218,0.9579579441573397,0.06044075182180355,0.015708906428743494,-0.014677743757973101
2021-08-14,47096.9453125,48098.68359375,46177.6328125,47810.6875,31211354442,64.23433839809216,2941.20076358012,2543.036688693236,48624.778090558735,36034.268784441265,-0.014677743757973101,-0.016929954036720582,12590.50930611747,0.8786520274189964,0.062449926297013916,0.007923684254922203,-0.0010609584864258955
2021-08-15,47047.00390625,47357.10546875,45579.58984375,47096.66796875,30988958446,70.07368385572263,2944.859992425052,2623.4013494395995,48985.63334733475,36644.36040266525,-0.0010609584864258955,-0.007150991157090167,12341.272944669501,0.8429149529568639,0.06259399638483333,0.010222336457159895,-0.02240830692116523
2021-08-16,46004.484375,47998.09765625,45700.3203125,47019.9609375,32776876610,69.01750031560238,2831.003300367098,2664.9217396250997,49253.47354462101,37036.27450225399,-0.02240830692116523,0.056092323494424425,12217.199042367021,0.7340643171683753,0.06153755093287246,-0.0011163805444448986,-0.02886919903458737
2021-08-17,44695.359375,47139.5703125,44512.41796875,45936.45703125,33451362600,68.02794400263329,2605.105569548279,2652.9585056097358,49338.121903927706,37421.571455447294,-0.02886919903458737,0.020369235799164685,11916.550448480411,0.6103937503558039,0.05828581772194955,-0.002815674493299063,0.002364966650012081
2021-08-18,44801.1875,45952.0625,44364.02734375,44686.75,32194123075,65.17038649487657,2406.874484780841,2603.741701443957,49389.372886950034,37849.59703492497,0.002364966650012081,-0.038308598476537316,11539.775852025065,0.6024025556661505,0.0537234528611734,-0.002504787910774661,0.04188585333234935
2021-08-19,46717.578125,46970.76171875,43998.31640625,44741.8828125,37204312299,66.75579398449923,2377.0109270880566,2558.3955465727768,49734.05336482833,37953.11968204667,0.04188585333234935,0.14464075388274814,11780.933682781659,0.7439527866761713,0.05088043992194976,0.00717772735730389,0.05459790698385328
2021-08-20,49339.17578125,49342.15234375,46650.70703125,46723.12109375,34706867452,67.99318894429715,2535.6554065784585,2553.8475185739135,50505.73762782688,37952.73346592313,0.05459790698385328,-0.06948709992589767,12553.004161903751,0.907069110188133,0.05139233411235995,0.004547502680866148,-0.008828701235467067
2021-08-21,48905.4921875,49717.01953125,48312.19921875,49327.07421875,40585205312,62.93028230100108,2596.4573142951194,2562.369477718155,50948.57982758589,38402.9510317891,-0.008828701235467067,0.15646602236428192,12545.628795796787,0.8371474500527839,0.053091323656257176,0.005383080184081296,0.008473475397263706
2021-08-22,49321.65234375,49471.609375,48199.94140625,48869.10546875,25370975378,66.76006623309355,2647.702840619626,2579.4361502984493,51223.79796407941,39139.70359842059,0.008473475397263706,-0.46979778002555733,12084.09436565882,0.8425909660441032,0.053682362913681676,0.006745142167465524,0.0045413466832814305
2021-08-23,49546.1484375,50482.078125,49074.60546875,49291.67578125,34305053719,61.25093645999744,2675.587738060538,2598.666467850867,51113.24759645211,40389.57076292289,0.0045413466832814305,0.30168686307534376,10723.676833529214,0.8538654993730148,0.05400193198540263,0.010595092682386478,-0.03784489433094968
2021-08-24,47706.1171875,49878.76953125,47687.1171875,49562.34765625,35361168834,56.979491274189876,2520.160731918113,2582.965320664316,50764.332729208654,41534.346958291346,-0.03784489433094968,0.030321610418347644,9229.985770917308,0.6686651943337301,0.052826783659904474,0.009312850497191863,0.02596012195042943
2021-08-25,48960.7890625,49202.87890625,47163.61328125,47727.2578125,32646349931,60.23998401500423,2469.755440986948,2560.3233447288426,50604.137905411735,42503.66521958827,0.02596012195042943,-0.07988123685406588,8100.472685823464,0.797129265581188,0.05044353835544249,0.012683586968680053,-0.0421022974523753
2021-08-26,46942.21875,49347.58203125,46405.78125,49002.640625,32666549568,57.26803620748381,2241.0932030381737,2496.477316390709,50409.34055523088,43111.03444476912,-0.0421022974523753,0.0006185497137313647,7298.306110461766,0.5249415751058375,0.04774152698178915,0.0006852797137193881,0.04409943030226678
2021-08-27,49058.66796875,49112.78515625,46394.28125,46894.5546875,34511076995,53.942915012774684,2205.2359092402694,2438.229034960621,50617.42208276538,43353.23963598462,0.04409943030226678,0.054928739480491845,7264.18244678076,0.7854191954241251,0.04495099440215107,-0.000814502669364397,-0.0031903644385737097
2021-08-28,48902.40234375,49283.50390625,48499.23828125,49072.5859375,28568103401,55.821902537544716,2139.5460604329055,2378.492440055078,50639.50958331819,43841.580651056815,-0.0031903644385737097,-0.18898951506853445,6797.928932261377,0.7444652250886248,0.04375134876592318,-9.025984093917274e-06,-0.0014850847584068098
2021-08-29,48829.83203125,49644.11328125,47925.85546875,48911.25,25889650240,55.74055533474541,2057.9082786273284,2314.375607769528,50807.53579386112,43919.99740926388,-0.0014850847584068098,-0.09844754554585389,6887.538384597239,0.712857678291185,0.042144488174981086,-0.001431677434903991,-0.03702463994727715
2021-08-30,47054.984375,48925.60546875,46950.2734375,48834.8515625,31847007016,53.23018322564775,1828.9118185531406,2217.2828499262505,50782.52810830565,44092.000407319356,-0.03702463994727715,0.2071001221533308,6690.527700986291,0.44286252147844923,0.038867547037691276,-0.007369675524983789,0.002371071858731938
2021-08-31,47166.6875,48189.55078125,46750.09375,47024.33984375,34730363427,58.20316187247744,1637.567128255083,2101.339705592017,50750.817866891986,44281.01572685801,0.002371071858731938,0.08667092469240613,6469.8021400339785,0.4460216418807501,0.034718722366396476,-0.0016245374978864134,0.03500565378801719
2021-09-01,48847.02734375,49111.08984375,46562.4375,47099.7734375,39139399125,62.15859474543883,1603.0356675143776,2001.678897976489,50673.69506080184,44800.01236107317,0.03500565378801719,0.1195152788535238,5873.68269972867,0.6890081043811052,0.03281746617318949,-0.00033231866394530456,0.00979272478817146
2021-09-02,49327.72265625,50343.421875,48652.3203125,48807.84765625,39508070319,58.584825834660286,1596.0589563356043,1920.554909648312,50835.55931310317,44791.58834314683,0.00979272478817146,0.00937535300332514,6043.970969956339,0.7505221874246008,0.032356226283910515,0.00708125594184709,0.014044128006187486
2021-09-03,50025.375,50982.2734375,48386.0859375,49288.25,43206179619,52.583943942153496,1628.05734444243,1862.0553966071357,51116.562577309174,44803.42804769083,0.014044128006187486,0.08947856884430136,6313.134529618343,0.8271559758166648,0.032544630488875494,0.0027876413281214757,-0.0016154849967335088
2021-09-04,49944.625,50545.58203125,49548.78125,50009.32421875,37471327794,54.01979296747029,1628.1323511421651,1815.2707875141418,51349.75886608944,44859.99386828556,-0.0016154849967335088,-0.14240748338926673,6489.764997803883,0.7834846305581609,0.032598750138621825,0.0030126241055272187,0.035575435016673145
2021-09-05,51753.41015625,51868.6796875,49538.59765625,49937.859375,30322676319,58.49206245273321,1753.9274560221093,1803.0021212157353,51864.36563008208,44920.27968241792,0.035575435016673145,-0.21168022239171078,6944.0859476641635,0.9840215869058493,0.033890084744691865,0.008306984073395784,0.0168631403802205
2021-09-06,52633.53515625,52700.94140625,51053.6796875,51769.00390625,38884105426,60.30953210172689,1902.706498808133,1822.9429967342148,52296.55478184536,45281.90810877964,0.0168631403802205,0.24868974027529173,7014.646673065727,1.0480395364313213,0.03615007985231626,0.01600523840589545,-0.11723249529729855
2021-09-07,46811.12890625,52853.765625,43285.20703125,52660.48046875,65210059683,47.63927988026442,1533.12255513556,1764.978908414484,52009.70346865088,45769.75356259912,-0.11723249529729855,0.5170281803974718,6239.9499060517555,0.16688841406254606,0.03275124080442471,-0.0010809854735374796,-0.015494793572991005
2021-09-08,46091.390625,47334.0546875,44561.39453125,46827.76171875,49007762488,42.211567619148596,1168.6759836099081,1645.7183234535692,52081.05322838366,45635.78505286635,-0.015494793572991005,-0.285635042961503,6445.268175517311,0.07068838095274661,0.025355624288237847,-0.008295335096538651,0.006488390533953229
2021-09-09,46391.421875,47261.94921875,45669.73828125,45774.7421875,38672657013,48.351140510650154,893.7567924304385,1495.3260172489431,52106.10513983955,45315.957750785456,0.006488390533953229,-0.23684589049728497,6790.147389054095,0.15838597641460095,0.01926556152640964,-0.008767382847141255,-0.03303518664446581
2021-09-10,44883.91015625,47031.7421875,44344.484375,46396.6640625,39154666597,37.02961419601759,547.9216560513087,1305.8451450094162,52308.8824393308,44711.0222481692,-0.03303518664446581,0.012386800024293099,7597.860191161599,0.022754815662690123,0.012207529472006387,-0.015492999225806011,0.007049939410355872
2021-09-11,45201.45703125,45969.29296875,44818.265625,44869.83984375,34499835245,38.61577082017609,296.0554548306027,1103.8872069736535,52355.96912139411,44251.916034855894,0.007049939410355872,-0.12656506469459325,8104.053086538217,0.11716865453056907,0.006549688312611802,-0.01425508145336467,0.01888655452823882
2021-09-12,46063.26953125,46364.87890625,44790.4609375,45206.62890625,27881980161,41.884031398613416,164.099109659619,915.9295875108467,52255.73415778503,44003.86310783996,0.01888655452823882,-0.21297394072234507,8251.871049945068,0.24956842041581545,0.0035624720374721063,-0.016639207237426717,-0.024174296052118332
2021-09-13,44963.07421875,46598.6796875,43591.3203125,46057.21484375,40969943253,43.61026111438171,-28.92043481519795,726.9595830456377,52353.55674916078,43631.73621958922,-0.024174296052118332,0.3848580986748517,8721.82052957156,0.15264450749091787,-0.0006432041251115759,-0.022501698156332264,0.046272006777909304
2021-09-14,47092.4921875,47218.125,44752.33203125,44960.05078125,38652152880,49.798239840716334,-9.948895972782339,579.5778872419537,52252.85706631187,43545.60621493813,0.046272006777909304,-0.058236231048544605,8707.250851373741,0.4073485458388819,-0.00021126288948927456,0.0008560878544117154,0.022754601314508963
2021-09-15,48176.34765625,48450.46875,46773.328125,47098.0,30484496466,48.11506477070175,91.48962793192914,481.9602353799488,52292.378202708445,43629.49796916656,0.022754601314508963,-0.23738423363406605,8662.880233541888,0.5248658141985996,0.0018990569518621454,0.006320287124054568,-0.0081907394359386
2021-09-16,47783.359375,48486.828125,47079.55859375,48158.90625,31764293754,45.6380859242692,138.57214555890823,413.28261741574073,52198.01043894608,43596.33487355391,-0.0081907394359386,0.04112457921826329,8601.675565392172,0.48676847546908203,0.002900008441671191,0.004223268556927165,-0.010854079709278335
2021-09-17,47267.51953125,48160.921875,46832.5234375,47771.00390625,28727713711,42.12985887250949,132.73137102952023,357.17236813849667,52097.928056282486,43532.92897496751,-0.010854079709278335,-0.10048052963673659,8564.999081314978,0.4360293002750313,0.0028080883521244956,0.007391998119096805,0.02116012615402399
2021-09-18,48278.36328125,48791.78125,47087.28515625,47273.52734375,28575630451,45.484654220055084,207.27976567424776,327.1938476456469,52049.906702088716,43525.80345416129,0.02116012615402399,-0.00530801890547694,8524.103247927429,0.557543672203138,0.004293429842820491,0.009407739082477964,-0.021314594702563614
2021-09-19,47260.21875,48328.3671875,46919.8046875,48268.85546875,26967722648,37.27894924151922,182.1049582372143,298.17606976396036,52053.72223429268,43542.51135945732,-0.021314594702563614,-0.05791357907105297,8511.210874835364,0.43680123136581983,0.0038532398506347224,0.0036647177637919013,-0.09810793836995628
2021-09-20,42843.80078125,47328.19921875,42598.9140625,47261.40625,43909845642,26.907463703162037,-192.00101043267205,200.14065372463386,52377.48616552518,42786.45875634981,-0.09810793836995628,0.4874978758470844,9591.027409175367,0.005978715569650403,-0.004481418710094895,-0.006897231138756377,-0.051488267863326775
2021-09-21,40693.67578125,43607.609375,39787.609375,43012.234375,48701090088,32.545966978314254,-654.4358746562866,29.225348048449774,52826.69014061576,41521.91962500924,-0.051488267863326775,0.10356284433455586,11304.77051560652,-0.07326498513311332,-0.01608200444153104,-0.02086298465893296,0.06839960199678301
2021-09-22,43574.5078125,43978.62109375,40625.6328125,40677.953125,38139709246,43.607287542583556,-779.4744709180304,-132.51461574484625,52661.84133527253,41111.44694597747,0.06839960199678301,-0.24444543676706432,11550.394389295063,0.21324474156528267,-0.017888313834136447,-0.014342270275750954,0.02985630902322461
2021-09-23,44895.09765625,44942.17578125,43109.33984375,43560.296875,34244064430,46.38675874642293,-763.2100847736001,-258.653709550597,52272.543460731365,40987.71708614363,0.02985630902322461,-0.10774272843217614,11284.826374587734,0.3462508363358643,-0.016999853538960975,-0.008906977638727637,-0.04686219528987527
2021-09-24,42839.75,45080.4921875,40936.55859375,44894.30078125,42839345714,45.19110687660552,-905.7291384664422,-388.06879533376605,51933.267752306376,40616.50529456862,-0.04686219528987527,0.2239437243045137,11316.762457737757,0.19645589573288755,-0.021142260131453667,-0.014050994150241485,-0.002878952738409655
2021-09-25,42716.59375,42996.2578125,41759.921875,42840.890625,31604717236,44.1003930629062,-1016.8920963344353,-513.8334555339,51067.51336165461,40578.578044595386,-0.002878952738409655,-0.30415058360844577,10488.935317059222,0.20383534084027935,-0.023805552059834718,-0.017485148277732006,0.011450682044497961
2021-09-26,43208.5390625,43919.30078125,40848.4609375,42721.62890625,30661222077,43.10108272100228,-1053.153567212954,-621.6974778697108,49623.05716084702,41080.53463602798,0.011450682044497961,-0.030307657420749708,8542.52252481904,0.24910726548149772,-0.024373736998827833,-0.01280439445672321,-0.022771582829569807
2021-09-27,42235.73046875,44313.24609375,42190.6328125,43234.18359375,30980029059,43.3681006209783,-1147.1647662093746,-726.7909355376437,49552.376482762316,40693.67547036269,-0.022771582829569807,0.010344041329259646,8858.70101239963,0.17407236074777854,-0.02716100215333451,-0.0020420579509537137,-0.028852332947741827
2021-09-28,41034.54296875,42775.14453125,40931.6640625,42200.8984375,30214940550,34.57287381934117,-1303.5683863209924,-842.1464256943135,49631.65883747928,40108.70835002072,-0.028852332947741827,-0.02500625073472807,9522.950487458555,0.09722140422219741,-0.03176758633119734,0.0011916470369869934,0.012828924814572349
2021-09-29,41564.36328125,42545.2578125,40829.66796875,41064.984375,30602359905,32.673039489060486,-1368.9864867067736,-947.5144378968057,49552.23509501419,39705.42623311081,0.012828924814572349,0.01274060481728131,9846.80886190338,0.18878573497360127,-0.032936544160279094,-0.006747021131900245,0.05218276011816411
2021-09-30,43790.89453125,44092.6015625,41444.58203125,41551.26953125,31141681925,40.45485525541388,-1227.023970066497,-1003.4163443307441,49509.912440043205,39638.4473255818,0.05218276011816411,0.017470049605441563,9871.465114461404,0.4206515605859323,-0.0280200709120219,-0.003557528118337459,0.09420841893127979
2021-10-01,48116.94140625,48436.01171875,43320.0234375,43816.7421875,42850641582,51.717822467347055,-756.7188405612469,-954.0768435768448,49899.86662972788,39540.04157339712,0.09420841893127979,0.3191734410052915,10359.825056330767,0.8279000645489485,-0.01572666130567799,0.01659541677039898,-0.008462113921141138
2021-10-02,47711.48828125,48282.0625,47465.49609375,48137.46875,30614346492,48.82480833492055,-411.9664232501673,-845.6547595115094,50122.803182863725,39481.92689526127,-0.008462113921141138,-0.3362518789785929,10640.876287602456,0.7733913226278282,-0.00863453306720815,0.01579782231572305,0.010185835179136425
2021-10-03,48199.953125,49130.69140625,47157.2890625,47680.02734375,26638115879,51.99191417245459,-98.20062245657755,-696.1639321005231,50497.88488853155,39430.53308021845,0.010185835179136425,-0.13912562078695292,11067.351808313106,0.792368418088392,-0.002037359293730175,0.015617129906385691,0.018763728593427252
2021-10-04,49112.90234375,49456.77734375,47045.00390625,48208.90625,33383173002,65.60622627058947,221.57423746668064,-512.6162981870823,50831.381490943466,39299.077493431534,0.018763728593427252,0.22570885278801203,11532.303997511932,0.8509856185229703,0.00451152806885333,0.021550745823956698,0.047747610534684515
2021-10-05,51514.8125,51839.984375,49072.83984375,49174.9609375,35873904236,76.60449883342876,661.1904024354226,-277.8549580625813,51544.90031390933,38919.405154840664,0.047747610534684515,0.07195815897277028,12625.495159068669,0.9976169002853944,0.012834956983205997,0.03249359489287475,0.07201410137731079
2021-10-06,55361.44921875,55568.46484375,50488.19140625,51486.6640625,49034730168,77.66517790590277,1304.9382995341657,38.703693456768065,53323.164374964515,37898.95007816049,0.07201410137731079,0.31251869631517765,15424.214296804028,1.1321483742745129,0.02357124529702891,0.0409486201161231,-0.028498794333346032
2021-10-07,53805.984375,55338.625,53525.46875,55338.625,36807860413,70.68669668787885,1670.345430243622,365.0320408141389,54457.79294075044,37418.16799674956,-0.028498794333346032,-0.2868174054388464,17039.624944000883,0.9617474816556403,0.031043859705310373,0.029422683765907363,0.0030037607441677503
2021-10-08,53967.84765625,55922.98046875,53688.0546875,53802.14453125,34800873924,78.32407522482438,1950.5099632895653,682.1276253092242,55423.96583762532,37020.94353737468,0.0030037607441677503,-0.05606892132166053,18403.02230025064,0.9208761388418026,0.03614207436459952,0.016393446882034216,0.01836679291081593
2021-10-09,54968.22265625,55397.9453125,53735.14453125,53929.78125,32491211414,79.85077737802258,2227.58605085218,991.2193104178154,56603.77954998289,36611.9302156421,0.01836679291081593,-0.06867286448835526,19991.84933434079,0.9181888145323128,0.04052497867327167,0.020226147858028082,-0.003583836316874845
2021-10-10,54771.578125,56401.3046875,54264.2578125,54952.8203125,39527792364,78.58437094912682,2403.596116382978,1273.694671610848,57666.98569260386,36741.50180739614,-0.003583836316874845,0.19603439391024693,20925.483885207723,0.8616324676892421,0.04388400332189585,0.01825905193002647,0.04834896270757248
2021-10-11,57484.7890625,57793.0390625,54519.765625,54734.125,42637331698,84.70971233083527,2730.5428109853674,1565.064299485752,58990.39364465305,37097.20518347195,0.04834896270757248,0.07572617181489429,21893.188461181096,0.9312295427034954,0.04750026668822949,0.02248551394633293,-0.02543576350608531
2021-10-12,56041.05859375,57627.87890625,54477.97265625,57526.83203125,41083758949,83.78460759155259,2840.4109495799858,1820.133629504599,59956.558317126844,37377.695589123156,-0.02543576350608531,-0.03711731644610038,22578.86272800369,0.8265856092689102,0.05068446280022204,0.012030746226222955,0.023978814816483514
2021-10-13,57401.09765625,57688.66015625,54370.97265625,56038.2578125,41684252783,84.3689270347263,3002.6137645805647,2056.629656519792,61076.694117964355,37508.15978828565,0.023978814816483514,0.014510542366642657,23568.534329678703,0.8440464557404955,0.0523093440226858,0.00516856243181906,-0.0013872457018979745
2021-10-14,57321.5234375,58478.734375,56957.07421875,57372.83203125,36615791366,82.38175768844962,3089.1301205402124,2263.1297493238762,61910.52815946663,38122.50309053337,-0.0013872457018979745,-0.1296438209375816,23788.02506893326,0.807087611995138,0.05389127739963885,0.009041640807740212,0.0718874583745788
2021-10-15,61593.94921875,62757.12890625,56868.14453125,57345.90234375,51780081801,82.3364234060732,3462.530118493887,2503.0098231578786,63398.873483395924,38521.89331347908,0.0718874583745788,0.3465259486585057,24876.980169916846,0.9274460062146327,0.05621542639191331,0.018882169040656073,-0.011458884632588321
2021-10-16,60892.1796875,62274.4765625,60206.12109375,61609.52734375,34250964237,81.18205551166004,3659.6393267226304,2734.335723870829,64475.48070844335,39213.65015093165,-0.011458884632588321,-0.4132908368849233,25261.830557511697,0.8581535485804809,0.06010031740535451,0.014621357963026896,0.010803865067540788
2021-10-17,61553.6171875,61645.5234375,59164.46875,60887.65234375,29032367511,81.3348143379037,3825.12857161156,2952.4942934189753,65301.23141652737,40319.68811472262,0.010803865067540788,-0.16530338856166618,24981.543301804748,0.849984679338947,0.062143034745784975,0.01667674387508627,0.007646292349290159
2021-10-18,62026.078125,62614.66015625,60012.7578125,61548.8046875,38055562075,80.94081512276748,3948.883370209878,3151.772108777156,65695.00003254546,42025.07301432954,0.007646292349290159,0.27063592302452244,23669.927018215923,0.84499648415803,0.06366488885935634,0.01086207668104594,0.03541344366049976
2021-10-19,64261.9921875,64434.53515625,61622.93359375,62043.1640625,40471196346,80.78798836741518,4179.204253069409,3357.258537635607,66201.80682060112,43788.02911689888,0.03541344366049976,0.06154326807560301,22413.777703702246,0.9134543645990733,0.06503384210180667,0.019554820561986663,0.026577834542035658
2021-10-20,65992.8359375,66930.390625,63610.67578125,64284.5859375,40788955582,78.60090253098338,4450.101833622386,3575.827196832963,67033.98135608359,45176.0487220414,0.026577834542035658,0.00782082849007452,21857.93263404219,0.9523676170104471,0.06743310497880338,0.0199261090942084,-0.059027668390729156
2021-10-21,62210.171875,66600.546875,62117.41015625,66002.234375,45908121370,70.18980067250787,4309.879137233722,3722.637584913115,67381.57187610993,46237.78124889007,-0.059027668390729156,0.11823068933512763,21143.79062721986,0.7554175553340382,0.06927933177702254,0.011691762995803944,-0.02470225108270476
2021-10-22,60692.265625,63715.0234375,60122.796875,62237.890625,38434082775,65.16626630342947,4029.8160800946353,3784.0732839494194,67243.30103836086,47674.12982101415,-0.02470225108270476,-0.17769739938075993,19569.171217346717,0.6652369514987692,0.06639752262658485,-0.0021067669266651365,0.011489604888576206
2021-10-23,61393.6171875,61743.87890625,59826.5234375,60694.62890625,26882546034,64.68999214640937,3820.4178997994095,3791.3422071194173,67013.23667036819,49223.56059525681,0.011489604888576206,-0.3574674085037416,17789.676075111383,0.6841078241592609,0.06222825881282758,0.0011715887192155102,-0.007566491344887265
2021-10-24,60930.8359375,61505.8046875,59643.34375,61368.34375,27316183882,63.91224109927854,3575.90494771854,3748.254755239242,66598.51307243318,50820.07755256681,-0.007566491344887265,0.01600211303906819,15778.435519866376,0.6407960011119136,0.058687935143160286,-0.0014527479111313547,0.03402727333400422
2021-10-25,63039.82421875,63729.32421875,60691.80078125,60893.92578125,31064911614,62.89955503855746,3511.8222988920024,3700.9682639697944,66626.7124200392,51944.3793768358,0.03402727333400422,0.12859959558076567,14682.333043203398,0.7557003923875462,0.05570799637235469,0.002315963658113511,-0.04337718610106227
2021-10-26,60363.79296875,63229.02734375,59991.16015625,63032.76171875,34878965587,59.49459403064572,3208.1217501089195,3602.3989611976194,66651.29980129379,52420.02637058121,-0.04337718610106227,0.11580500394895994,14231.27343071258,0.5581908489668079,0.05314645737668848,-0.008939840593538207,-0.03166384386368273
2021-10-27,58482.38671875,61435.18359375,58208.1875,60352.0,43657076893,52.321802243947516,2783.5362432263355,3438.626417603363,66381.9131870659,53157.05321918408,-0.03166384386368273,0.2244814550121291,13224.859967881821,0.40267598390445974,0.04759614645367932,-0.017260080365783692,0.03593449158802419
2021-10-28,60622.13671875,62128.6328125,58206.91796875,58470.73046875,45257083247,56.51118200226955,2589.854877512327,3268.872109585156,66129.22727712945,54075.16803537055,0.03593449158802419,0.03599379646364097,12054.0592417589,0.5431339395361713,0.04272127341086121,-0.0036940575116760693,0.026144375505153635
2021-10-29,62227.96484375,62927.609375,60329.96484375,60624.87109375,36856881767,51.39779512347701,2536.6964513544954,3122.4369779390245,66048.4332587408,54881.93627250921,0.026144375505153635,-0.20531684174065357,11166.496986231592,0.6578633012929539,0.04076457357594709,0.003569746286589416,-0.0054647503804892625
2021-10-30,61888.83203125,62330.14453125,60918.38671875,62239.36328125,32157938616,52.23299468600074,2439.086560332209,2985.7668944176617,65744.61062395117,55897.48429792384,-0.0054647503804892625,-0.13638300750490606,9847.126326027334,0.6084361604552164,0.0394107705749015,0.0011476955338657775,-0.009250698649359285
2021-10-31,61318.95703125,62406.171875,60074.328125,61850.48828125,32241199927,49.472079060978636,2289.3556022910125,2846.484635992332,65681.33513575615,56344.17658299386,-0.009250698649359285,0.002585791030015575,9337.158552762288,0.5327938280306783,0.03733520126776271,0.000907094490369775,-0.005142950065019365
2021-11-01,61004.40625,62419.00390625,59695.18359375,61320.44921875,36150572843,47.6850709433158,2120.8631300816414,2701.360334810194,65302.28333636701,57219.56314800799,-0.005142950065019365,0.11444765923337623,8082.720188359017,0.46826353180487296,0.03476573677957306,-0.004688651709490737,0.0357758773484733
2021-11-02,63226.40234375,64242.79296875,60673.0546875,60963.25390625,37746665647,47.65205438930706,2141.9372276517097,2589.4757133784974,65247.076980289785,57857.299972835215,0.0357758773484733,0.04320434980355184,7389.77700745457,0.7265581039181399,0.033877259313386233,0.006618928783300059,-0.004062805617150114
2021-11-03,62970.046875,63516.9375,61184.23828125,63254.3359375,36124731509,42.655509758118924,2113.5887227974745,2494.298315262293,64992.37734493841,58676.85195193659,-0.004062805617150114,-0.04391943043400583,6315.5253930018225,0.6797842864854892,0.03356498569856709,0.010561934247090432,-0.02439903425460908
2021-11-04,61452.23046875,63123.2890625,60799.6640625,62941.8046875,32615846901,47.93067886718604,1946.2125031362011,2384.6811528370745,64988.19997631049,58666.85744556451,-0.02439903425460908,-0.10217944260677207,6321.342530745984,0.4406299784638232,0.03167033138245322,0.0019428591267142503,-0.005328129187967981
2021-11-05,61125.67578125,62541.46875,60844.609375,61460.078125,30605102446,51.26562193797924,1766.8482818558841,2261.1145786408365,64987.02639718046,58691.38063406954,-0.005328129187967981,-0.0636315298624151,6295.645763110922,0.38666329694782514,0.028905173796014802,-0.002553212972303123,0.006551908440948538
2021-11-06,61527.48046875,61590.68359375,60163.78125,61068.875,29094934221,50.39786098491753,1638.238530489747,2136.539369010619,64986.240431251164,58689.55292812384,0.006551908440948538,-0.05060266438809043,6296.687503127323,0.45070166483825314,0.026626127350067804,-0.0008365474263834375,0.028827681539784322
2021-11-07,63326.98828125,63326.98828125,61432.48828125,61554.921875,24726754302,56.59748191867378,1662.3570005819274,2041.7028953248807,65120.6461081732,58685.2382668268,0.028827681539784322,-0.16267824972098083,6435.407841346401,0.7212829596595304,0.02625037200883469,0.004603221172065649,0.06480556096155835
2021-11-08,67566.828125,67673.7421875,63344.06640625,63344.06640625,41125608330,61.155504388899104,2000.5298407472292,2033.4682844093504,66045.70180218205,58090.66616656794,0.06480556096155835,0.5087451736450755,7955.035635614113,1.191215525925086,0.029608165667422016,0.014595865604433893,-0.008845099182201409
2021-11-09,66971.828125,68530.3359375,66382.0625,67549.734375,42357991721,68.14455346016646,2195.2176233183636,2065.818152191153,66315.95522234705,57918.31196515294,-0.008845099182201409,0.029526108617370223,8397.643257194111,1.078102020122133,0.03277822458752486,0.008221440385766077,-0.02995816542044536
2021-11-10,64995.23046875,68789.625,63208.11328125,66953.3359375,48730828378,67.79017409378615,2165.056755337704,2085.6658728204634,66648.4834332171,57864.28961365789,-0.02995816542044536,0.14015474624190047,8784.193819559208,0.8117922943837237,0.03331100974214828,0.004522103271009613,-0.0006967481072823624
2021-11-11,64949.9609375,65579.015625,64180.48828125,64978.890625,35880633236,63.34913572797486,2113.142189551283,2091.1611361666273,66953.92155363369,57984.62102449131,-0.0006967481072823624,-0.30611417030144067,8969.300529142376,0.7765755969907192,0.03253492625784203,0.007908144149199145,-0.012300437518712916
2021-11-12,64155.94140625,65460.81640625,62333.9140625,64863.98046875,36084893887,56.26034698386847,1985.0464025869805,2069.9381894506982,67122.59503296405,58092.17996703595,-0.012300437518712916,0.005676640126950471,9030.4150659281,0.6714820298894177,0.03094095977825679,0.006912100101949869,0.00487596370827555
2021-11-13,64469.52734375,64915.67578125,63303.734375,64158.12109375,30474228777,58.393720635356246,1887.080246531339,2033.3666008668265,67300.24345732042,58268.40068330457,0.00487596370827555,-0.16899295757587562,9031.842774015851,0.6865848770402719,0.029270886948952978,0.006672679425853728,0.015351084638069591
2021-11-14,65466.83984375,65495.1796875,63647.80859375,64455.37109375,25122092191,63.12603619314813,1868.3786399745659,2000.3690086883744,67578.22300368603,58233.122699438965,0.015351084638069591,-0.19313374231384492,9345.100304247062,0.7740652222879574,0.028539313100095155,0.004747451297037337,-0.029592905846716047
2021-11-15,63557.87109375,66281.5703125,63548.14453125,65521.2890625,30558763548,57.33980833253799,1680.1519124446204,1936.3255894396236,67588.0575148893,58542.69600073569,-0.029592905846716047,0.1959038776730083,9045.361514153607,0.5544471699850059,0.02643499355046584,-0.008738043961287576,-0.05492245425158356
2021-11-16,60161.24609375,63721.1953125,59016.3359375,63721.1953125,46844335592,41.746691545375946,1242.5779588249206,1797.5760633166833,67365.79854238442,58932.840910740575,-0.05492245425158356,0.4271785925249983,8432.957631643847,0.14566718305328716,0.020654126028051285,-0.015320523256913599,0.00343096492223367
2021-11-17,60368.01171875,60823.609375,58515.41015625,60139.62109375,39178392930,42.974941125724655,902.0830540365569,1618.477461460658,67386.55678080034,58886.670172324666,0.00343096492223367,-0.17870470212392017,8499.886608475674,0.17427780094713707,0.014943063857052201,-0.010550647493673735,-0.058423750403308876
2021-11-18,56942.13671875,60948.5,56550.79296875,60360.13671875,41388338699,38.960852456583794,351.74421918485314,1365.1308130054972,67939.10734700861,57805.53679361638,-0.058423750403308876,0.05487377315239273,10133.57055339223,-0.08520196018936999,0.006177221991549014,-0.01879736210739181,0.02046697304630566
2021-11-19,58119.578125,58351.11328125,55705.1796875,56896.12890625,38702407772,42.936340313823756,10.485538028289739,1094.2017580100558,68167.89257277598,57199.82617722403,0.02046697304630566,-0.06709735278538638,10968.066395551949,0.08385725565528014,0.00018041318203890075,-0.0141163034552463,0.02678245961804076
2021-11-20,59697.1953125,59859.87890625,57469.7265625,58115.08203125,30624264863,45.92444453026643,-131.15206373857654,849.1309936603294,68218.16636451265,56987.37621361233,0.02678245961804076,-0.23410915032782018,11230.79015090032,0.24128481277607985,-0.0021969552011954336,-0.010986804039565553,-0.016326255638854346
2021-11-21,58730.4765625,60004.42578125,58618.9296875,59730.5078125,26123447605,39.37057407230424,-317.744249581694,615.7559450119248,68328.35200660005,56649.797602774954,-0.016326255638854346,-0.1589593774020626,11678.554403825096,0.17816237248022582,-0.0054102106466572914,-0.015512138364840403,-0.042454514477448545
2021-11-22,56289.2890625,59266.359375,55679.83984375,58706.84765625,35036121783,21.55438644061384,-655.0522954749467,361.5942969145505,68589.56075450801,55694.877526741984,-0.042454514477448545,0.29354629353258854,12894.683227766029,0.04609741280639044,-0.011637245848808268,-0.017349511026373617,0.022481248103212805
2021-11-23,57569.07421875,57875.515625,55632.76171875,56304.5546875,37485803899,27.0751424431556,-809.768874004134,127.32166273081361,68619.0036268396,55125.3373887854,0.022481248103212805,0.06758271837625067,13493.666238054204,0.1811025103817007,-0.014066039535865868,-0.006291839261402706,-0.02263871996463873
2021-11-24,56280.42578125,57803.06640625,55964.22265625,57565.8515625,36635566789,28.014925084856273,-1024.5555972221046,-103.05378925977004,68809.6717222048,54417.488824670196,-0.02263871996463873,-0.022942759874491136,14392.182897534607,0.129440889533081,-0.01820447487736382,-0.010016079959527335,0.01751183816078035
2021-11-25,57274.6796875,59367.96875,57146.68359375,57165.41796875,34284016248,31.522091989676525,-1101.8462442906311,-302.81228026594226,68873.6065209519,53968.454416548106,0.01751183816078035,-0.06634029177537504,14905.152104403795,0.22181761365419633,-0.0192379294009584,0.0008318612639139816,-0.06687380102128215
2021-11-26,53569.765625,59183.48046875,53569.765625,58960.28515625,41810748221,27.647148970398064,-1445.3936423438572,-531.3285526815253,69260.21105899557,52786.078394129436,-0.06687380102128215,0.19847419399077185,16474.132664866134,0.047570773333752606,-0.02698151887506708,-0.011645392174312848,0.02298046960742265
2021-11-27,54815.078125,55329.2578125,53668.35546875,53736.4296875,30560857714,30.38624559064523,-1598.7418186836367,-744.8112058819476,69204.69139943305,51990.40703806695,0.02298046960742265,-0.3134334104889392,17214.284361366103,0.16408878973047955,-0.02916609577820677,-0.01218853360440115,0.043435386277887976
2021-11-28,57248.45703125,57393.84375,53576.734375,54813.0234375,28116886357,34.22423403884552,-1506.5514250759588,-897.1592497207498,68149.9689051353,52013.29242298969,0.043435386277887976,-0.08334969664173975,16136.676482145616,0.3244264464279507,-0.02631601798898411,-0.0036511561877236747,0.009701684218223901
2021-11-29,57806.56640625,58872.87890625,56792.52734375,57291.90625,32370840356,38.35609548239908,-1372.6322614223463,-992.2538520610692,67060.35741310396,52186.37774314603,0.009701684218223901,0.14088769473235854,14873.979669957931,0.377853727637876,-0.02374526540420741,0.0037997293402295307,-0.013955922421075117
2021-11-30,57005.42578125,59113.40234375,56057.28125,57830.11328125,36708594618,42.860506046949624,-1315.9759607088708,-1056.9982737906296,66295.2688388473,52152.485848652694,-0.013955922421075117,0.1257528848672112,14142.78299019461,0.3431389660692365,-0.023085100105360787,-0.0014055807346687436,0.003928780734843055
2021-12-01,57229.828125,59041.68359375,56553.08203125,56907.96484375,36858195307,42.90606701140805,-1238.6892024067638,-1093.3364595138564,65419.02274429117,52256.71866195883,0.003928780734843055,0.004067076879824815,13162.304082332339,0.3778297045815981,-0.021644118862304617,0.002389776508114369,-0.013227302108743103
2021-12-02,56477.81640625,57349.234375,55895.1328125,57217.37109375,32379968686,48.80606279756525,-1224.010321444628,-1119.471231900011,64611.035193808726,52296.89371244128,-0.013227302108743103,-0.12953800912912966,12314.14148136745,0.33952206088703346,-0.021672408731956135,-0.0020015292446746956,-0.05233158566534184
2021-12-03,53598.24609375,57482.16796875,52496.5859375,56509.1640625,39789134215,39.30978111789746,-1428.2702507883223,-1181.2310356776732,63742.29069708291,52078.51008416709,-0.05233158566534184,0.2060538841725221,11663.780612915827,0.13029531847503298,-0.026647705006803767,7.593009188820721e-05,-0.08560843085516442
2021-12-04,49200.703125,53904.6796875,42874.6171875,53727.87890625,61385677469,28.10217705156151,-1922.8275234132743,-1329.5503332247933,63027.95265032738,51166.23445904761,-0.08560843085516442,0.43358267662205835,11861.718191279768,-0.1657037625031779,-0.03908130171489849,-0.015436769974195661,0.003411696472447897
2021-12-05,49368.84765625,49768.1484375,47857.49609375,49201.51953125,37198201161,29.796559194390397,-2274.97536672726,-1518.6353399252869,62457.401670687774,50317.88309493722,0.003411696472447897,-0.5009161377423379,12139.518575750553,-0.07817735380239046,-0.046081192386090715,-0.02115443994640139,0.024288526851428814
2021-12-06,50582.625,50929.51953125,47281.03515625,49413.48046875,37707308001,36.99542843429127,-2428.1234858709577,-1700.5329691144211,62231.10323650948,49586.31941974052,0.024288526851428814,0.013593517625772843,12644.783816768962,0.07879182394072619,-0.048003113438081904,-0.019070605284514975,0.002319467736866812
2021-12-07,50700.0859375,51934.78125,50175.80859375,50581.828125,33676814852,33.471057212183695,-2511.0703023126625,-1862.6404357540696,61790.36792089805,49060.262157226956,0.002319467736866812,-0.11304430784918988,12730.10576367109,0.1288146234379772,-0.0495279299015027,-0.016745549547666123,-0.003859286221386915
2021-12-08,50504.796875,51171.375,48765.98828125,50667.6484375,28479699446,35.33010321188529,-2563.019553202168,-2002.7162592436894,61788.542230794075,48418.35386295592,-0.003859286221386915,-0.16761808067142564,13370.188367838156,0.15605187860051703,-0.05074804200372637,-0.017858130541413265,-0.057721555808476536
2021-12-09,47672.12109375,50797.1640625,47358.3515625,50450.08203125,29603577251,27.693089477003497,-2800.4807715976203,-2162.2691617144756,61878.513994644156,47283.636395980844,-0.057721555808476536,0.03870367377421687,14594.877598663312,0.026617879810428083,-0.05874462279725947,-0.02421445249851804,-0.009035819421615396
2021-12-10,47243.3046875,50015.25390625,47023.69921875,47642.14453125,30966005122,32.664981802006,-2988.8191515046274,-2327.5791596725057,61537.620082636546,46379.14124548845,-0.009035819421615396,0.044994786699657646,15158.478837148097,0.057008585841326904,-0.06326439632609851,-0.01802934303512855,0.04388024071672512
2021-12-11,49362.5078125,49458.2109375,46942.34765625,47264.6328125,25775869261,35.74232244014945,-2933.2638534089274,-2448.7160984197903,60984.88350196458,45995.08095116042,0.04388024071672512,-0.18345123950145006,14989.802550804161,0.22464784642268057,-0.05942290988437465,0.0004690386179985293,0.014796607838164322
2021-12-12,50098.3359375,50724.8671875,48725.8515625,49354.85546875,21939223599,29.48194354177535,-2797.611574520168,-2518.495193639866,60699.88429985354,45660.98484077146,0.014796607838164322,-0.16116268754528493,15038.89945908208,0.29505823273846693,-0.05584240518508076,0.00209545452738659,-0.06944137030817533
2021-12-13,46737.48046875,50205.0,45894.84765625,50114.7421875,32166727776,22.63746514125036,-2927.5521162082296,-2600.306578153539,60384.28366778254,44893.42609784246,-0.06944137030817533,0.38265655269192955,15490.857569940083,0.11904146446261311,-0.06263820999434648,-0.011294530781128288,-0.002674827620426481
2021-12-14,46612.6328125,48431.3984375,46424.49609375,46709.82421875,34638619079,23.42054570822367,-3005.954323827551,-2681.4361272883416,60146.79502737726,44164.13544137274,-0.002674827620426481,0.07403659852761826,15982.65958600452,0.15319711703496303,-0.0644879755219802,-0.0120080015464559,0.04783877809998121
2021-12-15,48896.72265625,49473.95703125,46671.96484375,48379.75390625,36541828520,30.719431313716868,-2850.918067915889,-2715.332515413851,59472.26671444882,44000.86805117618,0.04783877809998121,0.053488373321405186,15471.398663272645,0.3164455077158416,-0.05830489065613242,-0.004622563786260455,-0.025504064198459072
2021-12-16,47665.42578125,49425.57421875,47529.87890625,48900.46484375,27268150947,30.052895849712982,-2795.184933592893,-2731.30299904966,59331.590549805165,43551.11023144483,-0.025504064198459072,-0.29273820212800145,15780.480318360336,0.26072182004612177,-0.0586417699575533,-2.006498482938837e-05,-0.031180093256039695
2021-12-17,46202.14453125,48004.89453125,45618.21484375,47653.73046875,32902725329,32.111782440806635,-2836.39440176043,-2752.321279591814,59064.12513960944,42957.282282265565,-0.031180093256039695,0.18783610192020397,16106.842857343872,0.20145861468467402,-0.06139096854783358,-0.0031835326754614313,0.01389869565630835
2021-12-18,46848.77734375,47313.828125,45598.44140625,46219.25390625,26098292690,43.05076795620028,-2784.7741948915573,-2758.8118626517626,58183.203851824735,42798.235601300265,0.01389869565630835,-0.23168559307547062,15384.968250524471,0.2632791746132716,-0.05944176887389076,-0.007466610541235255,-0.0030305301841360094
2021-12-19,46707.015625,48089.6640625,46502.953125,46853.8671875,25154053861,42.1228073055252,-2723.904321548245,-2751.8303544310593,56980.154453042756,42891.329921957244,-0.0030305301841360094,-0.03685082714023001,14088.824531085513,0.2708306640219399,-0.05831895455316292,-0.010013344544421017,0.003702680378992096
2021-12-20,46880.27734375,47401.71875,45579.80859375,46707.0625,30961902129,38.32457451507863,-2631.351157500947,-2727.734515045037,55753.07955514145,43105.88997610855,0.003702680378992096,0.20773841423689468,12647.1895790329,0.2984368459138549,-0.05612917215072223,0.00043580555374575904,0.042928792887466996
2021-12-21,48936.61328125,49300.91796875,46698.7734375,46886.078125,27055803928,45.04480376633067,-2364.81289256359,-2655.150190548748,54163.17046616692,43866.47758070807,0.042928792887466996,-0.13485593987482927,10296.692885458848,0.4924042852342969,-0.04832399984388918,0.006950608483444827,-0.006315834406489169
2021-12-22,48628.51171875,49544.796875,48450.94140625,48937.09765625,24447979559,44.76102534166894,-2153.615084364086,-2554.843169311816,52385.710889047936,44859.00668907706,-0.006315834406489169,-0.10135396835198952,7526.7041999708745,0.5008174799385665,-0.044287086078632826,-0.0007857647317652272,0.043381939329586325
2021-12-23,50784.5390625,51332.33984375,48065.8359375,48626.34375,28223878108,59.03179506897241,-1791.613308816166,-2402.197197212686,51620.33262451851,45343.014250481494,0.043381939329586325,0.14362078419657948,6277.318374037015,0.8668549988676346,-0.03527871556757158,0.0090550929150984,0.0007412156675569818
2021-12-24,50822.1953125,51814.02734375,50514.49609375,50806.05078125,24367912228,60.62667746118497,-1484.5725210356977,-2218.6722619772886,51859.40310436507,45266.09298938493,0.0007412156675569818,-0.14690116686987484,6593.310114980137,0.8426878496873135,-0.02921110573652372,0.01361527990418364,-0.0077497271989944395
2021-12-25,50429.859375,51176.59765625,50236.70703125,50854.91796875,19030650914,53.53139720509353,-1258.3927476061508,-2026.6163591030613,52000.05661838621,45231.540647238784,-0.0077497271989944395,-0.24721630886198176,6768.515971147426,0.7680145470468924,-0.02495332652523683,0.010522648067711813,0.007500204929835927
2021-12-26,50809.515625,51196.37890625,49623.10546875,50428.69140625,20964372926,52.409775379529485,-1036.5597456587202,-1828.6050364141931,52040.557085690554,45213.72924243445,0.007500204929835927,0.09677358431049747,6826.827843256106,0.8196759184564086,-0.02040089799928535,0.012027038798279233,-0.003333620966693561
2021-12-27,50640.41796875,51956.328125,50499.46875,50802.609375,24324345758,66.87481970841235,-864.4355857066475,-1635.771146272684,52030.04105773221,45218.27847351779,-0.003333620966693561,0.14865326218405206,6811.762584214419,0.7959965468844554,-0.017070072096168072,0.01102185289175271,-0.062151426511976506
2021-12-28,47588.85546875,50679.859375,47414.2109375,50679.859375,33430376883,53.36835303786996,-963.1588440267296,-1501.2486858234934,51793.71941570461,45163.00597492039,-0.062151426511976506,0.31798724232252973,6630.713440784224,0.36585044965272073,-0.020239168068650098,-0.003989607022453504,-0.024336011956341844
2021-12-29,46444.7109375,48119.7421875,46201.49609375,47623.87109375,30049226299,40.81722814773421,-1120.8007458413122,-1425.1590978270572,51838.91656264528,44995.06781235472,-0.024336011956341844,-0.10662806063616058,6843.848750290563,0.21181694365813145,-0.02413193500869363,-0.006563918101003887,0.01566773871313257
2021-12-30,47178.125,47879.96484375,46060.3125,46490.60546875,26686491018,48.10437033135721,-1173.0307352021264,-1374.7334253020713,51840.484854464135,44986.98155178586,0.01566773871313257,-0.11867943054221601,6853.503302678277,0.31971144558397535,-0.024863869329315787,-0.010523089617640138,-0.018649172756865187
2021-12-31,46306.4453125,48472.52734375,45819.953125,47169.37109375,36974172400,50.42531236988238,-1270.1194969782373,-1353.8106396373046,51780.82812611546,44741.032030134535,-0.018649172756865187,0.32606214266928635,7039.796095980928,0.22236628178179038,-0.027428568278277672,-0.013293145106843304,0.02937373314776973
2022-01-01,47686.8125,47827.3125,46288.484375,46311.74609375,24582667004,53.22435248283422,-1221.5971330195898,-1327.3679383137617,51558.99534805233,44721.712464447664,0.02937373314776973,-0.4081780243929193,6837.282883604668,0.4336664265657352,-0.025617085080274337,-0.007989793628734138,-0.007189054400021723
2022-01-02,47345.21875,47881.40625,46856.9375,47680.92578125,27951569547,52.41830916701698,-1196.9093449264183,-1301.276219636293,51547.42520951276,44794.05643111224,-0.007189054400021723,0.128431752289733,6753.368778400516,0.37776144063786815,-0.025280469211612172,-0.010088259247285231,-0.018914636695763702
2022-01-03,46458.1171875,47510.7265625,45835.96484375,47343.54296875,33071628362,48.482428989842795,-1234.693004882749,-1287.9595766855844,51555.38025478523,44770.649823339765,-0.018914636695763702,0.16820241208413922,6784.730431445467,0.24871546205270179,-0.02657647532076386,-0.012314118637152396,-0.012138934663861074
2022-01-04,45897.57421875,47406.546875,45752.46484375,46458.8515625,42494677905,37.75892126628485,-1294.9406903342024,-1289.355799415308,51531.66451915813,44494.45071521687,-0.012138934663861074,0.2507030766879516,7037.213803941253,0.1993862262287804,-0.028213706549336443,-0.0051694769445644745,-0.05206628845481275
2022-01-05,43569.00390625,46929.046875,42798.22265625,45899.359375,36851084859,32.47334264311077,-1513.141030755316,-1334.1128456833096,51850.058830106645,43766.41421676836,-0.05206628845481275,-0.14249378425794845,8083.644613338285,-0.02442095366149599,-0.03472975957887931,-0.009130945015774605,-0.009410297303589778
2022-01-06,43160.9296875,43748.71875,42645.5390625,43565.51171875,30208048289,19.95218569980453,-1699.4048701222273,-1407.1712505710932,52155.369530250384,43156.982032249616,-0.009410297303589778,-0.19877666955445067,8998.387498000768,0.00043870696291535235,-0.03937368547032013,-0.012713521589592084,-0.037847988650375176
2022-01-07,41557.90234375,43153.5703125,41077.4453125,43153.5703125,84196607520,17.496372967237605,-1953.8484654795247,-1516.5066935527796,52649.016104118,42134.247958382,-0.037847988650375176,1.02504624118838,10514.768145736001,-0.054812964645889015,-0.04701508871449016,-0.015456209574379223,0.004227048332596754
2022-01-08,41733.94140625,42228.94140625,40672.27734375,41561.46484375,28066355845,19.02031407818751,-2116.8897791870404,-1636.5833106796317,52975.63781755308,41310.31882307192,0.004227048332596754,-1.0985830715875715,11665.31899448116,0.036314702013589314,-0.05072345692396115,-0.019048593119403934,0.004247935206112907
2022-01-09,41911.6015625,42663.94921875,41338.16015625,41734.7265625,21294384372,17.837799219251238,-2206.3322799785456,-1750.5331045394146,53180.00827713896,40609.080785361046,0.004247935206112907,-0.2761281646646594,12570.927491777911,0.10361373717180151,-0.05264251896192485,-0.0174147374613847,-0.002157811766201214
2022-01-10,41821.26171875,42199.484375,39796.5703125,41910.23046875,32104232331,17.939940710934863,-2258.471522778411,-1852.120788187214,53135.35104327025,39942.20286297975,-0.002157811766201214,0.41054447631448726,13193.148180290504,0.1424268741692199,-0.054002950412322344,-0.01502090532859006,0.021633410637439378
2022-01-11,42735.85546875,43001.15625,41407.75390625,41819.5078125,26327648900,29.112774420895832,-2200.6247440856678,-1921.8215793669049,52972.78366439221,39515.50461685779,0.021633410637439378,-0.19836819382265888,13457.279047534423,0.2393017816244204,-0.05149363970717385,-0.010196284571261425,0.027993907251911834
2022-01-12,43949.1015625,44135.3671875,42528.98828125,42742.1796875,33499938689,39.32245427318429,-2033.4416849920817,-1944.1456004919403,52348.42656005168,39456.317971198325,0.027993907251911834,0.24092393271039866,12892.108588853356,0.3484909827075015,-0.046268105892911714,0.001240886243984945,-0.03137582795207003
2022-01-13,42591.5703125,44278.421875,42447.04296875,43946.7421875,47691135082,31.371170259822918,-1987.5777733376526,-1952.832035061083,51659.34791007271,39322.33412117729,-0.03137582795207003,0.35320192463477135,12337.01378889542,0.26499412639589415,-0.04666598950812405,-0.0018970467057979484,0.011859664695822615
2022-01-14,43099.69921875,43346.6875,41982.6171875,42598.87109375,23577403399,36.57907686573143,-1888.4595506216428,-1939.957538173195,50916.83017952184,39331.83583610316,0.011859664695822615,-0.7044567630264146,11584.994343418686,0.3252365319269233,-0.043816072614262964,0.005204046629373164,0.0018011556222094572
2022-01-15,43177.3984375,43724.671875,42669.03515625,43101.8984375,18371348298,28.81740334147797,-1783.0836885863537,-1908.5827682558267,49932.467102217954,39552.98719465705,0.0018011556222094572,-0.24949647699116745,10379.479907560904,0.3491900630013657,-0.041296691165110304,0.004857490527889265,-0.0014722123644015362
2022-01-16,43113.87890625,43436.80859375,42691.0234375,43172.0390625,17902097845,29.590442078369378,-1685.2712955976021,-1863.920473724182,48790.535051291554,39942.26533933344,-0.0014722123644015362,-0.02587438924318314,8848.269711958113,0.358444494817996,-0.03908883492627004,0.0040403265892443455,-0.02022757169904886
2022-01-17,42250.55078125,43179.390625,41680.3203125,43118.12109375,21690904261,29.65846045650656,-1658.3017635340802,-1822.7967316861618,48345.58111772674,39853.388804148264,-0.02022757169904886,0.19197511017143248,8492.192313578475,0.2822783432811035,-0.03924923421992414,0.0014589323131232526,0.002956109256612036
2022-01-18,42375.6328125,42534.40234375,41392.21484375,42250.07421875,22417209227,32.224697977368066,-1608.2957087004543,-1779.8965270890205,48058.09130437124,39733.97080500375,0.002956109256612036,0.03293591876020436,8324.120499367491,0.31735028435696694,-0.03795331425059068,-0.0012092535984235106,-0.01500991044287061
2022-01-19,41744.328125,42478.3046875,41242.9140625,42374.0390625,23091543258,38.88690367715667,-1601.1495073783663,-1744.14712314689,47589.038548222874,39659.64387365212,-0.01500991044287061,0.02963752481628857,7929.394674570751,0.2629058505604611,-0.03835609720640021,-0.007352656126249574,-0.02581674309560386
2022-01-20,40680.41796875,43413.0234375,40672.82421875,41744.02734375,20382033940,36.010169439248834,-1662.1742395205729,-1727.7525464216267,47304.82601981176,39381.25366768824,-0.02581674309560386,-0.124812634172278,7923.5723521235195,0.1639619408174423,-0.04085932059000541,-0.006558501146754408,-0.10960468291543993
2022-01-21,36457.31640625,41060.52734375,35791.42578125,40699.60546875,43011992031,27.795512270243293,-2027.929077500703,-1787.787852637442,47295.742899526405,38267.3871785986,-0.10960468291543993,0.7468251376544904,9028.355720927808,-0.2004873122303585,-0.0556247490874849,-0.0239105508055062,-0.039930188839646726
2022-01-22,35030.25,36688.8125,34349.25,36471.58984375,39714385405,23.683173406180003,-2405.2188880691683,-1911.2740597237876,47366.37497677177,36965.25822635324,-0.039930188839646726,-0.07976548642437072,10401.116750418529,-0.18603850651663822,-0.06866119676762708,-0.029872171442914226,0.034966573781181565
2022-01-23,36276.8046875,36433.3125,34784.96875,35047.359375,26017975951,29.59206425019184,-2573.966156171875,-2043.8124790134052,47076.815959841704,36236.685993283296,0.034966573781181565,-0.4229257929726983,10840.129966558408,0.0037009421787806847,-0.07095349709945081,-0.02466663056497378,0.010352967106698903
2022-01-24,36654.328125,37247.51953125,33184.05859375,36275.734375,41856658597,31.667906144158763,-2646.7267768372767,-2164.3953385781797,46668.14267378139,35721.034669968605,0.010352967106698903,0.47546320868256303,10947.108003812784,0.08525479557763123,-0.07220775587022922,-0.020297982164152677,0.008142486826951165
2022-01-25,36954.00390625,37444.5703125,35779.4296875,36654.8046875,26428189594,28.550258471476553,-2649.6650722806953,-2261.449285318683,46529.35428282665,35198.32306092334,0.008142486826951165,-0.4598196624158331,11331.031221903308,0.15494448924760748,-0.07170170461102754,-0.019557071082675653,-0.0027608244495656064
2022-01-26,36852.12109375,38825.41015625,36374.90625,36950.515625,31324598034,21.305178036973572,-2629.8989460921293,-2335.1392174733724,46375.61237126629,34721.184113108706,-0.0027608244495656064,0.16997244046082902,11654.428258157583,0.1828435452549592,-0.07136357061787013,-0.017807201655060657,0.007733837890785913
2022-01-27,37138.234375,37148.32421875,35629.28125,36841.87890625,25041426629,25.859279569163604,-2561.6184550345206,-2380.435064985602,46326.124568637664,34328.70511886233,0.007733837890785913,-0.22387214997433702,11997.419449775334,0.23417779697533603,-0.06897523531056451,-0.013014261514147831,0.017247505090414967
2022-01-28,37784.33203125,37952.87890625,36211.109375,37128.4453125,22238830523,26.753990348543056,-2427.3895569263113,-2389.825963373744,46193.378675602275,34066.49007439772,0.017247505090414967,-0.1186916350082467,12126.888601204555,0.306578387838302,-0.06424328356311046,0.005107479629545726,0.00932135173920975
2022-01-29,38138.1796875,38576.26171875,37406.47265625,37780.71484375,17194183075,28.481444240645388,-2266.334743301064,-2365.1277193592077,46006.110359145656,33876.41620335435,0.00932135173920975,-0.25726875029709356,12129.694155791309,0.35134962426983596,-0.059424302939237235,0.012143413997953795,-0.005800446457155093
2022-01-30,37917.6015625,38266.33984375,37437.7109375,38151.91796875,14643548444,28.104465431724464,-2131.920996235116,-2318.4863747343898,45807.43573011444,33684.724816760565,-0.005800446457155093,-0.1605712740866878,12122.710913353876,0.34916915663445575,-0.0562251014933275,0.0063195539639056995,0.014804408066392667
2022-01-31,38483.125,38647.26171875,36733.57421875,37920.28125,20734730465,33.7165432765767,-1957.2027037049847,-2246.2296405285088,45449.8287922738,33617.058707726195,0.014804408066392667,0.34781023535989863,11832.770084547607,0.4112364440029119,-0.05085872583645389,0.006955474101004809,0.006737318502634114
2022-02-01,38743.2734375,39115.1328125,38113.6640625,38481.765625,20288500328,34.481511001811725,-1777.25826635283,-2152.435365693373,44817.96423334854,33728.34045415146,0.006737318502634114,-0.02175585535007553,11089.623779197078,0.45221849570366424,-0.04587269243575594,0.006754735768959516,-0.04731073995912287
2022-02-02,36952.984375,38834.6171875,36832.73046875,38743.71484375,19155189416,31.374485536718225,-1758.837583768065,-2073.7158093083117,44397.263698465256,33585.18239528474,-0.04731073995912287,-0.05748057253155648,10812.081303180516,0.31148507722784735,-0.047596631598664084,0.00039046212473705023,0.005441215831991581
2022-02-03,37154.6015625,37154.6015625,36375.5390625,36944.8046875,18591534769,35.30912221822555,-1708.2782695347778,-2000.6283013536051,43793.94652245737,33593.989805667625,0.005441215831991581,-0.02986730952237525,10199.956716789748,0.3490810653118795,-0.045977569337170246,6.294468776643115e-05,0.11062688345744714
2022-02-04,41500.875,41527.78515625,37093.62890625,37149.265625,29412210792,70.80128253666703,-1302.4874412091594,-1861.000129324716,43448.225429458675,33772.05855491632,0.11062688345744714,0.4587035640045571,9676.166874542352,0.7987477422921588,-0.03138457782418225,0.013402855883056742,-0.0014398234837348135
2022-02-05,41441.1640625,41847.1640625,41038.09765625,41501.48046875,19652846215,79.80202608031831,-974.4802580057949,-1683.6961550609317,43086.62247468623,33966.39002531377,-0.0014398234837348135,-0.40318774780571837,9120.232449372459,0.81958152697081,-0.023514789703689802,0.011865545136921807,0.02316687651757865
2022-02-06,42412.43359375,42500.78515625,41244.90625,41441.12109375,16142097334,79.27150029761228,-628.9091945073596,-1472.7387629502173,43123.03546992446,33946.16531132553,0.02316687651757865,-0.19679157262924704,9176.870158598933,0.9225659877611392,-0.01482841566063866,0.016003734133312342,0.033111582709537346
2022-02-07,43840.28515625,44401.86328125,41748.15625,42406.78125,28641855926,81.1596240393915,-237.09288969226327,-1225.6095882986265,43491.635424337874,33724.030591287126,0.033111582709537346,0.5734385411343746,9767.604833050747,1.0356944960274561,-0.00540810555513603,0.01861904479661872,0.006324808965338507
2022-02-08,44118.4453125,45293.8671875,42807.8359375,43854.65234375,33079398868,81.1244038057329,94.77702414796659,-961.5322658093079,44028.81590413986,33424.26183023513,0.006324808965338507,0.14404155604429375,10604.554073904728,1.0084519733441397,0.0021482403442968463,0.018560114862719353,0.00498211368199733
2022-02-09,44338.796875,44727.80078125,43232.96875,44096.703125,23245887300,82.19291335276185,371.2868872803592,-694.9684351913745,44723.28494281182,33095.63068218817,0.00498211368199733,-0.35278247185881556,11627.654260623647,0.9669333075102832,0.00837386021833411,0.02603052252573652,-0.01760339378138894
2022-02-10,43565.11328125,45661.171875,43402.80859375,44347.80078125,32142048537,76.52358842034432,521.9761299791862,-451.57952215726243,45311.836895395194,33217.858417104806,-0.01760339378138894,0.32403687014216054,12093.978478290388,0.8555708018431195,0.011981516646344626,0.022738435438110736,-0.026921126055171853
2022-02-11,42407.9375,43810.83203125,42114.5390625,43571.12890625,26954925781,68.30916176599341,541.7787378061403,-252.90787016458194,45490.16452517068,33777.29953732932,-0.026921126055171853,-0.1759990407470856,11712.864987841356,0.736851143732046,0.012775408797141815,0.003088719793450876,-0.00386212183286643
2022-02-12,42244.46875,42992.55078125,41852.57421875,42412.30078125,18152390304,66.50955101107473,538.0792426528278,-94.7104476011,45675.4114032379,34188.8190655121,-0.00386212183286643,-0.3953638062292924,11486.5923377258,0.7013089215353938,0.012737270903728143,0.0027426771721463595,-0.001112080209543203
2022-02-13,42197.515625,42693.0546875,41950.94140625,42236.56640625,14741589015,67.45126296750058,525.3032721748532,29.292296354090638,45820.02924307453,34598.519975675474,-0.001112080209543203,-0.2081295653615232,11221.509267399058,0.6771812479271924,0.01244867770991798,-0.0007257452174424768,0.009185768314632001
2022-02-14,42586.91796875,42775.77734375,41681.95703125,42157.3984375,20827783012,66.97696621351491,540.3706814479447,131.50797337286144,45977.79672157089,35004.043903429105,0.009185768314632001,0.345615133287247,10973.752818141787,0.6910009903616756,0.012688654338509894,-0.004143718702428955,0.045630604487240684
2022-02-15,44575.203125,44667.21875,42491.03515625,42586.46484375,22721659051,71.10801326731722,704.6272033832938,246.13181937494795,46372.73427090504,35381.41455721996,0.045630604487240684,0.08703079564256537,10991.31971368508,0.8364590246912927,0.015807604990769043,0.0014713949435570706,-0.01385529504989858
2022-02-16,43961.859375,44578.27734375,43456.69140625,44578.27734375,19792547657,77.73036202882531,776.3605644052004,352.1775683809985,46582.26236576409,35854.24896236091,-0.01385529504989858,-0.13801312690611586,10728.01340340318,0.7557420099854099,0.017659866426093365,-0.0012196634467137733,-0.08108233071910446
2022-02-17,40538.01171875,44132.97265625,40249.37109375,43937.0703125,26246662813,60.666638260162365,550.5870534319911,391.85946539119703,46485.04052837227,36226.838768502734,-0.08108233071910446,0.2822333641306751,10258.201759869538,0.42026595412778023,0.013581994530267717,-0.010288083009244563,-0.012586526423760572
2022-02-18,40030.9765625,40929.15234375,39637.6171875,40552.1328125,23310007704,43.88588802108891,326.9772297671516,378.883018266388,46396.26073919984,36504.89824517516,-0.012586526423760572,-0.11865606647293571,9891.362494024681,0.3564805474932872,0.008168105248610285,-0.008240283061900094,0.002275138191892225
2022-02-19,40122.15625,40418.87890625,39713.05859375,40026.0234375,13736557863,44.52785032576911,155.33170504663576,334.1727556224376,46267.43517192236,36854.17928120264,0.002275138191892225,-0.5288220475728876,9413.255890719724,0.34716754826763224,0.003871469521198422,-0.007363531629791716,-0.043054421746525254
2022-02-20,38431.37890625,40119.890625,38112.8125,40118.1015625,18340576452,34.41432166552276,-115.79539393720916,244.17912571050823,46272.02286234597,36844.416981404036,-0.043054421746525254,0.2890551617644696,9427.605880941934,0.1683313817831382,-0.003013042915261561,-0.013355294706503438,-0.03592381094835431
2022-02-21,37075.28125,39394.4375,36950.4765625,38423.2109375,29280402798,23.365626631159103,-435.0760350192868,108.32809356454922,46450.09415942668,36499.54646557332,-0.03592381094835431,0.4678025480196588,9950.547693853354,0.05785960754524714,-0.011734935524441553,-0.01979952031550148,0.03213453434150656
2022-02-22,38286.02734375,38359.85546875,36488.93359375,37068.76953125,25493150450,28.608167441812483,-583.6828200121454,-30.07408915078969,46292.33857522912,36790.60634664587,0.03213453434150656,-0.13850863948239853,9501.732228583249,0.1573840391550314,-0.015245322132055277,-0.02172753033632064,-0.026183634615420347
2022-02-23,37296.5703125,39122.39453125,37201.81640625,38285.28125,21849073843,25.55029169148513,-772.3920264736516,-178.5376766153621,46272.18486244505,36824.95693442995,-0.026183634615420347,-0.15425127268319605,9447.227928015098,0.04992082139475653,-0.020709465240421405,-0.023488721702823755,0.027399579951549815
2022-02-24,38332.609375,38968.83984375,34459.21875,37278.56640625,46383802093,32.15844174179894,-828.7919407785521,-308.58852944800014,46328.146776489375,36452.16845788562,0.027399579951549815,0.7527917718666616,9875.978318603753,0.19040553314823808,-0.021621067657321517,-0.007991305892730284,0.022738450595305906
2022-02-25,39214.21875,39630.32421875,38111.34375,38333.74609375,26545599159,38.90163680739754,-793.2071720341992,-405.51225796524,46311.480344562435,36246.14035856256,0.022738450595305906,-0.5580863282362295,10065.339985999875,0.2948810865371182,-0.020227539839339503,-0.0029448806042922148,-0.0027852723260769346
2022-02-26,39105.1484375,40005.34765625,38702.53515625,39213.08203125,17467554129,39.04927259131034,-764.9887351600264,-477.4075534041973,46206.26233840761,36020.62984909239,-0.0027852723260769346,-0.4185188669452487,10185.63248931522,0.30283034378503104,-0.019562353442608038,-0.0036677963925735237,-0.036334517924426976
2022-02-27,37709.78515625,39778.94140625,37268.9765625,39098.69921875,23450127612,35.69169171862005,-845.4734838607837,-551.0207394955146,45946.44384808324,35667.398339416766,-0.036334517924426976,0.2945308264734426,10279.045508666473,0.19869420902077503,-0.0224205330355921,-0.00270781013227377,0.13576425730332167
2022-02-28,43193.234375,43760.45703125,37518.21484375,37706.0,35690014104,51.45915389999837,-461.47016144556983,-533.1106238855257,45790.158687307725,35731.16240644227,0.13576425730332167,0.4199949959288997,10058.996280865453,0.7418306717889517,-0.010683852879345061,0.0218190567608228,0.026533380332524757
2022-03-01,44354.63671875,44793.6015625,42952.5859375,43194.50390625,32479047645,49.44718586127298,-62.70645792715368,-439.0297906938513,45793.32751519431,35729.57756293069,0.026533380332524757,-0.09427573909374415,10063.74995226362,0.8570422751688535,-0.0014137520350977382,0.02101889190239683,-0.009753715935407227
2022-03-02,43924.1171875,45077.578125,43432.8515625,44357.6171875,29183112630,49.90453037084348,216.08641222747247,-308.00655010958656,45855.754042449684,35703.05142630031,-0.009753715935407227,-0.10700498620372978,10152.70261614937,0.8097416098962713,0.004919539106615595,0.023366023142398707,-0.03409447865241336
2022-03-03,42451.7890625,44021.578125,41914.75,43925.1953125,24967782593,55.37123034193085,314.6006747448773,-183.4851051386938,45860.945286740556,35702.24533825945,-0.03409447865241336,-0.15600390988017604,10158.69994848111,0.664410186192088,0.0074107754158889245,0.014581157627546823,-0.0812852755652355
2022-03-04,39137.60546875,42479.61328125,38805.84765625,42458.140625,28516271427,47.833960216991336,123.81970285972056,-122.02414353901094,45707.261283673586,35545.24301320142,-0.0812852755652355,0.13288855411573522,10162.018270472166,0.3535087578012504,0.0031637015442497174,-0.0002793746811019495,0.0066969062286334315
2022-03-05,39400.5859375,39566.3359375,38777.03515625,39148.44921875,16975917450,48.26495744157256,-6.085120373492828,-98.83633890590733,45539.207985394765,35433.60334273023,0.0066969062286334315,-0.518679132508403,10105.604642664533,0.39255272049940454,-0.00015444238273881197,0.0010752222552852452,-0.025202937052357023
2022-03-06,38419.984375,39640.17578125,38211.6484375,39404.19921875,19745229902,49.97163259887989,-186.0176835006714,-116.27260782486016,45309.77171759229,35246.34625115771,-0.025202937052357023,0.1511162191137616,10063.425466434579,0.3153636040160766,-0.0048416907639794275,0.002665448094152381,-0.0093603152707349
2022-03-07,38062.0390625,39430.2265625,37260.203125,38429.3046875,28546143503,52.58507168940744,-353.4246717513015,-163.70302061014843,44644.73188443903,35260.069678060965,-0.0093603152707349,0.3686099100478839,9384.662206378067,0.2985690185560907,-0.009285489701982555,-0.018066633702141417,0.01758473821596099
2022-03-08,38737.26953125,39304.44140625,37957.38671875,38059.90234375,25776583476,51.21627443804242,-426.6918226257112,-216.300781013261,44010.56042477791,35371.782153347085,0.01758473821596099,-0.1020553856896634,8638.778271430827,0.38957909002393054,-0.011015020619393212,-0.01934501114736481,0.08046083301385845
2022-03-09,41982.92578125,42465.671875,38706.09375,38742.81640625,32284121034,61.2618238134226,-220.31952689910395,-217.1045301904296,44189.462940743324,35337.371043631676,0.08046083301385845,0.2251090379104922,8852.091897111648,0.7507326872403972,-0.0052478364191926065,-0.006457218440326857,-0.06254685680053026
2022-03-10,39437.4609375,42004.7265625,38832.94140625,41974.0703125,31078064711,52.475491200007845,-259.17809155034774,-225.51924246241325,44160.19254462209,35307.28987725291,-0.06254685680053026,-0.03807324491999814,8852.902667369184,0.46653297968246926,-0.00657187570876051,-0.010521843890057845,-0.016425482290646415
2022-03-11,38794.97265625,40081.6796875,38347.43359375,39439.96875,26364890465,49.050477640879244,-337.9218658748214,-247.99976714489492,44109.08247701684,35225.681585483166,-0.016425482290646415,-0.16446903716204023,8883.400891533674,0.40179331253283246,-0.008710455059964607,-0.0012561591365451172,0.002806706804667275
2022-03-12,38904.01171875,39308.59765625,38772.53515625,38794.46484375,14616450657,49.54445829100773,-387.06647193104436,-275.81310810212483,44109.99664506475,35272.03069868525,0.002806706804667275,-0.5898855666843785,8837.965946379496,0.4109521401304098,-0.009949268849939595,-0.0018119019113974253,-0.027475269974984843
2022-03-13,37849.6640625,39209.3515625,37728.14453125,38884.7265625,17300745310,50.32177319684713,-505.2665720812802,-321.70380089795594,44064.99165383327,35394.47397116673,-0.027475269974984843,0.16860193035018878,8670.517682666541,0.2831653404318895,-0.0133493013635986,-0.0021365209003442564,0.04689129940953424
2022-03-14,39666.75390625,39742.5,37680.734375,37846.31640625,24322159070,40.24177779315071,-447.16242857128236,-346.7955264326212,44080.87608320573,35516.66219804427,0.04689129940953424,0.34063824862817277,8564.213885161458,0.4845852478527867,-0.011272977608102846,0.005899424053979906,-0.00830247189817811
2022-03-15,39338.78515625,39794.62890625,38310.2109375,39664.25,23934000868,35.44935880351085,-422.7061203674748,-361.9776452195919,44026.28623826342,35775.47352736158,-0.00830247189817811,-0.016087752289091768,8250.812710901839,0.4318740169898374,-0.010745276415845719,0.002201251180531463,0.044865467674200424
2022-03-16,41143.9296875,41465.453125,39022.34765625,39335.5703125,39616916192,42.53058174582519,-254.727897824705,-340.52769574061455,44133.30348521847,35949.58831165653,0.044865467674200424,0.5039561251944346,8183.715173561941,0.6347167839642701,-0.006191141676534954,-0.002883801010848256,-0.004690916877794194
2022-03-17,40951.37890625,41287.53515625,40662.87109375,41140.84375,22009601093,45.671233994424185,-135.57832256668917,-299.5378211058295,44219.97593555235,36036.63187694766,-0.004690916877794194,-0.5877774321362553,8183.344058604693,0.6005792979135397,-0.003310714466466896,0.005381333263828325,0.020538517974936225
2022-03-18,41801.15625,42195.74609375,40302.3984375,40944.83984375,34421564942,58.95836032087077,27.106042422543396,-234.20904840015493,44390.334027196484,36135.87456655351,0.020538517974936225,0.44720448434018123,8254.459460642975,0.6863298209237932,0.0006484519772714038,0.010661904730340132,0.009274687432012266
2022-03-19,42190.65234375,42316.5546875,41602.66796875,41794.6484375,19664853187,59.30468711936484,185.32731543492991,-150.301775633138,44516.08807393759,36458.20723856241,0.009274687432012266,-0.5598503156606623,8057.880835375181,0.7114085231964055,0.004392615547277353,0.011585901962817988,-0.022600322885966202
2022-03-20,41247.82421875,42241.1640625,41004.7578125,42191.40625,20127946682,59.45447901481708,231.96649867329688,-73.84812077185101,44233.40093441702,36546.35336245799,-0.022600322885966202,0.02327629141235946,7687.047571959032,0.6116094394213875,0.005623726901159844,0.012282322975534934,-0.004125761887466681
2022-03-21,41077.99609375,41454.41015625,40668.04296875,41246.1328125,24615543271,60.21187573885766,252.31613370423293,-8.61526987663423,43609.83238301687,36842.25785135814,-0.004125761887466681,0.2012688521280583,6767.574531658727,0.6258871952686214,0.00614236714781281,0.004994171361677661,0.03070379130997368
2022-03-22,42358.80859375,43124.70703125,40948.28125,41074.10546875,32004652376,61.77928412103804,367.55725934152724,66.61923596699808,43230.430996695344,37065.12837830465,0.03070379130997368,0.26250319528625815,6165.302618390691,0.8586245547223893,0.008677233178738647,0.010566494677127917,0.012531246090632069
2022-03-23,42892.95703125,42893.5078125,41877.5078125,42364.37890625,25242943069,53.59384082250713,496.2673355890802,152.54885589141452,43327.312715968204,37012.3634559068,0.012531246090632069,-0.2373346447390588,6314.949260061403,0.931217866235886,0.011569902611925793,0.005947320165189581,0.024593725965785046
2022-03-24,43960.93359375,44131.85546875,42726.1640625,42886.65234375,31042992291,70.22387551410682,676.6478067449789,257.36864606212737,43950.24303502973,36871.765949345274,0.024593725965785046,0.20682645755326676,7078.477085684455,1.0015102907856959,0.015392025405965879,0.010130840571415186,0.008782716407665668
2022-03-25,44348.73046875,44999.4921875,43706.28515625,43964.546875,30574413034,75.40880714453705,841.1958148386839,374.13407981743865,44572.220697915836,36744.60273958417,0.008782716407665668,-0.015209607987067027,7827.61795833167,0.971448500634995,0.018967754114887825,0.008451440347519393,0.0034237154855725296
2022-03-26,44500.828125,44735.99609375,44166.2734375,44349.859375,16950455995,75.50531419678958,972.6620636746229,493.83967658887553,45083.38385433391,36841.523958166086,0.0034237154855725296,-0.5898687479847589,8241.859896167822,0.9293174433108593,0.021857167712530583,0.007615587212313715,0.050813175792382204
2022-03-27,46820.4921875,46827.546875,44437.29296875,44505.35546875,28160889722,86.65398545288788,1249.622644658055,644.9962702027115,46050.978865482946,36749.77425951706,0.050813175792382204,0.5076393902077205,9301.20460596589,1.0827326518032294,0.026689652036414848,0.0181032298806492,0.0065464127633699815
2022-03-28,47128.00390625,48086.8359375,46690.203125,46821.8515625,36362175703,84.77594668542669,1476.9046882956973,811.3779538213087,46948.303573869525,36691.52298863048,0.0065464127633699815,0.25559497930314923,10256.780585239045,1.0175201498058826,0.031338154937214174,0.01962782625934015,0.00714059973919024
2022-03-29,47465.73046875,48022.2890625,47100.4375,47100.4375,31397059069,87.8442456318549,1665.084993130935,982.119361683234,47811.477659530916,36376.62937171908,0.00714059973919024,-0.14681487703046384,11434.848287811838,0.9697637273289922,0.035079729663639675,0.01626165603494252,-0.0085279952347302
2022-03-30,47062.6640625,47655.1484375,46746.2109375,47456.8984375,29333883962,81.70088943490589,1761.390931826565,1137.9736757119003,48457.65399902483,36492.97334472518,-0.0085279952347302,-0.06797093123915131,11964.68065429965,0.8834076749031822,0.03742650287470783,0.013253192988462196,-0.03291800954258311
2022-03-31,45538.67578125,47512.02734375,45390.5390625,47062.1484375,33327427106,71.5028491071821,1695.1997567239741,1249.4188919143153,48680.526037757845,36944.47161849215,-0.03291800954258311,0.1276373977348088,11736.054419265696,0.7322907559672719,0.037225495200322714,0.00503723077298103,0.016183454010017757
2022-04-01,46281.64453125,46616.2421875,44403.140625,45554.1640625,38162644287,71.21461364232428,1683.2902205983191,1336.193157651116,48941.45188572804,37421.30905177196,0.016183454010017757,0.13547644411147855,11520.14283395608,0.7691168075938327,0.036370579257652316,0.006094479001888471,-0.008957035540670266
2022-04-02,45868.94921875,47028.28125,45782.51171875,46285.5,29336594194,67.37814825805862,1621.8550295243913,1393.3255320257713,48877.384852442025,38287.304600682975,-0.008957035540670266,-0.26302145357582796,10590.08025175905,0.7159194678252765,0.03535845178815259,0.004325800283853786,0.012664841243046981
2022-04-03,46453.56640625,47313.4765625,45634.10546875,45859.12890625,25414397610,75.45620486756057,1601.8754955830009,1435.0355247372174,49026.62431106119,38816.746392063804,0.012664841243046981,-0.1435198368626305,10209.877918997387,0.7479834798000587,0.03448336951299136,-0.0011239617946226736,0.0036337857461326666
2022-04-04,46622.67578125,46791.08984375,45235.81640625,46445.2734375,32499785455,77.11552347949674,1581.4572297248378,1464.3198657347416,49041.51986797372,39530.23989765128,0.0036337857461326666,0.24591763945572445,9511.279970322445,0.7456867956498113,0.03392034462253761,-0.0015400513685137186,-0.02314486060589607
2022-04-05,45555.9921875,47106.140625,45544.80859375,46624.5078125,29640604055,65.96986700476435,1462.3461395399572,1463.925120495785,49053.189158231,39959.776857394005,-0.02314486060589607,-0.092088307985718,9093.412300836993,0.6154142301004302,0.03209997344632979,-0.005866545703526049,-0.05294570510057487
2022-04-06,43206.73828125,45544.35546875,43193.953125,45544.35546875,39393395788,51.3267530820153,1164.9557015513492,1404.1312367068979,48898.71943279479,40339.78252033021,-0.05294570510057487,0.2844530027166762,8558.936912464575,0.3349663387218381,0.026962361610547526,-0.012211932827218145,0.0068529242315328075
2022-04-07,43503.84765625,43860.69921875,42899.90625,43207.5,26101973106,47.932540324774955,942.3826794628185,1311.7815252580822,48812.100945982354,40596.67014776764,0.0068529242315328075,-0.4115872732579427,8215.430798214715,0.35386793217389906,0.021662053593722315,-0.006530370859487299,-0.028353972258937266
2022-04-08,42287.6640625,43903.01953125,42183.2890625,43505.13671875,27215995394,41.327431446449914,660.2452081887532,1181.4742618442165,48804.66400977533,40613.80825584966,-0.028353972258937266,0.0417939570125058,8190.855753925673,0.204356645622516,0.01561318703281716,-0.012892860326480874,0.011625235289932529
2022-04-09,42782.13671875,42786.81640625,42183.25390625,42282.078125,16050772496,42.9706164947551,471.1182820972317,1039.4030658948195,48659.86312472114,40912.040390903865,0.011625235289932529,-0.5280478874051232,7747.822733817273,0.2413705620397585,0.011012032549808483,-0.009952535922109046,-0.013518646577317169
2022-04-10,42207.671875,43376.37890625,42021.20703125,42781.08984375,17654475582,27.991957782083333,271.746790847792,885.8718108854141,48516.496333484385,41168.374760265615,-0.013518646577317169,0.09523234627614616,7348.12157321877,0.14143711482974144,0.0064383269385855455,-0.013693034182161069,-0.06574699455484899
2022-04-11,39521.90234375,42424.58984375,39373.05859375,42201.0390625,33949912166,20.42293956027264,-101.80219528323505,688.3370096516843,48952.059367999806,40449.12110075019,-0.06574699455484899,0.6538969415579423,8502.938267249614,-0.10904686449052668,-0.002575842488496358,-0.023604574225158444,0.015198991801760951
2022-04-12,40127.18359375,40617.5859375,39388.328125,39533.71484375,30991500854,22.045045339967928,-345.02409672169597,481.6647883770083,49221.69472132445,39902.908403675545,0.015198991801760951,-0.09117326594899608,9318.786317648905,0.024066995682653972,-0.008598263466849318,-0.018126881024064588,0.02557641749549052
2022-04-13,41166.73046875,41430.0546875,39712.74609375,40123.5703125,27691105228,28.57916118973327,-448.7238517322112,295.5870603551644,49319.42428075723,39525.75853174277,0.02557641749549052,-0.11260175017115719,9793.665749014457,0.16755441517617564,-0.010900157642415666,-0.006909434938912389,-0.030364373354540806
2022-04-14,39935.515625,41451.48046875,39695.74609375,41160.21875,24342001973,29.20036460035631,-623.0730051395076,111.85504725623,49494.52108185261,38909.34024627239,-0.030364373354540806,-0.12890791621793507,10585.18083558022,0.09694452977866996,-0.015601977222236193,-0.012226191736922905,0.015355179227128868
2022-04-15,40553.46484375,40617.72265625,39866.83203125,39939.40234375,21756855753,28.537062439222595,-703.2757032632944,-51.1711028476749,49539.09652452415,38470.02847547585,0.015355179227128868,-0.1122744196038101,11069.068049048306,0.18822147980679313,-0.01734193874612126,-0.005982027238913458,-0.0031855728397045674
2022-04-16,40424.484375,40633.6796875,40078.42578125,40552.31640625,16833150693,29.156970058229007,-768.3870773259405,-194.61429774332805,49273.08868697747,38096.43553177253,-0.0031855728397045674,-0.2565787172683237,11176.653155204942,0.20829570452788873,-0.019007962357613633,-0.008097856971718756,-0.017657522881942136
2022-04-17,39716.953125,40570.7265625,39620.89453125,40417.77734375,19087633042,24.450687098535724,-867.084953559337,-329.10842890652987,48923.994847858834,37704.42429276617,-0.017657522881942136,0.1256904429982375,11219.570555092665,0.17937663677511673,-0.02183160804985181,-0.00868912501523661,0.027546268364385663
2022-04-18,40826.21484375,40986.3203125,38696.19140625,39721.203125,33705182072,29.479670146705956,-846.0429251403766,-432.4953281532992,48337.6415859749,37626.825992150094,0.027546268364385663,0.56861095558752,10710.81559382481,0.29870637054419796,-0.020723031228301478,0.004638483973225484,0.016435294339235306
2022-04-19,41502.75,41672.9609375,40618.6328125,40828.17578125,25303206547,35.24328813723231,-765.9468741695164,-499.1856373565427,47735.198944983225,37673.27722689177,0.016435294339235306,-0.28672046752865266,10061.921718091457,0.380590594957861,-0.01845532824136994,0.004815098621436107,-0.003097867846210707
2022-04-20,41374.37890625,42126.30078125,40961.09765625,41501.74609375,27819532341,42.04198905825239,-704.7052477060861,-540.2895594264514,47375.46699825497,37616.57948612003,-0.003097867846210707,0.09480724749081015,9758.887512134941,0.3850643237210036,-0.017032406681025333,0.0007187721440502166,-0.020684439708319406
2022-04-21,40527.36328125,42893.58203125,40063.828125,41371.515625,35372786395,37.66232083989093,-716.2612854033214,-575.4839046218254,46819.09104884143,37597.52731053357,-0.020684439708319406,0.24020440241765229,9221.563738307857,0.3177157425638235,-0.01767352295861547,0.002101619807796131,-0.019611085251918917
2022-04-22,39740.3203125,40777.7578125,39315.41796875,40525.86328125,28011716745,39.05162919386466,-779.9366938082458,-616.3744624591095,46297.91419806199,37505.841270688004,-0.019611085251918917,-0.23331990077329495,8792.072927373985,0.2541470095015619,-0.019625828067694837,-0.002893560832067838,-0.006401619327578674
2022-04-23,39486.73046875,39935.859375,39352.203125,39738.72265625,16138021249,35.537018077184456,-841.1660560906384,-661.3327811854153,45513.40369719499,37593.668177805004,-0.006401619327578674,-0.5514448216944645,7919.735519389986,0.23903099873852465,-0.021302499500594044,-0.003352996044621282,-0.00044170158334548267
2022-04-24,39469.29296875,39845.92578125,39233.5390625,39478.375,17964398167,37.3638872415863,-880.9428663564322,-705.2547982196188,44458.79963703014,37932.93395671986,-0.00044170158334548267,0.10721386356682402,6525.865680310279,0.23542608556369407,-0.02231970223165444,-0.0008935930019646173,0.024749050076096804
2022-04-25,40458.30859375,40491.75390625,38338.37890625,39472.60546875,35445730570,55.123260010788506,-823.171965666028,-728.8382317089006,43487.63989774378,38394.32533663123,0.024749050076096804,0.6796108907661138,5093.314561112551,0.40523380842739937,-0.020346178431027925,-0.0012931956145773116,-0.05959955698854747
2022-04-26,38117.4609375,40713.890625,37884.984375,40448.421875,34569088416,40.75933488778593,-955.2632728525787,-774.1232399376363,43296.198683964605,38076.8388160354,-0.05959955698854747,-0.02504292610030674,5219.3598679292045,0.007782970037034155,-0.025061041563573548,-0.012155317232831994,0.029052734994520196
2022-04-27,39241.12109375,39397.91796875,37997.3125,38120.30078125,30981015184,41.21404566394949,-958.2307144761871,-810.9447348453465,42794.581285467175,38152.18355828283,0.029052734994520196,-0.10958528089989422,4642.397727184347,0.23456360257340275,-0.02441904532204627,-0.007562373969870437,0.013483906721524785
2022-04-28,39773.828125,40269.46484375,38941.421875,39241.4296875,33903704907,49.2120450203423,-907.1404771929592,-830.1838833148691,42522.89150222621,38172.4897477738,0.013483906721524785,0.09014969424270414,4350.40175445241,0.3680897690855672,-0.02280747214831887,-0.0026811816227498377,-0.02970235366082905
2022-04-29,38609.82421875,39887.26953125,38235.53515625,39768.6171875,30882994649,41.00666007310753,-949.6297427580284,-854.0730552035011,42123.109265943065,38155.04073405693,-0.02970235366082905,-0.09331860027679925,3968.068531886136,0.1146107939009775,-0.024595546909971736,-0.004122791395451285,-0.023452178557919624
2022-04-30,37714.875,38771.2109375,37697.94140625,38605.859375,23895713731,38.29235787989836,-1043.4890224855626,-891.9562486599135,41929.444795553696,37899.42551694631,-0.023452178557919624,-0.25650659637536277,4030.0192786073894,-0.04579395387161376,-0.02766783722564539,-0.006558585571214278,0.019800580200401846
2022-05-01,38469.09375,38627.859375,37585.7890625,37713.265625,27002760110,44.62993246314521,-1044.968284124101,-922.5586557527511,41972.706863944186,37750.88258918081,0.019800580200401846,0.1222399860212353,4221.824274763378,0.17011867715864973,-0.02716383939052635,-0.003666831030678945,0.0015645616058173508
2022-05-02,38529.328125,39074.97265625,38156.5625,38472.1875,32922642426,39.134496872488064,-1029.4137579534508,-943.9296761928911,41970.05867003212,37593.74523621788,0.0015645616058173508,0.19822155361617935,4376.313433814241,0.21378333680421147,-0.026717666983803675,-0.0069789008121474375,-0.02042224184090012
2022-05-03,37750.453125,38629.99609375,37585.62109375,38528.109375,27326943244,32.41984697059763,-1067.6284310909396,-968.6694271725008,41876.09085872186,37346.08531315315,-0.02042224184090012,-0.18628749318368923,4530.005545568711,0.08926430834997963,-0.02828120837532171,-0.001382141505340675,0.050312677532991644
2022-05-04,39698.37109375,39902.94921875,37732.05859375,37748.01171875,36754404490,43.29141529813361,-930.0125287076007,-960.9380474795208,41859.56067379727,37338.90104495273,0.050312677532991644,0.29638492103706365,4520.6596288445435,0.521930479733954,-0.02342696949734593,0.001654993143012389,-0.08194136472907673
2022-05-05,36575.140625,39789.28125,35856.515625,39695.74609375,43106256317,36.618720240685256,-1060.741958493214,-980.8988296822596,41984.12610080461,36816.50319607039,-0.08194136472907673,0.1594100761969009,5167.62290473422,-0.04670669193938788,-0.029001719210565963,-0.011977188492787828,-0.014713780107637159
2022-05-06,36040.921875,36624.359375,35482.1328125,36573.18359375,37795577489,37.256554145845755,-1193.692814211361,-1023.45762658808,42118.632874858966,36243.64017201603,-0.014713780107637159,-0.13147604660704726,5874.992702842937,-0.034505284903230175,-0.033120485051725976,-0.009835963699474702,-0.015067299056939674
2022-05-07,35501.953125,36129.92578125,34940.82421875,36042.50390625,24375896406,36.53817375245884,-1327.247911264487,-1084.2156835233613,42321.68423495313,35619.088811921865,-0.015067299056939674,-0.4385973062968077,6702.595423031264,-0.017476168488306715,-0.03738520826139722,-0.008638123770763279,-0.04148559878699712
2022-05-08,34059.265625,35502.94140625,33878.96484375,35502.94140625,36763041910,33.32866284023278,-1531.8459455794437,-1173.7417359345777,42518.14419709607,34745.93392790393,-0.04148559878699712,0.4108982527694453,7772.210269192146,-0.0883491669835139,-0.04497589473729129,-0.01739329219753456,-0.1170549632581505
2022-05-09,30296.953125,34222.07421875,30296.953125,34060.015625,63355494961,23.257946983171863,-1974.8141098366978,-1333.9562107150018,43236.15766655846,32907.34077094155,-0.1170549632581505,0.5442685981134221,10328.81689561691,-0.2527286205498548,-0.06518193765851489,-0.03433893860667282,0.023678692386482958
2022-05-10,31022.90625,32596.30859375,29944.802734375,30273.654296875,59811038817,29.59451163610086,-2241.453144683983,-1515.455597508798,43359.96161935577,31748.389552519227,0.023678692386482958,-0.05757140319841964,11611.57206683654,-0.062479335127342134,-0.07225155266309012,-0.028038805145618097,-0.06962706368652095
2022-05-11,28936.35546875,32013.40234375,28170.4140625,31016.18359375,70388855818,21.9167652446736,-2591.263241206114,-1730.6171262482612,43761.89462313627,30187.355767488734,-0.06962706368652095,0.16284471307084586,13574.538855647537,-0.09215784875212739,-0.08955043574870944,-0.045173053891262756,0.0038423156405122537
2022-05-12,29047.751953125,30032.439453125,26350.490234375,28936.734375,66989173272,20.081544019224523,-2826.9145859817872,-1949.8766181949663,43955.42755420289,28924.566000484614,0.0038423156405122537,-0.04950393921557299,15030.861553718278,0.00819553504635298,-0.09731956505768989,-0.0329182424098929,0.008069582993285078
2022-05-13,29283.103515625,30924.802734375,28782.330078125,29030.91015625,42841124537,22.563409268368076,-2960.5516735013953,-2152.0116292562525,43943.23717982812,27916.39367954688,0.008069582993285078,-0.4470325184466179,16026.843500281237,0.08527629511413473,-0.10110102134227993,-0.029663476252618292,0.02755654035085545
2022-05-14,30101.265625,30192.802734375,28702.91015625,29285.642578125,28579868620,27.50125821301431,-2966.2481216819833,-2314.8589277413985,43695.834803348625,27226.993321651375,0.02755654035085545,-0.4047959193613443,16468.84148169725,0.17452789903544771,-0.09854230578326334,-0.02357435633721899,0.039214229608877514
2022-05-15,31305.11328125,31308.19140625,29527.740234375,30098.5859375,25835372065,29.37794674411832,-2840.874322217409,-2420.062006636601,43084.84118910098,26922.667404649015,0.039214229608877514,-0.10095801234779124,16162.173784451967,0.27115448299514217,-0.09074793298764175,-0.012045809423522614,-0.047163938825930986
2022-05-16,29862.91796875,31305.341796875,29251.884765625,31304.375,32613897286,26.891628598872558,-2825.3192698196144,-2501.1134592732037,42843.87342728875,26338.180869586242,-0.047163938825930986,0.2329939314279855,16505.69255770251,0.2135467558747602,-0.09460961828231805,-0.0020613773617769717,0.018675310971867837
2022-05-17,30425.857421875,30694.490234375,29570.302734375,29862.408203125,29101473475,30.241957705213593,-2736.0280413974688,-2548.096375698057,42298.36431893682,26002.163610750675,0.018675310971867837,-0.11394968687515626,16296.200708186148,0.27145553066868394,-0.08992443510993291,-0.0027761461352934177,-0.05768962303395388
2022-05-18,28720.271484375,30618.716796875,28720.271484375,30424.478515625,31285268319,19.994371262433376,-2770.948856976731,-2592.6668719537915,41638.417469918,25556.754795707002,-0.05768962303395388,0.07235851824048375,16081.662674210998,0.1967157720414634,-0.0964805941505198,-0.0010707974706409779,0.054017472510896065
2022-05-19,30314.333984375,30430.751953125,28708.955078125,28720.359375,33773447707,31.326891434481922,-2639.5690246587546,-2602.047302494784,40987.36571590696,25378.257526280537,0.054017472510896065,0.07652759695197023,15609.108189626426,0.31623052375116395,-0.0870732976030176,0.006097082082270995,-0.03742660999960213
2022-05-20,29200.740234375,30664.9765625,28793.60546875,30311.119140625,30749382605,30.28039532306967,-2595.389238373631,-2600.7156896705537,40448.8000139982,25065.409751626794,-0.03742660999960213,-0.09380500680293916,15383.39026237141,0.26881788813894786,-0.08888093991940481,-0.0004023740595700344,0.007896156156526583
2022-05-21,29432.2265625,29588.869140625,29027.39453125,29199.859375,17274840442,32.185718399870865,-2512.732214529173,-2583.118994642278,39637.455523448516,24973.067523426485,0.007896156156526583,-0.5766187829068177,14664.38800002203,0.3040808139464471,-0.08537350068277468,-0.003211000373045587,0.02984011653578575
2022-05-22,30323.72265625,30425.861328125,29275.18359375,29432.47265625,21631532270,38.66982706510182,-2348.220815553839,-2536.13935882459,38656.88646612907,25133.076033870933,0.02984011653578575,0.2249009442349494,13523.810432258138,0.38381539347797367,-0.07743840827768055,-0.004550159383487268,-0.04122961033666706
2022-05-23,29098.91015625,30590.5859375,28975.560546875,30309.396484375,31483454557,45.70514904875813,-2290.2756076323785,-2486.966608586148,37736.410177041864,25188.398026083134,-0.04122961033666706,0.375310078186703,12548.01215095873,0.31164395468550543,-0.0787065768214162,-0.0037023981707352788,0.01894978176706928
2022-05-24,29655.5859375,29774.35546875,28786.58984375,29101.125,26616506245,45.0380867813863,-2174.3697487038007,-2424.447236609679,35931.03278217238,25989.496905327618,0.01894978176706928,-0.1679305968182081,9941.535876844759,0.36876485460469466,-0.07332074818168649,-0.0036631880571350727,-0.0031485281301596416
2022-05-25,29562.361328125,30157.78515625,29384.94921875,29653.134765625,27525063551,52.655981695217626,-2066.217893610712,-2352.8013680098857,34848.14316038504,26371.108597427457,-0.0031485281301596416,0.03356543259117041,8477.034562957586,0.3764586196972821,-0.06989353356035725,0.004128396929121247,-0.010033699544872113
2022-05-26,29267.224609375,29834.16015625,28261.90625,29564.77734375,36774325352,50.91687081464017,-1981.4805614168617,-2278.537206691281,33684.314182251335,26857.567848998664,-0.010033699544872113,0.2897029295777238,6826.746333252671,0.3529729453456751,-0.06770305650308044,-0.005021770507417063,-0.022097889022563728
2022-05-27,28627.57421875,29346.943359375,28326.61328125,29251.140625,36582005748,47.350940637032046,-1943.536180614934,-2211.537001476012,32368.839965883584,27485.604174741413,-0.022097889022563728,-0.005243447750127873,4883.235791142171,0.2338551921002468,-0.06789035514374774,-0.0028319532249830065,0.0065222411539163335
2022-05-28,28814.900390625,28814.900390625,28554.56640625,28622.625,35519577634,44.52239142862988,-1876.7157183485833,-2144.5727448505263,31194.050467106274,28135.957150081224,0.0065222411539163335,-0.02947244616159048,3058.09331702505,0.22201521345464978,-0.06513004358533814,-0.003028226796784471,0.02166399017895866
2022-05-29,29445.95703125,29498.009765625,28841.107421875,29019.8671875,18093886409,41.67733934500648,-1752.6357299322262,-2066.185341866866,31124.581220688753,28120.326787123744,0.02166399017895866,-0.6745099133616467,3004.254433565009,0.44125099036726756,-0.059520420004424146,-0.004196244847759769,0.07459222816391974
2022-05-30,31726.390625,31949.630859375,29303.572265625,29443.365234375,39277993274,57.75963226048866,-1453.534076487129,-1943.6550887909189,31322.015110361903,27993.2413349506,0.07459222816391974,0.7750902806951782,3328.773775411304,1.1214788213077085,-0.04581466873013163,0.012349732080895487,0.0020756074770069063
2022-05-31,31792.310546875,32249.86328125,31286.154296875,31723.865234375,33538210634,55.93570115228064,-1197.372114048816,-1794.3984938424983,31680.357828699787,27920.49412442521,0.0020756074770069063,-0.15797898968893467,3759.863704274576,1.0297757384255457,-0.03766231813455002,0.009939135753743718,-0.06474693067083527
2022-06-01,29799.080078125,31957.28515625,29501.587890625,31792.5546875,41135817341,54.57195689853542,-1142.0342935310618,-1663.9256537802112,31684.322559679473,27991.662205945526,-0.06474693067083527,0.2041938053819578,3692.660353733947,0.48946225729949916,-0.038324481512078956,0.0011393639622186305,0.02218263391098452
2022-06-02,30467.48828125,30604.734375,29652.705078125,29794.890625,29083562061,50.704322762429044,-1032.3435029213542,-1537.6092236084398,31744.580555102293,28049.842687085205,0.02218263391098452,-0.34670607320003566,3694.7378680170877,0.6543483409451333,-0.03388344629500256,0.005741697313055292,-0.02536528971019155
2022-06-03,29704.390625,30633.03515625,29375.689453125,30467.806640625,26175547452,52.39333083483735,-995.5127135927105,-1429.189921605294,31724.033903012813,28030.701839174686,-0.02536528971019155,-0.10534746533558921,3693.3320638381265,0.45316498947174444,-0.03351399212865389,0.005274925786251318,0.00431741536890466
2022-06-04,29832.9140625,29930.564453125,29500.005859375,29706.138671875,16588370958,51.92287071911195,-945.05922592961,-1332.3637824701575,31523.82424711138,28083.691573201122,0.00431741536890466,-0.45612376644191266,3440.1326739102587,0.508475298805874,-0.031678408081413346,0.004959950674106793,0.002468985857085947
2022-06-05,29906.662109375,30117.744140625,29574.44921875,29835.1171875,17264085441,47.82809112669928,-888.8771993667324,-1243.6664658494724,31526.439394449993,28085.450839925008,0.002468985857085947,0.0399264524207288,3440.9885545249854,0.5292697841306461,-0.029721712042484718,0.002217807199553548,0.04779217112896654
2022-06-06,31370.671875,31693.291015625,29894.1875,29910.283203125,31947336829,61.54298686899923,-717.9431835839423,-1138.5218093963665,31693.08987020777,28013.281809479733,0.04779217112896654,0.6154604654261471,3679.8080607280353,0.9123818444093272,-0.02288580832583594,-0.0016107723768683366,-0.006883334658869972
2022-06-07,31155.478515625,31489.68359375,29311.68359375,31371.7421875,40770974039,57.89503660660183,-593.0052547745363,-1029.4184984720005,31821.472495283477,28128.41988752902,-0.006883334658869972,0.2438815846031616,3693.0526077544564,0.8196630131233763,-0.019033739266021355,-0.002890621253422176,-0.030672946983430784
2022-06-08,30214.35546875,31253.69140625,29944.404296875,31151.48046875,30242059107,53.150686793299066,-563.4368612440921,-936.2221710264188,31813.143291394405,28126.751239855595,-0.030672946983430784,-0.2987367664617768,3686.392051538809,0.5663001112489949,-0.018647985452704484,0.0019770907019213213,-0.0033934595457949636
2022-06-09,30111.998046875,30609.310546875,30020.265625,30215.279296875,21692004719,54.15977416709112,-542.0150724881096,-857.380751318757,31823.358221430764,28207.662091069233,-0.0033934595457949636,-0.3322898946314351,3615.6961303615317,0.5266858406087425,-0.017999970365445726,-0.0016766369347614618,-0.03474221923780006
2022-06-10,29083.8046875,30245.80859375,28978.146484375,30110.330078125,29867476527,52.163743080079335,-601.0759325013678,-806.1197875552792,31836.0673520921,28160.110772907898,-0.03474221923780006,0.31982640028009235,3675.9565791842033,0.2512798763245578,-0.020667032355629375,-0.003016198295848392,-0.02517319741030233
2022-06-11,28360.810546875,29401.916015625,28236.212890625,29084.666015625,27246574439,47.95054163513798,-698.1735641570413,-784.5305428756317,31869.622694593545,27930.264219468958,-0.02517319741030233,-0.09184234225781505,3939.358475124587,0.1092935131759788,-0.02461754620881141,-0.007229142978592249,-0.05800108151881945
2022-06-12,26762.6484375,28502.685546875,26762.6484375,28373.513671875,34163220274,38.86168241817006,-893.7795285763568,-806.3803400157768,32182.96949593829,27383.29124624921,-0.05800108151881945,0.2262218302466547,4799.678249689081,-0.1293092529252945,-0.033396527651724746,-0.01586772403229302,-0.17405255177667042
2022-06-13,22487.388671875,26795.58984375,22141.2578125,26737.578125,68204556440,17.098088596753215,-1377.8929061789422,-920.6828532484101,33476.97807032914,25372.462945295865,-0.17405255177667042,0.6913617377950428,8104.515125033275,-0.3559835756872209,-0.06127402902508971,-0.04755982730452687,-0.012556416941057361
2022-06-14,22206.79296875,23018.951171875,20950.818359375,22487.986328125,50913575242,16.378157889003873,-1763.8652335393272,-1089.3193293065935,34235.29932977983,23878.584849907667,-0.012556416941057361,-0.2923817804261311,10356.714479872164,-0.16142106499185263,-0.07942908442571991,-0.04837026763055364,0.01634917508386348
2022-06-15,22572.83984375,22642.671875,20178.376953125,22196.73046875,54912007015,21.387375144790198,-2016.9638563027147,-1274.848234705818,34653.96966849965,22790.476034625346,0.01634917508386348,0.0756024394530702,11863.493633874306,-0.018345033730527947,-0.08935357138331775,-0.041652821620940174,-0.10211240133010355
2022-06-16,20381.650390625,22868.921875,20265.2265625,22576.3046875,31183975654,14.362241380428827,-2367.0708948275606,-1493.2927667301665,35318.014079246524,21301.839241065976,-0.10211240133010355,-0.5658276695713256,14016.174838180548,-0.06565192437056964,-0.11613735146376312,-0.05575552759012712,0.004397810882562394
2022-06-17,20471.482421875,21243.3125,20326.51953125,20385.71875,27132421514,15.746265293265935,-2607.230026280613,-1716.080218640256,35719.74957177693,20065.76195166057,0.004397810882562394,-0.13917498340343312,15653.987620116357,0.025918026771212452,-0.12735912195076954,-0.05016409471578962,-0.07366571122488891
2022-06-18,19017.642578125,20736.041015625,17708.623046875,20473.42578125,42009436760,13.468202456212993,-2881.652694854598,-1949.1947138831245,36100.13588305571,18642.54419506929,-0.07366571122488891,0.4371648991668476,17457.591687986416,0.021486261665394222,-0.1515252315325987,-0.057091596689301985,0.07765301952407
2022-06-19,20553.271484375,20683.822265625,18067.15234375,19010.90234375,35329942625,21.245862747325518,-2941.316551559521,-2147.6190814184038,35794.40914026216,17830.959023800337,0.07765301952407,-0.17316344041165682,17963.450116461827,0.15154730538538175,-0.14310697709586367,-0.03771243939746064,0.002248480532576946
2022-06-20,20599.537109375,20913.322265625,19689.169921875,20553.37109375,30818458597,13.725447118930859,-2950.8517563675377,-2308.265616408231,35322.7368175004,17183.3540028121,0.002248480532576946,-0.136617021830426,18139.382814688302,0.18832962187646596,-0.1432484497442704,-0.012526577638996724,0.005376928208097346
2022-06-21,20710.59765625,21620.62890625,20415.0625,20594.294921875,28970212744,14.575729132235097,-2915.8348873767536,-2429.779470601936,35029.530751787315,16567.711826337683,0.005376928208097346,-0.06184566021423016,18461.818925449632,0.22440290670390667,-0.14078950959181127,-0.009964671189117482,-0.03556200532463169
2022-06-22,19987.029296875,20835.75,19848.078125,20719.4140625,28574793478,14.794043726082606,-2912.8916837885154,-2526.401913239252,34579.156437720405,15970.040241967092,-0.03556200532463169,-0.013743173062941623,18609.11619575331,0.2158613559425454,-0.14573910112014246,-0.01738055410461679,0.053519949652552336
2022-06-23,21085.876953125,21135.76171875,19950.1171875,19986.607421875,26188097173,20.9237825594564,-2789.73304533575,-2579.0681396585514,34082.47748787339,15604.867824626614,0.053519949652552336,-0.08721998112357915,18477.609663246774,0.2966297712955908,-0.1323033920541921,0.004852638892905478,0.006889809613761697
2022-06-24,21231.65625,21472.91796875,20777.51171875,21084.6484375,24957784918,23.180850047577096,-2649.8202873062546,-2593.2185691880923,33473.570795124746,15353.648736125248,0.006889809613761697,-0.04811920687390223,18119.9220589995,0.3243947460003029,-0.12480516150529965,0.005208638711648236,0.01266838104662478
2022-06-25,21502.337890625,21520.9140625,20964.5859375,21233.609375,18372538715,25.827906746222965,-2488.4118099705374,-2572.2572173445815,32755.320672881164,15231.466436493834,0.01266838104662478,-0.3063287056465544,17523.854236387328,0.35784772970261786,-0.11572750008060671,0.01754208046472162,-0.02234031636729734
2022-06-26,21027.294921875,21783.724609375,21016.26953125,21496.494140625,18027170497,28.048407263541463,-2371.4893729842006,-2532.1036484725055,31602.70158671355,15349.747827348952,-0.02234031636729734,-0.018976996800214228,16252.953759364596,0.34932401695011406,-0.11278147673275395,0.0032573181945262856,-0.013975180844796839
2022-06-27,20735.478515625,21478.08984375,20620.19921875,21028.23828125,20965695707,40.35312514787936,-2276.13675677856,-2480.9102701337165,30307.99226890473,15602.457145157774,-0.013975180844796839,0.15100747243999613,14705.535123746957,0.34905369490280663,-0.10977015818870066,0.0009396522834728879,-0.022179692795419582
2022-06-28,20280.634765625,21164.423828125,20228.8125,20731.544921875,21381535161,39.59333301676242,-2211.7752425800863,-2427.0832646229906,29049.19662127606,15867.880722473943,-0.022179692795419582,0.019640142336716973,13181.315898802117,0.33477340783189496,-0.10905848205150717,-0.002997007859886673,-0.00874651225988825
2022-06-29,20104.0234375,20364.15625,19937.791015625,20281.169921875,23552740328,36.38271219774528,-2150.2327919037307,-2371.7131700791388,27545.437410215127,16370.842472597375,-0.00874651225988825,0.0967144691953815,11174.594937617752,0.33407752010187375,-0.10695534645532223,0.000833776863648104,-0.016009711756282033
2022-06-30,19784.7265625,20141.16015625,18729.65625,20108.3125,26267239923,45.85072803176866,-2102.9826705259184,-2317.967070168495,26033.299103924346,16953.072966388154,-0.016009711756282033,0.10908035662124638,9080.226137536192,0.3118483563317806,-0.10629323907422177,-0.009099031909042519,-0.02639361166796203
2022-07-01,19269.3671875,20632.671875,19073.708984375,19820.470703125,30767551159,42.11069936640309,-2083.1090193549717,-2270.9954600057904,24333.21434395137,17744.01339042363,-0.02639361166796203,0.1581380683867338,6589.200953527739,0.23149298493613094,-0.10810469275328774,-0.013853806377860196,-0.0014079558563739067
2022-07-02,19242.255859375,19371.748046875,19027.08203125,19274.8359375,18100418740,51.81376290903585,-2045.9620878394999,-2225.9887855725324,22672.720106858418,18652.468369704082,-0.0014079558563739067,-0.5305255280131983,4020.2517371543363,0.14670411910281073,-0.10632651923930679,-0.01586471164971715,0.0028449039765122944
2022-07-03,19297.076171875,19558.26953125,18966.951171875,19242.095703125,16390821947,36.66772246097362,-1989.1694289559891,-2178.624914249224,22407.02126545605,18599.13596110645,0.0028449039765122944,-0.09921353201414744,3807.8853043495983,0.18328813894975673,-0.10308138970064042,-0.012266823029172919,0.04727542718300751
2022-07-04,20231.26171875,20258.748046875,19063.06640625,19297.314453125,21594638208,46.711254504742556,-1847.4832345933391,-2112.396578318047,22132.99759435682,18675.60650720568,0.04727542718300751,0.27572351196790945,3457.39108715114,0.44995060504587453,-0.09131824106062165,-0.0035167361680580106,-0.002035878126304793
2022-07-05,20190.115234375,20635.466796875,19341.232421875,20225.353515625,26715546990,45.293254277342406,-1718.7039330958978,-2033.6580492736173,21680.971216632286,18889.360423992715,-0.002035878126304793,0.21280062744959502,2791.6107926395707,0.46595134744836947,-0.08512600909625773,-0.0006390483581844696,0.017582449257883936
2022-07-06,20548.24609375,20595.529296875,19823.51171875,20194.619140625,24598943708,55.43427814725843,-1569.6532558688887,-1940.8570905926717,21693.706837460242,18893.284373477258,0.017582449257883936,-0.08254217689692367,2800.4224639829845,0.5909685919024991,-0.07638867320877171,0.0031222318586401282,0.05165639338861742
2022-07-07,21637.587890625,21771.81640625,20296.103515625,20547.814453125,25814972520,55.35208534961466,-1348.0888126398204,-1822.3034350021014,21874.936444177096,18828.665313635407,0.05165639338861742,0.04825115051642279,3046.2711305416888,0.9220855454482108,-0.06230310048671885,0.012788818307911478,0.0043132227124235666
2022-07-08,21731.1171875,22314.94140625,21257.453125,21637.154296875,49899834488,54.894835045950096,-1151.6745748875328,-1688.1776629791877,21993.540390299393,18981.408828450607,0.0043132227124235666,0.6590630320445641,3012.131561848786,0.912877908082064,-0.05299656547570365,0.01717550893368085,-0.0064127411638449485
2022-07-09,21592.20703125,21877.138671875,21445.95703125,21716.828125,29641127858,50.90408945599016,-995.7454315643736,-1549.691216696225,22124.632466131607,18954.210307305893,-0.0064127411638449485,-0.5208548342849546,3170.4221588257133,0.8320648140184452,-0.04611596351050403,0.01646053960404213,-0.03447747972502637
2022-07-10,20860.44921875,21591.080078125,20727.123046875,21591.080078125,28688807249,48.40395896647164,-920.605040139515,-1423.8739813848829,22144.04274247434,18960.89124190066,-0.03447747972502637,-0.03265579621813033,3183.15150057368,0.5967538700267324,-0.04413160188861357,0.011128770503822319,-0.04359596339476734
2022-07-11,19970.556640625,20856.353515625,19924.5390625,20856.353515625,24150249025,43.43407654588569,-922.2317192993614,-1323.5455289677786,22125.86010816886,18905.06977464364,-0.04359596339476734,-0.17221236373551932,3220.7903335252195,0.33081534519349814,-0.04617957004880457,-0.0018528567215740862,-0.03291562138901987
2022-07-12,19323.9140625,20043.4453125,19308.53125,19970.474609375,25810220018,42.04950449089113,-964.5804431718971,-1251.7525118086023,22164.23057426398,18800.387785111023,-0.03291562138901987,0.06647584657994621,3363.8427891529573,0.15563339614948227,-0.049916411346693085,-0.006264248616247669,0.044936759944821686
2022-07-13,20212.07421875,20223.052734375,18999.953125,19325.97265625,33042430345,50.80295928859101,-915.9168902296151,-1184.585387492805,22099.79423315554,18777.44385278196,0.044936759944821686,0.2470219653853638,3322.3503803735803,0.4318118806621153,-0.045315333810715605,-0.0023564899466851333,0.017549651263241726
2022-07-14,20569.919921875,20789.89453125,19689.2578125,20211.466796875,31158743333,55.80177791555147,-838.8062796668019,-1115.4295659276045,22026.06342407348,18785.00102905152,0.017549651263241726,-0.05869761290857847,3241.0623950219597,0.5507203118225792,-0.04077829582480662,-0.0072288816788816605,0.012868197042892807
2022-07-15,20836.328125,21138.244140625,20397.0,20573.15625,25905575359,62.02047491936248,-747.5810012880575,-1041.859852999695,21923.767511296996,18820.695965265506,0.012868197042892807,-0.18463668033075326,3103.0715460314896,0.6495603242895355,-0.0358787304943182,-0.006006742488814626,0.016846296291970084
2022-07-16,21190.31640625,21514.404296875,20518.8984375,20834.103515625,24302954056,64.23030620196735,-639.3503818170939,-961.3579587631748,21948.037877288643,18812.727747711357,0.016846296291970084,-0.06386030131711928,3135.3101295772867,0.7583264686031043,-0.030171818558996127,-0.002684022852269622,-0.01958489970974724
2022-07-17,20779.34375,21600.640625,20778.1796875,21195.041015625,22927802083,60.29222101041345,-580.0524117122986,-885.0968493529997,21952.444125903803,18812.708022533694,-0.01958489970974724,-0.0582476701091316,3139.736103370109,0.6263697529721511,-0.02791485711440231,-0.0005565114215154605,0.07891967823012867
2022-07-18,22485.689453125,22633.033203125,20781.912109375,20781.912109375,39974475562,64.137760572513,-390.86485868332966,-786.2504512190658,22321.022488243285,18664.635128944214,0.07891967823012867,0.555890900545145,3656.3873592990712,1.0450354266929303,-0.017382827397761126,0.016945723096326828,0.03940528200341783
2022-07-19,23389.43359375,23666.962890625,21683.40625,22467.849609375,48765202697,68.10456019556737,-166.09314228675066,-662.2189894326028,22884.930042709246,18429.268590103253,0.03940528200341783,0.19877585953907012,4455.661452605993,1.1132275322992886,-0.007101204123691699,0.02727728072381793,-0.00676524363636936
2022-07-20,23231.732421875,24196.818359375,23009.94921875,23393.19140625,42932549127,65.5379946318264,-0.6772968004079303,-529.9106509061638,23293.88934394574,18365.00987480426,-0.00676524363636936,-0.1273867398637046,4928.8794691414805,0.9873892387791432,-2.9153951505148517e-05,0.019891280212219205,-0.0028926217700481673
2022-07-21,23164.62890625,23388.322265625,22431.1484375,23233.201171875,33631012204,60.02916474360142,123.57674382194455,-399.2131719605422,23583.386172822466,18465.039217802536,-0.0028926217700481673,-0.24418163561500908,5118.34695501993,0.9181850565713059,0.005334717181184913,0.016970955493177793,-0.019601945764881813
2022-07-22,22714.978515625,23671.927734375,22603.416015625,23163.751953125,31421555646,56.172958569831664,183.64894683720922,-282.6407482009919,23718.910884171815,18676.786772078183,-0.019601945764881813,-0.06795448061265673,5042.124112093632,0.8008909843889671,0.008084927164288632,0.012332363663495704,-0.011044710597189035
2022-07-23,22465.478515625,22977.2109375,22002.91015625,22706.984375,24021799169,55.404099726045146,208.7180637655547,-184.36898580768258,23770.343493626136,18942.19439699886,-0.011044710597189035,-0.26853242612957123,4828.149096627276,0.7297380524322694,0.00929061286722154,0.008347934107901545,0.006375470790258249
2022-07-24,22609.1640625,22974.001953125,22306.83984375,22465.509765625,23565495303,61.67110738010074,237.44265126622122,-100.00665839290181,23890.17085468433,19060.15727031567,0.006375470790258249,-0.01917813806092721,4830.0135843686585,0.7347819483715784,0.01050205353058799,0.012056558465045183,-0.056755659782032404
2022-07-25,21361.701171875,22649.12109375,21361.642578125,22607.15625,35574561406,58.86168394713242,157.7290615799502,-48.45951439833141,23873.159266519084,19194.327452230915,-0.056755659782032404,0.41184723644423815,4678.831814288169,0.463229670497007,0.007383731300745731,-0.007325632679549255,-0.0057250438268413185
2022-07-26,21239.75390625,21361.12109375,20776.81640625,21361.12109375,28624673855,63.07826989412696,83.7499252621601,-22.017626466233107,23866.48428943637,19270.15321056363,-0.0057250438268413185,-0.2173617470882278,4596.331078872739,0.42851584489622785,0.003943074182112623,-0.013772822083871988,0.07659542154936112
2022-07-27,22930.548828125,22986.529296875,21070.806640625,21244.169921875,31758955233,66.72464811596738,159.712875758054,14.328473978624313,24010.7020392836,19255.2315544664,0.07659542154936112,0.10390567205375753,4755.470484817197,0.772860915737364,0.006965069914164523,-0.0018641556287676355,0.03905783089201425
2022-07-28,23843.88671875,24110.470703125,22722.265625,22933.640625,40212386158,68.85351589344131,290.2667812305299,69.51613542900543,24314.2017538205,19163.0087930545,0.03905783089201425,0.23600032139941743,5151.192960765999,0.9086978417128696,0.012173635307631043,0.004128766180098424,-0.001647644691440151
2022-07-29,23804.6328125,24294.787109375,23481.173828125,23845.212890625,35887249746,67.5525326791724,386.11335531887016,132.83557940697838,24583.506330896176,19114.946794103824,-0.001647644691440151,-0.11379298941954659,5468.559536792352,0.8575724533751915,0.016220092885285715,0.006693666333447233,-0.006254683466181995
2022-07-30,23656.20703125,24572.580078125,23580.5078125,23796.818359375,28148218301,64.94492611439213,444.96643958672576,195.26175144292787,24795.362238450663,19182.666667799338,-0.006254683466181995,-0.2428980125860224,5612.695570651325,0.7970395520544387,0.018809711928836362,0.007377955923591096,-0.013589886059606543
2022-07-31,23336.896484375,24121.642578125,23275.703125,23652.0703125,23553591896,65.67461433731279,460.5334968597017,248.31610052628267,24855.675745457884,19458.987145167113,-0.013589886059606543,-0.17820572859005784,5396.68860029077,0.7185720033944942,0.01973413633505413,0.004525762087896125,-0.0009730647082914476
2022-08-01,23314.19921875,23464.787109375,22890.796875,23336.71875,25849159141,56.39813900620904,465.6710561905529,291.78709165913676,24745.371543082536,19968.319863167464,-0.0009730647082914476,0.09299974107554174,4777.051679915072,0.7004067738369788,0.01997371009063206,0.012494704241287692,-0.01452024708261338
2022-08-02,22978.1171875,23415.041015625,22710.083984375,23308.43359375,28389250717,46.51837082886958,437.57945424246645,320.9455641758027,24671.692596192996,20318.603106932,-0.01452024708261338,0.09373250560843922,4353.089489260994,0.6109486347864818,0.019043311976862397,0.011238246633320254,-0.005744061707541017
2022-08-03,22846.5078125,23578.650390625,22747.8359375,22981.302734375,26288169966,46.72476030396536,400.0849503886384,336.7734414183699,24591.012722448533,20626.941769738965,-0.005744061707541017,-0.07689155082961716,3964.070952709568,0.5599208665130807,0.017511864555936205,-0.0005245366890943372,-0.009479525568520927
2022-08-04,22630.95703125,23198.009765625,22485.701171875,22848.21484375,25120229769,45.57435262516496,348.95460783491944,339.20967470167983,24496.79952390762,20900.61785890488,-0.009479525568520927,-0.0454455383963551,3596.1816650027395,0.48116011189977553,0.015419348256154824,-0.007458444754885077,0.028675899088160428
2022-08-05,23289.314453125,23422.828125,22612.177734375,22626.833984375,28881249043,54.603514739513024,357.4370727320311,342.8551543077501,24471.34837867076,21135.96880882924,0.028675899088160428,0.1395190740874927,3335.3795698415197,0.6456073736751442,0.015347685456841327,-0.003126509929227851,-0.014185359813054537
2022-08-06,22961.279296875,23326.5625,22961.279296875,23291.423828125,15978259885,53.924616443532216,333.841474956469,341.05241843749394,24281.550488733534,21543.960253453966,-0.014185359813054537,-0.5919635213960619,2737.5902352795674,0.517725050723589,0.014539323817288544,-0.004259463693066785,0.009303252730044901
2022-08-07,23175.890625,23359.009765625,22894.556640625,22963.505859375,15886817043,54.43623203118407,328.670426236793,338.5760199973538,24305.486893105845,21589.043966269157,0.009303252730044901,-0.005739392578392999,2716.4429268366875,0.584163445163249,0.014181566160924744,-0.0009890152945451508,0.02697154534457858
2022-08-08,23809.486328125,24203.689453125,23176.546875,23179.52734375,28575544847,71.1980495844508,371.41674983976554,345.1441659658361,24367.645846175976,21568.890286636524,0.02697154534457858,0.5870616282343896,2798.7555595394515,0.8005686791226512,0.0155995280503397,0.0030030718558648533,-0.02747099349637511
2022-08-09,23164.318359375,23898.615234375,22982.0,23811.484375,23555719219,65.28201038655052,349.20839903195156,345.9570125790592,24361.925888621437,21567.86883794106,-0.02747099349637511,-0.1931826314726176,2794.057050680378,0.5713732727986421,0.015075271959842535,0.0011529652253274634,0.03325679505388167
2022-08-10,23947.642578125,24127.4140625,22771.51953125,23162.8984375,32837431722,59.43612848233933,390.3165131536698,354.82891269398135,24466.97670833257,21541.119385417427,0.03325679505388167,0.3322004304522972,2925.8573229151443,0.8225018950373967,0.01629874472530356,0.00672451619124499,0.00041276206736784357
2022-08-11,23957.529296875,24822.62890625,23900.99609375,23948.345703125,37127036580,51.26666187736336,418.86435775725477,367.6360017066361,24581.996013675132,21550.35515819987,0.00041276206736784357,0.12277637725162212,3031.6408554752634,0.7940169213404302,0.01748362080942508,0.0081377001392291,0.018415982056898608
2022-08-12,24402.818359375,24412.56640625,23657.265625,23957.203125,27265804688,56.113986844600596,471.9791542955936,388.5046322244276,24762.53214166761,21563.553014582394,0.018415982056898608,-0.3087121114606327,3198.9791270852147,0.8875535700599417,0.019341173931013183,0.006671997706191697,0.0008704221288590054
2022-08-13,24424.068359375,24860.05078125,24346.115234375,24402.1875,22987346289,58.0576997254834,509.9097880017471,412.7856633798915,24925.279615390198,21582.2959705473,0.0008704221288590054,-0.1706894383443184,3342.983644842898,0.85007068258044,0.020877348544024277,0.00882282369789363,-0.0042973830773317305
2022-08-14,24319.333984375,24974.9140625,24206.259765625,24429.056640625,22994133555,60.79556234327368,525.4617042900245,435.3208715619181,24880.57163281719,21922.76723437031,-0.0042973830773317305,0.00029521738196873037,2957.8043984468823,0.8102519393311801,0.021606747315844665,0.006879875725411257,-0.00752687118445491
2022-08-15,24136.97265625,25135.58984375,23839.775390625,24318.31640625,35123501685,58.7345932689349,517.1107441037493,451.6788460702844,24654.97346160009,22438.087280587413,-0.00752687118445491,0.42363134952027676,2216.8861810126764,0.7663385654223202,0.021424010022642555,0.0019515305069779006,-0.010565706274135412
2022-08-16,23883.291015625,24228.416015625,23733.5,24126.13671875,27753685646,59.78047126166558,484.4382570235757,458.23072826094267,24672.63203127265,22515.70292966485,-0.010565706274135412,-0.23550182264404262,2156.9291016077987,0.6340440605767246,0.020283563798081473,0.0043665715387264286,-0.023181944883864696
2022-08-17,23335.998046875,24407.05859375,23243.353515625,23881.31640625,30931623076,54.85303167553998,409.6607923508054,448.51674107891523,24646.397305500046,22491.148788249957,-0.023181944883864696,0.10841041365895897,2155.248517250089,0.39199621382995115,0.01755488629746712,-0.0036961055952373376,-0.005295957030778942
2022-08-18,23212.73828125,23563.83203125,23177.6015625,23341.0390625,23747613147,55.875572128194584,336.5732727157156,426.1280474062753,24622.02696811032,22456.329672514683,-0.005295957030778942,-0.26429703474760524,2165.697295595637,0.34926792875129437,0.01449950749617426,-0.004511636894972594,-0.10602664190168617
2022-08-19,20877.552734375,23213.3125,20868.84765625,23213.3125,40509610260,31.805373419344193,89.19277042793328,358.74099201060693,25006.429361563998,21794.061849373502,-0.10602664190168617,0.5340572099773611,3212.367512190496,-0.28530643256731664,0.0042721851340879104,-0.022289154603341847,0.013724431302661714
2022-08-20,21166.060546875,21350.806640625,20856.73046875,20872.841796875,27595671000,36.375392365315086,-82.62543601323705,270.46770640583816,25183.85480171513,21399.55281547237,0.013724431302661714,-0.3838803237388461,3784.301986242761,-0.061700220924791896,-0.0039036756901574695,-0.02045286757851289,0.017239723512555944
2022-08-21,21534.12109375,21668.845703125,21103.197265625,21160.392578125,23102307723,37.82358711567466,-186.93828420346472,178.98650828397757,25251.38498040791,21154.014824279588,0.017239723512555944,-0.17772639862860679,4097.370156128323,0.0927683501823249,-0.008681026887032837,-0.017376138065671794,-0.006298802571622582
2022-08-22,21398.908203125,21531.462890625,20939.18359375,21531.462890625,31666498758,30.694416375777948,-277.32073734591177,87.72505915799971,25324.926078355304,20922.552827894695,-0.006298802571622582,0.3153267865729222,4402.373250460609,0.10820422261568963,-0.012959574138712978,-0.017200699692410032,0.0060185938546632
2022-08-23,21528.087890625,21646.203125,20955.138671875,21401.044921875,31878280659,35.71533314690656,-334.66791801482395,3.246463723434985,25370.12612766844,20745.51078639406,0.0060185938546632,0.006665620278287177,4624.615341274381,0.16921993430379423,-0.01554564064003865,-0.014831513959724514,-0.00620033327852915
2022-08-24,21395.01953125,21783.076171875,21195.005859375,21526.455078125,31962253368,24.860766428061154,-386.39930569115677,-74.68269015948337,25419.740110203686,20572.303053858817,-0.00620033327852915,0.002630703477290707,4847.437056344868,0.16972195158555994,-0.018060245522411145,-0.012405569444676582,0.009577016652955654
2022-08-25,21600.904296875,21789.63671875,21362.44140625,21395.458984375,31028679593,27.65371736746971,-406.1023283427967,-140.96661779614604,25408.81003124094,20414.39211719656,0.009577016652955654,-0.029643699334366103,4994.417914044381,0.23756766055594028,-0.018800246636042336,-0.010280858918428781,-0.06408571655966329
2022-08-26,20260.01953125,21804.908203125,20199.482421875,21596.0859375,42326789564,16.420073425460814,-523.8763891784947,-217.5485720726158,25540.396040568416,20012.680131306584,-0.06408571655966329,0.3105082836532061,5527.715909261831,0.044745316872914415,-0.02585764482459868,-0.004289298155282654,-0.010832449813926528
2022-08-27,20041.73828125,20340.775390625,19890.5234375,20262.48046875,30116729776,15.578004930680521,-627.5921617514396,-299.55729000838056,25632.551855910595,19607.109081589402,-0.010832449813926528,-0.3403393847506157,6025.442774321193,0.07213232553013328,-0.03131425792235706,-0.007797424029080975,-0.0214299343072556
2022-08-28,19616.814453125,20139.0546875,19616.814453125,20041.03515625,24366810591,14.831957493773231,-735.5959680137021,-386.7650256094449,25649.339955244184,19171.05379475582,-0.0214299343072556,-0.21185883918566198,6478.286160488366,0.06880842360558967,-0.037498237533491074,-0.013321660860482623,0.034134991629983055
2022-08-29,20297.994140625,20357.462890625,19600.78515625,19615.154296875,32637854078,23.28329595867031,-757.4923543386831,-460.91049135529255,25617.265966317857,18916.495361807145,0.034134991629983055,0.29225079809771853,6700.770604510712,0.20617013480325305,-0.03731858178156706,-0.007545404545967533,-0.02500132778356697
2022-08-30,19796.80859375,20542.64453125,19617.640625,20298.611328125,34483360283,22.507916059937372,-805.9958646934247,-529.927566022919,25484.75364529324,18633.924284394263,-0.02500132778356697,0.05500411427516,6850.829360898977,0.16974358111920212,-0.04071342412978037,-0.011976821922857556,0.012696624168793951
2022-08-31,20049.763671875,20420.990234375,19799.58203125,19799.58203125,33225232872,26.979962993954373,-814.6332997398058,-586.8687127662964,25279.262858411654,18448.638508775846,0.012696624168793951,-0.037167283536646396,6830.624349635807,0.234403925782317,-0.04063056867261436,-0.00927725657323997,0.0038518173635346637
2022-09-01,20127.140625,20198.390625,19653.96875,20050.498046875,30182031010,28.24557992380157,-805.9444300853793,-630.6838562301131,24928.87918998643,18371.45440376357,0.0038518173635346637,-0.09606286588439789,6557.4247862228585,0.2677401996169068,-0.040042669006064006,-0.010095142186014398,-0.007849479691159277
2022-09-02,19969.771484375,20401.568359375,19814.765625,20126.072265625,29123998928,40.763448706758815,-802.506022855152,-665.0482895551208,24512.200395989217,18342.703510260784,-0.007849479691159277,-0.0356842079050674,6169.496885728433,0.2637278216118013,-0.04018603935869065,-0.0020613940619423968,-0.006918477935497839
2022-09-03,19832.087890625,20037.009765625,19698.35546875,19969.71875,23613051457,35.99723140485702,-801.6500528986508,-692.3686422238268,24045.434213415487,18360.745083459515,-0.006918477935497839,-0.20976295271732517,5684.689129955972,0.25882555290699283,-0.040421868706905326,-0.0015022552221668696,0.007766470822269511
2022-09-04,19986.712890625,19999.689453125,19636.81640625,19832.470703125,25245861652,32.994806188272776,-779.5090501931445,-709.7967238176903,23524.79757540361,18466.35574490889,0.007766470822269511,0.06686266031181554,5058.441830494718,0.300558392616154,-0.039001363278640094,0.002668659796336718,-0.008761151996171085
2022-09-05,19812.37109375,20031.16015625,19673.046875,19988.7890625,28813460025,32.71346652553248,-767.1864244601347,-721.2746639461792,22974.159723112825,18609.90160501217,-0.008761151996171085,0.13218039262264994,4364.2581181006535,0.2755266659756763,-0.03872259513159185,-0.0034593607216853025,-0.0504480646723607
2022-09-06,18837.66796875,20155.26953125,18800.171875,19817.724609375,43403978910,25.246680527377904,-826.5431758150662,-742.3283663199567,22564.693177477442,18569.535142835055,-0.0504480646723607,0.4097084769164528,3995.158034642387,0.06711444793669567,-0.043877149612480015,-0.007094608848655836,0.02374515374913594
2022-09-07,19290.32421875,19427.171875,18644.466796875,18837.68359375,35239757134,31.711185801850192,-827.5191271522344,-759.3665184864122,22013.560647362658,18728.426266699844,0.02374515374913594,-0.20837620758441075,3285.134380662814,0.17104260798506993,-0.042898145089126816,-0.005516247480035552,0.00204607030353663
2022-09-08,19329.833984375,19417.3515625,19076.71484375,19289.94140625,32194477850,29.677862483353096,-815.7015678121024,-770.6335283515504,21980.914137513493,18606.30090154901,0.00204607030353663,-0.09037996677177522,3374.6132359644835,0.21440474277609656,-0.04219909847500312,-0.005774211345749556,0.10086009766789074
2022-09-09,21381.15234375,21439.41015625,19310.962890625,19328.140625,48469528171,58.90055051243056,-633.5091200847892,-743.2086466981982,22017.62513618248,18591.09908256752,0.10086009766789074,0.4091403728538627,3426.526053614958,0.8142512905273782,-0.029629325393678907,0.009755728276971876,0.01390523841339878
2022-09-10,21680.5390625,21760.275390625,21168.72265625,21376.912109375,36913738894,62.84484706496134,-459.66357099547895,-686.4996315576544,22048.16568270472,18575.200332920278,0.01390523841339878,-0.2723515058552206,3472.965349784441,0.8941461882916768,-0.021201667065121155,0.01273054489824282,0.004083651963045384
2022-09-11,21769.255859375,21770.552734375,21406.9453125,21678.54296875,34493951963,67.809354819943,-311.14433852812,-611.4285729517476,22122.500853213096,18537.899928036903,0.004083651963045384,-0.06779980625114927,3584.6009251761934,0.9014548617230984,-0.014292832999807142,0.012204427918353659,0.027242163871664303
2022-09-12,22370.44921875,22439.181640625,21603.896484375,21770.1484375,50212088965,67.37755836999318,-143.27886745935393,-517.798631853269,22316.31443339552,18428.322480666982,0.027242163871664303,0.37547181049277994,3887.9919527285383,1.0139235847223074,-0.006404827460472426,0.017347758756615858,-0.09728219892342403
2022-09-13,20296.70703125,22673.8203125,20062.669921875,22371.48046875,51091116622,53.31692160314509,-175.55425559682408,-449.34975660198,22200.86586729313,18433.93979676937,-0.09728219892342403,0.017354825341499052,3766.926070523761,0.4945059179834483,-0.00864939595011794,0.010657168149321095,-0.0027439686753737906
2022-09-14,20241.08984375,20467.201171875,19793.396484375,20184.5546875,37872380889,51.30362434156052,-203.27732102536174,-400.1352694866564,22033.334438889564,18465.489779860436,-0.0027439686753737906,-0.2993885290905947,3567.844659029128,0.4976674248963064,-0.010042805135224934,0.006873007802962564,-0.027034586241261777
2022-09-15,19701.2109375,20318.166015625,19636.734375,20242.2890625,36389011503,47.2699412615987,-265.74838394202015,-373.25789237772915,22022.120587544545,18420.822771830455,-0.027034586241261777,-0.039955262711415286,3601.2978157140897,0.35553520735837985,-0.013488936532128846,0.0027186282965627915,0.0036162281734326176
2022-09-16,19772.583984375,19870.62890625,19400.076171875,19704.005859375,30123362273,48.722009139356196,-305.9709009044527,-359.8004940830739,22018.316189754503,18397.711739932998,0.0036162281734326176,-0.18896582133022213,3620.604449821505,0.3797355561747163,-0.015474502530688038,-0.01117335305978837,0.017794492715736767
2022-09-17,20127.576171875,20162.53125,19777.033203125,19777.033203125,24957448100,51.86262130615196,-305.67895592169225,-348.97618645079757,22023.028992319963,18444.075109242538,0.017794492715736767,-0.18812872726020868,3578.9538830774254,0.47038914655821273,-0.015187072368347494,-0.010617745302311512,-0.03581280604750071
2022-09-18,19419.505859375,20127.234375,19387.4921875,20127.234375,31254779144,46.65778662866065,-358.4509446853772,-350.8711380977135,22015.206883003066,18364.048390434433,-0.03581280604750071,0.22499999840634022,3651.158492568633,0.2890746789240999,-0.018458293804233472,-0.016317239303818096,0.006396912022913548
2022-09-19,19544.12890625,19639.48046875,18390.318359375,19418.572265625,40177002624,48.41009279668081,-385.77016924028067,-357.85094432622697,22017.455979014514,18336.531325672986,0.006396912022913548,0.25112246080093137,3680.924653341528,0.3280690843482585,-0.019738417152831794,-0.019295132425068206,-0.03400047754708742
2022-09-20,18890.7890625,19602.45703125,18813.455078125,19545.591796875,36791346508,50.32732534825404,-454.8961569913845,-377.2599868592585,22047.265053293973,18190.824790456027,-0.03400047754708742,-0.08803208961450525,3856.4402628379466,0.18150528060525162,-0.024080315305324982,-0.010254886514162977,-0.018344813515223775
2022-09-21,18547.400390625,19674.630859375,18290.314453125,18891.283203125,46363793975,45.35971348523912,-531.2635211397828,-408.0606937153634,22092.31613690826,17987.799683404242,-0.018344813515223775,0.23125618409116958,4104.516453504017,0.13633779120141942,-0.028643557045779644,-0.012483578634141545,0.045641677549128984
2022-09-22,19413.55078125,19456.91015625,18415.591796875,18534.650390625,41135767926,50.473951414423695,-515.9465984011767,-429.63787465252614,22083.502792829404,17940.990957170598,0.045641677549128984,-0.11964084349515876,4142.511835658806,0.3554751036323491,-0.02657662187689479,-0.0021012552355142928,-0.00598857629671097
2022-09-23,19297.638671875,19464.671875,18617.552734375,19412.400390625,38896078052,34.89416018186613,-507.3129770786145,-445.1728951377438,22080.22479170138,17890.82403642362,-0.00598857629671097,-0.055984584623602195,4189.400755277762,0.3358033087855716,-0.026288862886524492,-0.0034733701598205205,-0.018864440709329067
2022-09-24,18937.01171875,19310.197265625,18861.974609375,19296.990234375,26149643168,30.284024047358116,-523.5353614532032,-460.84538840083576,22079.575844774525,17786.502866162977,-0.018864440709329067,-0.3970578794215901,4293.072978611548,0.26799191588838284,-0.0276461444513359,-0.008710360649115638,-0.007149858037088313
2022-09-25,18802.09765625,19134.732421875,18696.46875,18936.310546875,23359966112,28.81757924035341,-541.0413671717142,-476.8845841550115,22087.764682520738,17677.286684666764,-0.007149858037088313,-0.11281183756061355,4410.477997853974,0.2550315344800009,-0.028775585419420838,-0.004615653790485298,0.022121968157295297
2022-09-26,19222.671875,19274.873046875,18721.28515625,18803.900390625,44148798321,26.93328715206613,-515.0411050033508,-484.5158883246794,22075.10189922873,17728.44985858377,0.022121968157295297,0.636542001308112,4346.652040644964,0.3437638905630396,-0.026793419164231082,-0.0023692171998593342,-0.005850034170169328
2022-09-27,19110.546875,20338.455078125,18915.66796875,19221.83984375,58571439619,37.80068714716615,-497.7455593728264,-487.16182253430884,22078.214714752954,17707.359308684543,-0.005850034170169328,0.28268149067794085,4370.855406068411,0.32103271235350805,-0.026045594750821403,0.0016522747111289645,0.016409099157190264
2022-09-28,19426.720703125,19688.34375,18553.296875,19104.62109375,53071298734,42.050503005296015,-453.30076030335476,-480.38961008811805,22078.22904485313,17717.03365045937,0.016409099157190264,-0.09861093062626727,4361.195394393762,0.39202257593480233,-0.02333387951732051,0.006617119378616684,0.007504185755091534
2022-09-29,19573.05078125,19589.265625,18924.353515625,19427.779296875,41037843771,48.644838581766514,-401.64046123549633,-464.63978031759376,21875.906827459738,17738.54571160276,0.007504185755091534,-0.2571416088445547,4137.3611158569765,0.44339979476672103,-0.02052007455170186,0.001168906265182763,-0.007243323491751529
2022-09-30,19431.7890625,20109.849609375,19265.662109375,19573.431640625,43975248085,46.44893018341167,-367.8575097722387,-445.2833262085228,21570.177565098835,17819.399973963664,-0.007243323491751529,0.06913227231928776,3750.777591135171,0.4298812844426528,-0.01893070723385631,0.0009896566658912545,-0.006178716506548767
2022-10-01,19312.095703125,19471.154296875,19231.08203125,19431.10546875,18719537670,41.06456652470734,-346.74546524521793,-425.57575401586183,21177.66413170892,17966.197391728583,-0.006178716506548767,-0.8540591584794789,3211.4667399803366,0.41909146828163585,-0.017954833622179547,0.0028019029805741546,-0.013973887936277964
2022-10-02,19044.107421875,19370.30859375,18970.62109375,19311.849609375,20765955327,45.44762078001808,-347.6311568950405,-409.9868345916976,20339.306712821624,18471.920630928373,-0.013973887936277964,0.10374710899300349,1867.3860818932517,0.3064105470713419,-0.018254001051040816,0.0018270415664042043,0.0299741763073446
2022-10-03,19623.580078125,19653.54296875,19025.2265625,19044.068359375,30484729489,50.867759057404484,-298.1377272686077,-387.61701312707964,20214.481699535412,18529.43294890209,0.0299741763073446,0.3839110031211539,1685.048750633323,0.6493266908812151,-0.015192830568207626,0.0029487855878398187,0.035702295702777984
2022-10-04,20336.84375,20380.34375,19523.83984375,19623.583984375,35887278685,65.58962550198098,-199.06471624626283,-349.9065537509163,20240.875957694898,18512.6140813676,0.035702295702777984,0.16315699277444287,1728.2618763272985,1.0555285015648128,-0.009788378112816196,0.008884832712546578,-0.00869820607502516
2022-10-05,20160.716796875,20343.748046875,19801.80078125,20335.900390625,33223790572,68.0435692460399,-133.22488089404214,-306.5702191795415,20322.611325725997,18476.829299274006,-0.00869820607502516,-0.07711667572462844,1845.7820264519905,0.9122894650983753,-0.006608142073336033,0.0052980748222300885,-0.010234041758595132
2022-10-06,19955.443359375,20408.392578125,19900.087890625,20161.0390625,34711412966,57.1119433400749,-96.49782107797728,-264.55573955922864,20350.73555612716,18466.99100637284,-0.010234041758595132,0.043802334002030624,1883.744549754323,0.7901561563618031,-0.004835664101276053,0.0027640423202748505,-0.02068782806747579
2022-10-07,19546.849609375,20041.0859375,19395.79296875,19957.55859375,29227315390,53.03736649213164,-99.21774206450573,-231.48814006028408,20262.34320088897,18497.310705361033,-0.02068782806747579,-0.17196480622788868,1765.0324955279357,0.5946286579270297,-0.005075894276943698,0.0008433988094570988,-0.0066873874171619555
2022-10-08,19416.568359375,19601.6953125,19299.4140625,19546.328125,16437423167,56.19250633417083,-110.61085403897232,-207.31268285602175,20262.169498348667,18497.19065790133,-0.0066873874171619555,-0.5755430948910878,1764.9788404473366,0.5209001266214224,-0.005696725188082246,0.0007707315365123573,0.0015365479891413887
2022-10-09,19446.42578125,19542.5390625,19349.259765625,19417.478515625,16837262532,58.552235896287264,-115.89477017664103,-189.02910032014563,20254.52876519163,18495.06107855837,0.0015365479891413887,0.02403380244198743,1759.4676866332593,0.5407116651920587,-0.005959695189250938,0.0029865080972865505,-0.01580535214708789
2022-10-10,19141.484375,19515.466796875,19102.978515625,19446.416015625,27425022774,48.88826365011543,-143.03966257593493,-179.8312127713035,20244.89110147415,18529.768273525853,-0.01580535214708789,0.4878613984530629,1715.1228279482966,0.3566602295216088,-0.007472757063854142,-0.0035534245390609477,-0.004716403712704757
2022-10-11,19051.41796875,19241.9609375,18925.603515625,19139.0,28711532910,49.18540060509715,-169.8617313352006,-177.83731648408292,20192.255048392843,18632.80608441966,-0.004716403712704757,0.04584304903092569,1559.4489639731837,0.26843577058368623,-0.008915962665551952,-0.009327524455558484,0.005549896374470987
2022-10-12,19157.4453125,19203.19921875,19029.7578125,19052.646484375,24950173846,46.06227854261835,-180.4824047211223,-178.3663341314908,20187.747028904603,18611.703557032895,0.005549896374470987,-0.14041809565328067,1576.0434718717079,0.3462732882733469,-0.009421005868844095,-0.007292081248487604,0.011700026522297709
2022-10-13,19382.904296875,19453.328125,18319.822265625,19156.966796875,44219840004,47.28230678570491,-168.7613334953203,-176.4453340042567,20190.606179950348,18617.370968487154,0.011700026522297709,0.5722927672921324,1573.235211463194,0.4865981404493052,-0.008706710352097686,-0.00415864292264577,-0.010228526229371489
2022-10-14,19185.65625,19889.146484375,19115.408203125,19382.533203125,38452356727,46.53752779154609,-173.38983888399162,-175.8342349802037,20179.46938017316,18653.372221389338,-0.010228526229371489,-0.13975356987765333,1526.0971587838212,0.3487877724865837,-0.009037472402539872,-0.0026644569457737266,-0.006170546675591737
2022-10-15,19067.634765625,19212.541015625,19019.25,19185.4375,16192235532,46.55942850294292,-184.45502745620252,-177.55839347540348,20156.100207184903,18703.295105315094,-0.006170546675591737,-0.8648881481683707,1452.8051018698097,0.2507835771231378,-0.00967372354901284,-0.002590622554120838,0.010458171486817167
2022-10-16,19268.09375,19389.603515625,19068.9140625,19068.9140625,17988916650,53.21349251583334,-175.03125305459253,-177.0529653912413,20155.925880833056,18708.011619166944,0.010458171486817167,0.1052239873878327,1447.914261666112,0.3868199558917141,-0.009083994261476568,-0.0013161049115957275,0.014563494131467007
2022-10-17,19550.7578125,19635.802734375,19173.333984375,19268.5625,27472552998,48.857970559929825,-143.10459572507534,-170.26329145800813,20163.412085986427,18744.546507763574,0.014563494131467007,0.4234316068834654,1418.8655782228525,0.5682083751342022,-0.007319644440256929,0.0030223016996264005,-0.011127327349328565
2022-10-18,19334.416015625,19666.994140625,19144.76953125,19550.466796875,30580012344,31.37693880231673,-133.71804633471038,-162.95424243334858,20160.741825833986,18737.986299166016,-0.011127327349328565,0.10715917069714888,1422.7555266679701,0.41920745010590604,-0.006916063367346958,0.0021064554658229992,-0.010130621895940859
2022-10-19,19139.53515625,19348.416015625,19127.6875,19335.02734375,22425387184,31.159811441366585,-140.38611127719196,-158.44061620211727,20149.539087702393,18705.83747479761,-0.010130621895940859,-0.3101529306373387,1443.7016129047843,0.300406730570505,-0.007334875697404228,-0.00013361857280726444,-0.004492679159130498
2022-10-20,19053.740234375,19315.19921875,18971.458984375,19138.0859375,24493974420,32.59688210095551,-150.8545763101647,-156.92340822372677,20149.731191435865,18667.840488251633,-0.004492679159130498,0.08823347173514094,1481.8907031842318,0.2604103968625346,-0.007917320927783343,-0.0024468622415827223,0.00621191065339352
2022-10-21,19172.46875,19237.384765625,18770.970703125,19053.203125,32459287866,41.86401470294865,-147.86600406323123,-155.11192739162766,20149.18899364363,18654.41999073137,0.00621191065339352,0.2815594777676187,1494.7690029122605,0.34657445950442367,-0.00771241335642971,-9.822840118772111e-05,0.0018613913940529582
2022-10-22,19208.189453125,19248.068359375,19132.244140625,19172.380859375,16104440957,45.27744825510367,-140.98993263400553,-152.28752844010324,20144.349044039198,18675.668143460804,0.0018613913940529582,-0.7008915532355643,1468.6809005783944,0.3625847585095693,-0.007340094857876765,0.0010491913230472353,0.01850815095417208
2022-10-23,19567.0078125,19646.65234375,19124.197265625,19207.734375,22128794335,52.37818256898263,-105.37228751698422,-142.90448025547943,20138.48616087259,18675.87380006491,0.01850815095417208,0.3177846017643594,1462.6123608076814,0.6092755922986868,-0.005385201893243442,0.002199188389812223,-0.011381303255268389
2022-10-24,19345.572265625,19589.125,19206.32421875,19567.76953125,30202235805,54.162228650319896,-93.93027542368145,-133.10963928911985,19943.544602582453,18771.688209917545,-0.011381303255268389,0.3110362833610663,1171.8563926649076,0.4897221701388687,-0.004855388826650812,-0.0015072112368642622,0.038050125599863024
2022-10-25,20095.857421875,20348.412109375,19261.447265625,19344.96484375,47761524910,66.78146094389894,-24.043498209000973,-111.29641107309608,19922.018715222926,18786.72815977707,0.038050125599863024,0.458304442257338,1135.2905554458557,1.1531226572942377,-0.0011964405252412288,0.0055181391844488226,0.033017194358947406
2022-10-26,20770.44140625,20938.134765625,20076.1171875,20092.236328125,58895950537,71.91307937970245,84.79806671798724,-72.07751551487942,20208.343432612288,18581.903247075214,0.033017194358947406,0.20955193962401122,1626.4401855370743,1.3456001509522182,0.0040826319026841095,0.011682112935147145,-0.023607984321621485
2022-10-27,20285.8359375,20854.044921875,20255.373046875,20772.802734375,49625110402,61.45972200256907,130.44845122809784,-31.57232216628397,20336.371849599716,18527.77346290028,-0.023607984321621485,-0.17127537306967036,1808.5983866994357,0.972057969048113,0.00643051889160522,0.00895135505479129,0.015142492579417856
2022-10-28,20595.3515625,20724.98046875,20086.068359375,20287.95703125,43994715910,67.39567617073583,189.4185350895459,12.625849284882001,20534.068744377557,18447.954888434946,0.015142492579417856,-0.12042742997834115,2086.113855942611,1.0293765452670958,0.009197149876986757,0.010227152472794767,0.010775490653264773
2022-10-29,20818.4765625,20988.39453125,20566.484375,20595.103515625,40369840645,71.05916612908607,251.26069725917478,60.35281887974056,20759.07874527575,18360.149965661753,0.010775490653264773,-0.08598654625682327,2398.928779613998,1.024760141996705,0.012069120259825677,0.011500595224110741,-0.008822978719624204
2022-10-30,20635.603515625,20917.005859375,20547.462890625,20817.982421875,31486345556,66.51831992597762,282.2610006640534,104.73445523660314,20907.955458004828,18360.685166995172,-0.008822978719624204,-0.2485290100534592,2547.270291009656,0.8930808625445203,0.013678349676098846,0.007596148127854129,-0.006799218852899474
2022-10-31,20495.7734375,20795.3203125,20287.458984375,20633.6953125,45668466815,61.82292491354824,292.1778019352387,142.22312457633026,21004.570119162912,18408.506052712088,-0.006799218852899474,0.37185407824796723,2596.0640664508246,0.8040122783413003,0.014255514817540716,0.00825073161390683,-0.0005124320157945651
2022-11-01,20485.2734375,20647.2890625,20359.845703125,20494.8984375,39819303159,65.18002284581343,295.78010718262885,172.93452109759,21088.422876037817,18457.436108337184,-0.0005124320157945651,-0.13705625698071963,2630.986767700633,0.7707516259894708,0.014438670203014167,0.002741794811670032,-0.01603042401585493
2022-11-02,20159.50390625,20742.810546875,20087.134765625,20482.958984375,55552169483,63.0045441596293,269.2443996022921,192.1964967985304,21124.622818332515,18498.896126979984,-0.01603042401585493,0.3329707712135435,2625.726691352531,0.6324374066571234,0.013355705619264715,-0.00426500781330173,0.002501116490787244
2022-11-03,20209.98828125,20382.095703125,20086.240234375,20162.689453125,43228750179,64.87604364920018,249.41324665926368,203.63984677067708,21152.71422912563,18573.23791931187,0.002501116490787244,-0.25081678262548546,2579.476309813763,0.6345281620576968,0.012341088138614068,-0.0005351362686719118,0.04533199824767065
2022-11-04,21147.23046875,21209.560546875,20188.01953125,20208.76953125,64072727950,70.98671898481102,305.7994609157613,224.07176959969394,21320.45207696165,18613.45964178835,0.04533199824767065,0.3935130250969713,2706.992435173299,0.9360095706357241,0.014460496913184535,0.003777650255364202,0.006385182519711849
2022-11-05,21282.69140625,21446.88671875,21097.634765625,21144.83203125,37846047609,71.58902386623299,357.2978008783648,250.71697585542813,21499.768777703703,18635.602706671296,0.006385182519711849,-0.5264922604464105,2864.1660710324068,0.9242092231836334,0.016788186891317638,0.003150463379142356,-0.01687848726805324
2022-11-06,20926.486328125,21345.376953125,20920.19140625,21285.056640625,35082693210,64.15558405437933,365.15851341027883,273.6052833663983,21595.908696755287,18677.035639182213,-0.01687848726805324,-0.07581861401536315,2918.8730575730733,0.7706572518135971,0.017449585548411403,0.0019996764436524934,-0.015587859865227252
2022-11-07,20602.81640625,21053.24609375,20489.97265625,20924.62109375,53510852236,62.818164620607945,341.33601791209367,287.1514302755374,21622.34574326105,18777.438631738954,-0.015587859865227252,0.42217654093209767,2844.907111522094,0.6416300086275164,0.01656744452707675,0.0007441562990342399,-0.10542864681146098
2022-11-08,18541.271484375,20664.607421875,17603.544921875,20600.671875,118992465607,37.49410016057619,154.32807447576852,260.5867591155836,21706.879281051355,18633.078726761145,-0.10542864681146098,0.7991756980159106,3073.80055429021,-0.029867664074032556,0.008323489282049672,-0.014243874386060963,-0.15488954817014716
2022-11-09,15880.7802734375,18590.458984375,15682.6923828125,18543.76171875,102905151606,20.18978229607501,-206.1797621314763,167.23345486617166,22433.494010810733,17589.168000908016,-0.15488954817014716,-0.1452524710951239,4844.3260099027175,-0.35265746441876444,-0.01298297429858258,-0.03408089212238842,0.1020374090112842
2022-11-10,17586.771484375,18054.3125,15834.0185546875,15883.158203125,83202283721,35.67786537833325,-350.188827978247,63.748998297287926,22564.504545513977,17299.587739642273,0.1020374090112842,-0.2125329097649152,5264.916805871704,0.05454668237347844,-0.01991205880450388,-0.01986142176231743,-0.03191845360130116
2022-11-11,17034.29296875,17650.943359375,16543.482421875,17583.251953125,55871616488,31.578824532146143,-503.09804801656355,-49.620410965482364,22745.262753252904,16901.439883465846,-0.03191845360130116,-0.3982182999445744,5843.822869787058,0.022733934317378163,-0.02953442499430498,-0.030897200597884828,-0.013898139747380939
2022-11-12,16799.185546875,17066.67578125,16651.775390625,17036.875,29717699419,29.234154652432835,-635.9204159110632,-166.88041195459854,22904.97214275409,16464.94826740216,-0.013898139747380939,-0.631313687735016,6440.02387535193,0.05190000626426603,-0.037854240858084795,-0.03379481806461237,-0.026896704984698754
2022-11-13,16353.365234375,16920.765625,16320.634765625,16799.72265625,27209183682,28.460856828208975,-768.300581886404,-287.1644459409597,23083.1272423565,15987.572464674753,-0.026896704984698754,-0.08818825665697427,7095.554777681746,0.051552384719903026,-0.04698119138631023,-0.03522599202413316,0.016064732404599078
2022-11-14,16618.19921875,17109.32421875,15872.94140625,16352.0283203125,49630243054,30.738483700769976,-842.1353162259293,-398.1586199979537,23127.7392779377,15595.194608781047,0.016064732404599078,0.6010458352239223,7532.544669156654,0.13581129019489152,-0.05067548566127213,-0.030704193128443684,0.01590431717951544
2022-11-15,16884.61328125,17051.962890625,16542.55078125,16617.484375,36599436183,32.5574994583333,-869.1336550534652,-492.353627009056,23027.157720926265,15307.193353292485,0.01590431717951544,-0.30456755145492764,7719.96436763378,0.2043299493156599,-0.051474892588663515,-0.013370912558304195,-0.012825680370738035
2022-11-16,16669.439453125,16960.294921875,16430.111328125,16884.341796875,33925512989,32.91013372252051,-897.5464064633161,-573.392182899908,22962.75490282958,15009.95652295167,-0.012825680370738035,-0.07586550857848982,7952.79837987791,0.20866654112242153,-0.05384382654181297,0.006923925698754252,0.0010839194206494296
2022-11-17,16687.517578125,16726.439453125,16460.68359375,16670.42578125,27868914022,32.69653363646377,-908.1365304287174,-640.3410524056699,22818.188361783778,14763.739665559971,0.0010839194206494296,-0.19665545198084733,8054.448696223806,0.2388466281331857,-0.0544201092928979,-0.007498001385622144,0.0006146278457023498
2022-11-18,16697.77734375,16947.05859375,16564.611328125,16687.912109375,26862218609,25.952877723129816,-905.266059007834,-693.3260537261027,22597.00715869429,14572.850946774462,0.0006146278457023498,-0.036791088214492,8024.156211919828,0.2648161801509683,-0.05421476405940197,-0.0028504183217645,0.0008242927596795972
2022-11-19,16711.546875,16797.876953125,16570.41015625,16696.220703125,16106223492,24.96590527667587,-891.6022676922403,-732.9812965193303,22362.165536027707,14415.286905378542,0.0008242927596795972,-0.5115150370823082,7946.878630649166,0.2889511815072973,-0.05335246786915052,-0.0007472136778987092,-0.02543603029442077
2022-11-20,16291.83203125,16746.779296875,16248.6923828125,16712.919921875,21313378652,24.79343504580629,-904.2178344798267,-767.2286041114296,22127.351921407615,14229.706379373636,-0.02543603029442077,0.28012923167077497,7897.645542033979,0.2611063817565327,-0.055501298610580514,-0.0005385458650018543,-0.03145906258707414
2022-11-21,15787.2841796875,16291.2236328125,15599.046875,16291.2236328125,37429485518,24.31503977359796,-944.0461802701902,-802.5921193431817,21873.572347206555,14013.687027793447,-0.03145906258707414,0.56312379537697,7859.885319413108,0.22565178495839183,-0.05979788350708444,-0.007327659435240885,0.02517471508039186
2022-11-22,16189.76953125,16253.0478515625,15656.6064453125,15782.30078125,30726828760,34.76052266171159,-932.3852700921816,-828.5507494929817,21604.216257008662,13886.069680491333,0.02517471508039186,-0.19732260270299437,7718.146576517329,0.29847837533526994,-0.05759101562826218,-0.006003316877972825,0.025667956985737504
2022-11-23,16610.70703125,16638.193359375,16170.5029296875,16195.5888671875,32958875628,56.66525236992795,-879.0446963619179,-838.6495388667689,21273.004564038318,13857.35324846168,0.025667956985737504,0.07012441729003388,7415.651315576637,0.37128954229610356,-0.052920366045115144,-0.0005042258270477487,-0.00037586363225689277
2022-11-24,16604.46484375,16771.474609375,16501.767578125,16611.63671875,26129037414,36.99229067028339,-827.733997469415,-836.4664305872982,20658.246861553187,14017.834388446816,-0.00037586363225689277,-0.23221335072400157,6640.412473106371,0.38952858211423336,-0.04985008582080127,-0.0007127662631772235,-0.004988374895103048
2022-11-25,16521.841796875,16603.31640625,16388.404296875,16602.26953125,18678255976,42.24969811115653,-784.6914536722143,-826.1114352042814,19865.786551926318,14334.209737136185,-0.004988374895103048,-0.335687175234325,5531.576814790133,0.39548073415327195,-0.0474941875923684,-0.0015131952261494234,-0.0034899891216231276
2022-11-26,16464.28125,16666.86328125,16416.228515625,16521.576171875,18000008764,44.64745918894823,-746.6180347365516,-810.2127551107355,18984.622600618684,14769.153180631316,-0.0034899891216231276,-0.03698782048798471,4215.469419987368,0.4021208317467432,-0.04534774542536144,-0.00212952120919267,-0.0011944668045808346
2022-11-27,16444.626953125,16594.40625,16437.025390625,16463.8828125,20443898509,51.68859657047866,-709.8478295121822,-790.1397699910249,17842.535392996306,15495.42144294119,-0.0011944668045808346,0.1273122317671596,2347.113950055116,0.40441390166042696,-0.043165942987675295,0.0013335592893558925,-0.013918848240971523
2022-11-28,16217.322265625,16482.93359375,16054.5302734375,16440.22265625,27743025156,42.47819490457064,-691.0823978747176,-770.3282955677635,17343.562825902165,15761.999088160333,-0.013918848240971523,0.3052999863179873,1581.5637377418316,0.2878942951198998,-0.042613841333076816,0.003839304195941981,0.01394046411034608
2022-11-29,16444.982421875,16522.2578125,16139.396484375,16217.6396484375,23581685468,41.62930507438354,-650.3436295932297,-746.3313623728568,17308.56312373224,15853.41900517401,0.01394046411034608,-0.16251409160456665,1455.1441185582316,0.40653252771052634,-0.03954662965939977,0.0022344112002211556,0.043059766583943886
2022-11-30,17168.56640625,17190.9375,16445.4765625,16445.4765625,29523576583,57.9620257423867,-553.2926684585218,-707.7236235899899,17182.363702160856,15937.797918932893,0.043059766583943886,0.22471877908842805,1244.565783227963,0.9889139681503543,-0.03222707448987136,0.0047189554285363535,-0.011802068595367332
2022-12-01,16967.1328125,17197.498046875,16888.388671875,17168.001953125,22895392882,54.21389390252087,-487.0190378007501,-663.582706432142,17168.873390271623,15944.572215197124,-0.011802068595367332,-0.2542534442261435,1224.301175074499,0.8352198120203697,-0.028703673342024776,0.0030866404338062902,0.007136986045805121
2022-12-02,17088.66015625,17088.66015625,16877.880859375,16968.68359375,19539705127,55.69958722334651,-419.85068963239974,-614.8363030721936,17220.072324082732,15922.320742323518,0.007136986045805121,-0.15848715036397942,1297.7515817592139,0.8987385801098464,-0.024568964786794226,0.004818834853936029,-0.010614234867796273
2022-12-03,16908.236328125,17116.041015625,16888.140625,17090.09765625,16217776704,52.735065437333446,-376.83407619272475,-567.2358576962998,17255.997365539442,15941.882810241807,-0.010614234867796273,-0.1863405877417158,1314.114555297636,0.7353647473021004,-0.022287012606152335,0.0038010854616255794,0.01305884246336571
2022-12-04,17130.486328125,17157.767578125,16903.439453125,16908.169921875,16824520830,62.3395593759627,-321.1078511195592,-518.0102563809517,17323.386378774725,15925.722507944023,0.01305884246336571,0.03672942745974608,1397.6638708307019,0.8619839471589569,-0.01874481815454131,0.005837272499903657,-0.009128269217154126
2022-12-05,16974.826171875,17378.15234375,16922.431640625,17128.89453125,22209086834,69.47207249503688,-286.20568894121607,-471.6493428930046,17336.081296689154,15922.048879092092,-0.009128269217154126,0.2776641264959411,1414.0324175970618,0.7445213275740895,-0.01686059615829353,0.006521640931877571,0.006733035250819497
2022-12-06,17089.50390625,17091.86328125,16939.921875,16975.23828125,19889922369,66.2904517125584,-246.45100541611828,-426.60967539762737,17386.48105615377,15913.655564939978,0.006733035250819497,-0.11028833213611923,1472.8254912137927,0.7983622963642335,-0.014421191321181994,0.005492008237659488,-0.014224977832437721
2022-12-07,16848.126953125,17109.376953125,16750.55859375,17089.505859375,19675404389,54.59763550390212,-231.7507566880122,-387.6378916557043,17399.715467943934,15916.482090649813,-0.014224977832437721,-0.01084384230596878,1483.2333772941201,0.6281175145708823,-0.013755283144102076,-0.002691526678966456,0.022614200081039638
2022-12-08,17233.474609375,17267.916015625,16788.783203125,16847.349609375,20496603770,60.621275332684725,-186.85244955985763,-347.480803236535,17469.956500815566,15899.810784340685,0.022614200081039638,0.04088985512781104,1570.1457164748808,0.8493885701434523,-0.010842413024371186,0.0022250831319488257,-0.005838370505888547
2022-12-09,17133.15234375,17280.546875,17100.8359375,17232.1484375,20328426366,60.2610781851073,-157.54925633768653,-309.49449385676536,17516.286588255494,15895.641243775755,-0.005838370505888547,-0.008238982544476614,1620.645344479739,0.7635915557889984,-0.009195579025780326,0.00037146076742115917,-0.00025846420531521353
2022-12-10,17128.724609375,17216.826171875,17120.68359375,17134.220703125,12706781969,61.3554811864082,-133.14869052871654,-274.2253331911556,17554.512088453703,15941.105001390046,-0.00025846420531521353,-0.46988435588177097,1613.407087063657,0.7360942055520799,-0.007773415333902956,0.0018508565763470247,-0.00143319679738864
2022-12-11,17104.193359375,17245.634765625,17091.8203125,17129.7109375,14122486832,61.25337403277727,-114.47098295155956,-242.27446314323637,17495.57867551924,16131.72933229326,-0.00143319679738864,0.10563247356676171,1363.8493432259784,0.7130289220808004,-0.00669256833961227,-0.0002194347466178824,0.0059599279123048595
2022-12-12,17206.4375,17212.564453125,16899.39453125,17102.5,19617581341,67.62835396014617,-90.37671100562511,-211.89491271571413,17500.629942805874,16228.34486188163,0.0059599279123048595,0.3286578335557893,1272.2850809242445,0.7687684566788067,-0.005252494074129238,0.0019360219861619726,0.03286478873072886
2022-12-13,17781.318359375,17930.0859375,17111.763671875,17206.44140625,26634741631,71.19359970659953,-24.610056613444613,-174.43794149526022,17667.099926449067,16178.936011050928,0.03286478873072886,0.3057902686054219,1488.1639153981396,1.0767512447674812,-0.001384040042254192,0.005669129626149024,0.0019289306421712124
2022-12-14,17815.650390625,18318.53125,17739.513671875,17782.06640625,25534481470,63.13377135431573,29.935718484284735,-133.56320949935125,17810.981981854933,16156.17251033257,0.0019289306421712124,-0.04218668670976339,1654.8094715223633,1.0028211155721567,0.0016803045540250156,0.007976830836807444,-0.02562838102102438
2022-12-15,17364.865234375,17846.744140625,17322.58984375,17813.64453125,20964448341,57.33069728362565,36.369795130831335,-99.57660857331473,17839.87825724168,16211.57857869582,-0.02562838102102438,-0.19720168631069598,1628.2996785458581,0.7082766586973757,0.0020944473014875295,0.0010850335365125835,-0.04218980898149945
2022-12-16,16647.484375,17505.525390625,16584.701171875,17364.546875,24031608960,43.33297521168531,-16.23069536838011,-82.90742593232781,17826.244143793992,16243.533004643505,-0.04218980898149945,0.1365419368667427,1582.7111391504877,0.25522747667844115,-0.0009749638445526465,-0.0041080291028604025,0.008827572352892032
2022-12-17,16795.091796875,16800.58984375,16614.029296875,16646.982421875,14463581825,48.2730372007999,-45.48198965131087,-75.42233867612443,17803.21625669081,16301.60737612169,0.008827572352892032,-0.507736112014934,1501.608880569118,0.3286371219154936,-0.0027080524596938215,-0.002810023880259368,-0.002212331171359141
2022-12-18,16757.9765625,16815.38671875,16697.8203125,16795.609375,10924354698,43.973678506451776,-70.84211652225349,-74.50629424535023,17736.761552953347,16422.12750954665,-0.002212331171359141,-0.28063921910405504,1314.6340434066951,0.25546961501376136,-0.0042273669651012495,-0.002921328790826582,-0.01917645189485355
2022-12-19,16439.6796875,16807.52734375,16398.13671875,16759.041015625,17221074814,41.775394533119055,-115.29504792800799,-82.66404498188179,17737.577354409437,16420.78143465306,-0.01917645189485355,0.4551392409678095,1316.795919756376,0.014351694566627127,-0.0070132174178352885,-0.006512240191849212,0.027988705082472278
2022-12-20,16906.3046875,17012.984375,16427.8671875,16441.787109375,22722096615,47.45928815212092,-111.585292785192,-88.44829454254383,17727.408479044265,16404.724138143232,0.027988705082472278,0.2772039565248037,1322.6843409010326,0.37921409806265965,-0.006600217779565674,-0.007208823570171581,-0.005264509420176635
2022-12-21,16817.53515625,16916.80078125,16755.912109375,16904.52734375,14882945045,49.556982970021465,-114.48849232816792,-93.65633409966865,17727.97497467064,16389.19787689186,-0.005264509420176635,-0.42312194067285963,1338.7770977787804,0.3199466737730217,-0.006807685624823557,-0.008236457864792702,0.0007612154110786702
2022-12-22,16830.341796875,16866.673828125,16592.408203125,16818.380859375,16441573050,43.455901749117324,-114.43675434385295,-97.81241814850553,17722.542516579135,16368.79849904587,0.0007612154110786702,0.09959713984486403,1353.744017533265,0.3409383841043995,-0.006799431391530098,-0.004466515517349409,-0.0019858084288219657
2022-12-23,16796.953125,16905.21875,16794.458984375,16829.64453125,15329265213,44.4212103809162,-115.75558012572583,-101.4010505439496,17723.533106123465,16356.679589189032,-0.0019858084288219657,-0.07004930893332581,1366.8535169344323,0.3221073292462877,-0.0068914629495178655,0.0012769131330330893,0.0030199561547248985
2022-12-24,16847.755859375,16864.703125,16793.52734375,16796.9765625,9744636213,45.408356729469176,-111.41705649898358,-103.4042517349564,17713.21083472416,16338.728813713344,0.0030199561547248985,-0.45304675879220024,1374.4820210108155,0.3703409996494094,-0.006613168983985789,0.0004472536761520703,-0.0003425096739709631
2022-12-25,16841.986328125,16860.5546875,16755.25390625,16847.505859375,11656379938,45.688525601005075,-107.20846576294207,-104.16509454055354,17711.20216096493,16327.453503097568,-0.0003425096739709631,0.17913666264630873,1383.7486578673634,0.3718398006037164,-0.006365547606692392,0.0007143710329218101,0.004609855984671537
2022-12-26,16919.8046875,16920.123046875,16812.369140625,16842.25,11886957804,45.24872667843402,-96.48165556931781,-102.6284067463064,17703.25561643697,16318.43012575053,0.004609855984671537,0.019588151954009876,1384.8254906864404,0.4342601763135813,-0.005702291329674535,0.004112415015711108,-0.012048246868378581
2022-12-27,16717.173828125,16959.845703125,16642.072265625,16919.291015625,15748580239,29.877219133782532,-103.1422385806436,-102.73117311317384,17705.606137388197,16302.984292299305,-0.012048246868378581,0.28130840142096736,1402.6218450888919,0.29529665267629596,-0.006169837057452674,-0.0016071495486961577,-0.009895050300250239
2022-12-28,16552.572265625,16768.169921875,16497.556640625,16716.400390625,17005713920,27.236901017393976,-120.31584292193293,-106.24810707492567,17690.567984464822,16249.932210847683,-0.009895050300250239,0.07679918287117991,1440.6357736171394,0.21007395506862953,-0.007268709720228488,-0.0022686553887066724,0.00540864482551941
2022-12-29,16642.341796875,16651.755859375,16508.68359375,16552.322265625,14472237479,35.030898667262306,-125.23872311328887,-110.04623028259832,17676.032755882527,16215.386384742476,0.00540864482551941,-0.16131724301625822,1460.6463711400502,0.29230580417557744,-0.007525306512861396,-0.0016047369009294238,-0.002391695878759684
2022-12-30,16602.5859375,16643.427734375,16408.474609375,16641.330078125,15929162910,48.706661805677456,-130.8398661978208,-114.20495746564282,17659.802957431497,16179.002316006005,-0.002391695878759684,0.09591941701082898,1480.8006414254924,0.2860504038450083,-0.007880692001255952,-0.0016627208223490978,-0.003323665649558149
2022-12-31,16547.49609375,16628.986328125,16517.51953125,16603.673828125,11239186456,42.46623537004702,-138.13180496834684,-118.99032696618363,17644.46900957958,16138.666537295416,-0.003323665649558149,-0.3487451120320604,1505.8024722841656,0.2715027794011757,-0.008347595562842846,-0.0025689525086752475,0.00467760631157723
2023-01-01,16625.080078125,16630.439453125,16521.234375,16547.9140625,9244361700,46.05346037800197,-136.08167499547199,-122.4085965720413,17609.079501304284,16115.920303383213,0.00467760631157723,-0.1953926427568705,1493.1591979210716,0.34099496922387806,-0.008185324483009616,-0.0018517930821683626,0.003805700684704715
2023-01-02,16688.470703125,16759.34375,16572.228515625,16625.509765625,12097775227,58.706275878378285,-127.8678574954065,-123.50044875671435,17418.965782613537,16196.749256448966,0.003805700684704715,0.2690077504304334,1222.2165261645714,0.4023194222538451,-0.0076620476357646475,-0.0019666724107350515,-0.0005162548994983624
2023-01-03,16679.857421875,16760.447265625,16622.37109375,16688.84765625,13903079207,38.336971501574304,-120.66244619198915,-122.93284824376931,17137.724114263467,16364.411627924033,-0.0005162548994983624,0.13908877112674306,773.3124863394332,0.40791504019773295,-0.007234021439160801,-0.000319244986609306,0.010934153962035356
2023-01-04,16863.23828125,16964.5859375,16667.763671875,16680.205078125,18421743322,52.14487631213266,-99.01343777116927,-118.14896614924932,16990.916705721404,16461.056341153595,0.010934153962035356,0.28142132795006203,529.8603645678086,0.7590338266265564,-0.005871555398778948,0.0026563556222886364,-0.0015728177184386805
2023-01-05,16836.736328125,16884.021484375,16790.283203125,16863.47265625,13692758566,50.296290665305584,-83.03772159080108,-111.12671723755969,17002.087107053652,16468.811135133845,-0.0015728177184386805,-0.2966645479710406,533.2759719198075,0.6899339410810597,-0.004931936924859384,0.0016590038302946232,0.006820792235553174
2023-01-06,16951.96875,16991.994140625,16716.421875,16836.47265625,14413662913,56.676289783681746,-60.38250606810834,-100.97787500366942,17026.06053403838,16460.52540346162,0.006820792235553174,0.051309448879886185,565.5351305767617,0.8689881847592965,-0.0035619760134414087,0.0029750735609107458,0.00018340582830352
2023-01-07,16955.078125,16975.017578125,16914.19140625,16952.1171875,7714767174,54.82023148058803,-41.69653229884352,-89.12160646270425,17051.386029942998,16454.910063807005,0.00018340582830352,-0.6250402631399232,596.4759661359931,0.8385384987634542,-0.0024592356337988577,0.0034760837720338414,0.00799308234902105
2023-01-08,17091.14453125,17091.14453125,16924.05078125,16954.146484375,9768827914,60.01806202341781,-15.727049989032821,-74.44269516796997,17082.103648106608,16489.338930018395,0.00799308234902105,0.2360601839912812,592.7647180882122,1.0152520601623118,-0.0009201870571205442,0.003949723205954387,0.006148589187306557
2023-01-09,17196.5546875,17389.95703125,17093.9921875,17093.9921875,18624736866,60.8859257984518,13.207423544172343,-56.91267142554151,17145.8174632147,16454.6501149103,0.006148589187306557,0.6452941451686486,691.1673483043996,1.0734080167541173,0.0007680273045491307,0.004284421563468936,0.014418133870887372
2023-01-10,17446.29296875,17484.720703125,17162.990234375,17192.94921875,15808338949,77.65493576475573,55.64851300985538,-34.400434538462136,17282.310913911715,16381.032445463288,0.014418133870887372,-0.16395305377833605,901.2784684484268,1.1819438282148271,0.003189704145719302,0.006417905673524041,0.02762115049773119
2023-01-11,17934.896484375,17934.896484375,17337.994140625,17446.359375,18372283782,92.08639082811032,127.24282636747375,-2.0717823572749587,17555.08010432064,16218.718723804357,0.02762115049773119,0.15030563039700107,1336.361380516284,1.2842168185871534,0.007094706483437389,0.008801762321480588,0.05080318049018759
2023-01-12,18869.587890625,19030.087890625,17995.203125,18117.59375,34971338710,94.77474223161069,256.44745384005,49.632064882190036,18098.29165582094,15882.770648866557,0.05080318049018759,0.6436856192280758,2215.5210069543828,1.3481331173939046,0.013590516937969858,0.01628404777985577,0.053649212803668606
2023-01-13,19909.57421875,19964.322265625,18753.1640625,18868.90625,29225029694,97.41339913572752,437.7155448004414,127.24876086584032,18851.842097309855,15435.402043315144,0.053649212803668606,-0.17950330860704275,3416.440053994711,1.309600667572689,0.021985178587506874,0.022973822146729404,0.052192440560842025
2023-01-14,20976.298828125,21075.142578125,19907.828125,19910.537109375,38967784639,99.2194937714483,659.8413336819394,233.76727542906016,19761.032044055562,14939.64334656944,0.052192440560842025,0.28770974647187086,4821.388697486122,1.2520574175448302,0.031456518573106176,0.03040368425137776,-0.0045631527773636734
2023-01-15,20880.798828125,20993.748046875,20606.986328125,20977.484375,19298407543,97.10833068849188,818.7337171796171,350.76056377917155,20417.412463778674,14679.362340908825,-0.0045631527773636734,-0.702712688096137,5738.050122869849,1.0807567648282386,0.039209884828584195,0.028609936376179944,0.013737719952276949
2023-01-16,21169.6328125,21360.875,20715.74609375,20882.224609375,26792494050,97.24579455995519,956.932640699968,471.99497916333087,21032.588289960364,14509.432413164637,0.013737719952276949,0.32809919374666247,6523.155876795727,1.0210089295928235,0.04520308165831433,0.029694097914032856,-0.00038332437933474676
2023-01-17,21161.51953125,21438.66015625,20978.533203125,21175.833984375,24999983362,97.25604846100396,1053.6557219828646,588.3271277272377,21540.081353390036,14462.834076297462,-0.00038332437933474676,-0.06924661617993733,7077.247277092574,0.9465100190343354,0.04979111828084425,0.027579603878286837,-0.02259283115330066
2023-01-18,20688.78125,21564.501953125,20541.544921875,21161.05078125,30005625418,88.01781832298137,1079.7171253727938,686.6051272563489,21875.424953426744,14532.134421573252,-0.02259283115330066,0.1825097186689692,7343.290531853492,0.8384043640544798,0.05218853214820442,0.02040617792813943,0.019055334102897954
2023-01-19,21086.79296875,21163.01171875,20685.380859375,20686.74609375,21152848261,89.33227484651398,1119.5813577253284,773.2003733501448,22233.17178516608,14622.808292958922,0.019055334102897954,-0.3496103120409641,7610.363492207158,0.849366089071725,0.05309396072624769,0.01587077130138377,0.0726845526110478
2023-01-20,22676.552734375,22692.357421875,20919.126953125,21085.373046875,28799154319,91.61949249269632,1264.8736993308703,871.53503854629,22874.439039579724,14594.446702607776,0.0726845526110478,0.30857145681117626,8279.992336971947,0.9761006656585786,0.055778923461036904,0.018590105559580797,0.004447222994453112
2023-01-21,22777.625,23282.34765625,22511.833984375,22677.427734375,32442278429,91.73719131930756,1372.354960247394,971.6990228865109,23429.088507392466,14655.051726982538,0.004447222994453112,0.11911643916630353,8774.036780409928,0.9257509942461223,0.06025013407883368,0.01176936019295381,-0.002514790230431855
2023-01-22,22720.416015625,23056.73046875,22387.900390625,22777.986328125,24746386230,90.81316007321536,1436.360872921341,1064.631392893477,23876.34985395611,14810.984911668884,-0.002514790230431855,-0.27078299450848636,9065.364942287228,0.8724889901629997,0.06321895126979828,0.012061983413944068,0.00937544219856928
2023-01-23,22934.431640625,23126.486328125,22654.3046875,22721.087890625,26518700512,90.95559281194036,1487.211642134018,1149.147442741585,24277.434228179834,15035.357959320168,0.00937544219856928,0.06917069637047073,9242.076268859666,0.8546860523018173,0.06484623928938528,0.011438800877700115,-0.013077079200906103
2023-01-24,22636.46875,23134.01171875,22549.744140625,22929.626953125,26405069715,86.79293873312565,1486.3345880811721,1216.5848718095026,24552.695710798296,15337.419523576706,-0.013077079200906103,-0.004294137440382116,9215.27618722159,0.7920597362609453,0.06566106244292949,0.009625407331761352,0.021043184701323544
2023-01-25,23117.859375,23722.099609375,22406.076171875,22639.267578125,30685366709,86.77941886988896,1507.1106829049386,1274.6900340285897,24830.798849395003,15687.428689667497,0.021043184701323544,0.1502298601522833,9143.370159727507,0.8126577569898071,0.06519248423730575,0.01585912388242195,-0.003687148593844675
2023-01-26,23032.77734375,23237.078125,22911.373046875,23108.955078125,26357839322,83.59361234486883,1499.4260289730737,1319.6372330174866,25016.03348097336,16110.274917464136,-0.003687148593844675,-0.15202014831027122,8905.758563509225,0.7773063211762327,0.06509966238960524,0.01261019778288729,0.001993046474165044
2023-01-27,23078.728515625,23417.720703125,22654.59375,23030.716796875,25383335641,80.4587832082087,1479.9834331478487,1351.706473043559,25114.918508740244,16623.754928759758,0.001993046474165044,-0.03767285663134919,8491.163579980486,0.7601989440037753,0.06412759837032854,0.00251141119190404,-0.002066314313093378
2023-01-28,23031.08984375,23165.896484375,22908.845703125,23079.96484375,14712928379,74.55957240483528,1444.0844861477708,1370.1820756644015,25120.089703091475,17212.578265658525,-0.002066314313093378,-0.5453662927537175,7907.51143743295,0.7358208235459256,0.06270152632571382,0.0015809058622545413,0.03177133538504421
2023-01-29,23774.56640625,23919.890625,22985.0703125,23031.44921875,27423687259,79.94839915701914,1458.8103989124065,1387.9077403140027,25140.941263414643,17849.527877210356,0.03177133538504421,0.6226805496020545,7291.413386204287,0.8126049388791061,0.061360126362973576,0.006478923807322551,-0.040096914665951826
2023-01-30,22840.138671875,23789.34765625,22657.58203125,23774.6484375,27205595568,65.25060918703619,1379.1819312546431,1386.1625785021308,24913.635948137002,18616.2177628005,-0.040096914665951826,-0.007984466877686698,6297.418185336501,0.6707385129526894,0.060384131246670004,-0.0005885557447518926,0.013012288539514132
2023-01-31,23139.283203125,23225.021484375,22765.568359375,22840.796875,22837828665,67.14463006513373,1324.9411635740034,1373.9182955165054,24659.282150196945,19391.010232615554,0.013012288539514132,-0.17500435849439852,5268.271917581391,0.7114805441230011,0.05725938664318987,0.0031384967895938544,0.024945734590003956
2023-02-01,23723.76953125,23764.5390625,22877.75,23137.8359375,26683255504,75.80935233874905,1313.9714810128316,1361.9289326157707,24548.589793886425,19987.120752988576,0.024945734590003956,0.15561792093136464,4561.4690408978495,0.8191766171726789,0.05538628586329884,0.003696003916548199,-0.010674749877368259
2023-02-02,23471.87109375,24167.2109375,23468.595703125,23720.82421875,32066936882,70.79943860796577,1270.3085041513732,1343.6048469228913,24495.975451559385,20395.964782815612,-0.010674749877368259,0.18378926164829776,4100.010668743773,0.7502190992776326,0.05412046185315095,0.002697775161759116,-0.000961136247671562
2023-02-03,23449.322265625,23678.103515625,23279.955078125,23469.412109375,27083066007,59.27404005722997,1219.8244020402344,1318.84875794636,24543.288379679972,20595.954198445026,-0.000961136247671562,-0.16891683365938942,3947.3341812349463,0.7228595138318282,0.05201960159967643,0.0022757490586396006,-0.0050223137428644544
2023-02-04,23331.84765625,23556.94921875,23291.794921875,23446.3203125,15639298538,56.62516705221368,1156.9990038886026,1286.4788071348084,24523.56400990482,20860.783451032676,-0.0050223137428644544,-0.5491217783824123,3662.780558872146,0.6746416187098981,0.04958882900894788,0.001853463425815161,-0.016254488231275857
2023-02-05,22955.666015625,23423.435546875,22841.759765625,23332.248046875,19564262605,52.61291358260372,1064.5828601713583,1242.0996177421184,24468.781296591867,21094.169484658134,-0.016254488231275857,0.22391768185571717,3374.6118119337334,0.5516179740684403,0.046375603280111304,-0.005007368519373419,-0.008555376421285297
2023-02-06,22760.109375,23119.279296875,22692.025390625,22954.021484375,23825006542,48.05583667224447,964.4450912242683,1186.5687124385486,24367.300723367127,21355.509042257876,-0.008555376421285297,0.19703115867018858,3011.791681109251,0.4663670271591758,0.04237436100740479,-0.0005014344844210585,0.02191019571493288
2023-02-07,23264.291015625,23310.974609375,22756.2578125,22757.267578125,27187964471,56.69400119034083,915.2183650480692,1132.2986429604528,24102.980736304642,21877.380005882856,0.02191019571493288,0.13203866856803015,2225.6007304217856,0.6231625424919228,0.03934004971109504,0.0007696951120673339,-0.014063722484005989
2023-02-08,22939.3984375,23367.958984375,22731.09765625,23263.416015625,25371367758,48.03151065162745,840.3032216117535,1073.8995586907129,23746.15622424547,22419.46506481703,-0.014063722484005989,-0.06915310811956968,1326.6911594284393,0.39190234214462716,0.03663144105113386,-0.0048030844699340864,-0.05007294792111713
2023-02-09,21819.0390625,22996.4375,21773.974609375,22946.56640625,32572572185,39.101197925728044,682.6595183882928,995.6515506302288,23896.54229445405,22183.327627420946,-0.05007294792111713,0.24984930565152708,1713.2146670331058,-0.21263451214295118,0.03128733196878353,-0.010431398476183924,-0.0077228177249046275
2023-02-10,21651.18359375,21941.185546875,21539.392578125,21819.005859375,27078406594,37.45593979150412,537.9797190008176,904.1171843043467,24038.10872130585,21929.117059944154,-0.0077228177249046275,-0.1847339846070818,2108.991661361695,-0.13178500004811355,0.024847589355628346,-0.011397352972931504,0.010095720621826006
2023-02-11,21870.875,21891.41015625,21618.44921875,21651.841796875,16356226232,40.104230177974934,436.02101719865095,810.4979508832076,24103.225060238332,21779.04661944917,0.010095720621826006,-0.5041279714682126,2324.178440789161,0.03951003887619306,0.019936148745701803,-0.009237633777975724,-0.0037871607629455096
2023-02-12,21788.203125,22060.994140625,21682.828125,21870.90234375,17821046406,30.905387777111045,344.57503553372226,717.3133678133106,24155.22321686659,21612.425611258408,-0.0037871607629455096,0.0857715070436403,2542.7976056081825,0.06912760707098457,0.015814752302283866,-0.007456586996785675,0.0009128497942385424
2023-02-13,21808.1015625,21898.4140625,21460.087890625,21787.0,23918742607,37.96273389273044,270.5898821149458,627.9686706736377,24198.8601060465,21485.9520033285,0.0009128497942385424,0.2942822199096881,2712.908102718,0.11874694865212217,0.012407768798189986,-0.006103983251710841,0.018747466050136215
2023-02-14,22220.8046875,22293.140625,21632.39453125,21801.822265625,26792596581,39.56369382225073,242.46284730405387,550.867505999721,24174.82174129194,21420.284899333063,0.018747466050136215,0.11346324127220513,2754.5368419588776,0.29061865355097605,0.010911524164579328,-0.006555801775253222,0.08977000786319626
2023-02-15,24307.841796875,24307.841796875,22082.76953125,22220.5859375,32483312909,54.94729033511111,384.15017807410914,517.5240404145986,24393.726432832198,21328.8866531053,0.08977000786319626,0.19260090614581968,3064.839779726899,0.9719774467408463,0.015803549376542974,0.0082775882743471,-0.028558101481565734
2023-02-16,23623.474609375,25134.1171875,23602.5234375,24307.349609375,39316664596,51.196475667710224,436.1875968760178,501.2567517068825,24456.194879343035,21320.892815969462,-0.028558101481565734,0.19092195599739495,3135.3020633735723,0.7344050898008961,0.018464159235192113,0.011351137765711585,0.03910624942610064
2023-02-17,24565.6015625,24924.041015625,23460.755859375,23621.283203125,41358451255,57.69317434451842,547.1422819772124,510.4338577609485,24703.24970442971,21227.28916275779,0.03910624942610064,0.05062831950116192,3475.9605416719205,0.9603999699419887,0.022272700327943065,0.01804100450156948,0.0030758236488141917
2023-02-18,24641.27734375,24798.8359375,24468.373046875,24565.296875,19625427158,59.076622229539055,633.8741655952144,535.1219193278017,24870.365029800563,21146.844931136937,0.0030758236488141917,-0.7454507545760161,3723.5200986636264,0.9384755070521249,0.02572407902206376,0.017038162076853505,-0.01280971909443967
2023-02-19,24327.642578125,25093.0546875,24327.642578125,24640.02734375,25555105670,59.593366426904886,669.583561307667,562.0142477237748,25033.1521347019,21132.808216860598,-0.01280971909443967,0.2640110977702939,3900.3439178413028,0.8191160647781559,0.027523569501540814,0.01574922517235434,0.02040504474431612
2023-02-20,24829.1484375,25020.458984375,23927.91015625,24336.623046875,28987376573,63.873874345824014,729.9365916159113,595.5987165022021,25268.51137755124,21066.43549744876,0.02040504474431612,0.12602331741918962,4202.075880102479,0.8954414549883328,0.02939837398988168,0.01853382445093685,-0.015946381537723795
2023-02-21,24436.353515625,25126.8515625,24200.36328125,24833.048828125,31252098714,57.97840856212191,737.5692957634965,623.992832354461,25367.086026736317,21039.119246701186,-0.015946381537723795,0.07522608814153765,4327.966780035131,0.7849492478995999,0.030183279812672652,0.01357756050981399,-0.010180396881003117
2023-02-22,24188.84375,24472.33984375,23644.318359375,24437.41796875,30199996781,58.59572226716078,715.399617757892,642.2741894351473,25445.027142765706,21032.875396296797,-0.010180396881003117,-0.034244714983941715,4412.15174646891,0.7152900750134539,0.029575602089615877,-0.0007010687393573465,-0.010027916762018151
2023-02-23,23947.4921875,24572.08984375,23693.919921875,24190.71875,30476264066,66.65762785234715,670.624393619506,647.9442302720191,25491.08493163926,21036.634599610737,-0.010027916762018151,0.009106335501589841,4454.450332028522,0.6534717801114255,0.02800395082578022,0.0019461005062923083,-0.03179206740644356
2023-02-24,23198.126953125,24103.705078125,23007.072265625,23946.0078125,26811744928,61.0966229368829,568.1232233202682,631.980028881669,25484.34238873137,21030.005072206128,-0.03179206740644356,-0.12810811819477552,4454.3373165252415,0.48674398161873,0.024490047169249445,-0.008182230469785433,-0.000981248083164121
2023-02-25,23175.375,23210.2109375,22861.55859375,23200.125,16100721565,59.629588192312646,479.52672926593004,601.4893689585213,25491.22967988146,21045.08867949354,-0.000981248083164121,-0.5099759464102311,4446.141000387921,0.4791315255904201,0.02069121769403645,-0.008761812145782335,0.016511545833869257
2023-02-26,23561.212890625,23654.3671875,23084.220703125,23174.150390625,16644534842,62.52734117005442,435.427920592123,568.2770792852416,25521.588971810754,21094.839739126746,0.016511545833869257,0.033217836138946986,4426.749232684007,0.5571522175432322,0.018480709062536405,-0.004573060013166775,-0.001628652491694882
2023-02-27,23522.87109375,23857.890625,23205.87890625,23561.451171875,22660763494,62.0843452231186,392.85682549193734,533.1930285265807,25536.45772394746,21105.82899480254,-0.001628652491694882,0.30855302367397086,4430.628729144919,0.54553027272348,0.016701057618613527,-0.007720731046882632,-0.016092730875103014
2023-02-28,23147.353515625,23585.384765625,23077.650390625,23521.837890625,20535363434,56.56398890525605,325.0705843465803,491.5685396905807,25541.25629829218,21121.825928270322,-0.016092730875103014,-0.0984865029777618,4419.430370021859,0.4583232266976979,0.01404353133187127,-0.007741638095079663,0.021336804939163678
2023-03-01,23646.55078125,23880.6328125,23088.626953125,23150.9296875,24662841200,43.95526862001358,308.079201968063,454.87067214607714,25517.424523722493,21328.408874715005,0.021336804939163678,0.18314926049926727,4189.015649007488,0.5533858311280558,0.013028504868132711,-0.003239180692198693,-0.007261350209481709
2023-03-02,23475.466796875,23739.138671875,23245.021484375,23647.01953125,20386398516,48.506991017515766,277.6082660009306,419.41819091704787,25435.50083296975,21592.76088578025,-0.007261350209481709,-0.19042976695358366,3842.739947189497,0.4899384129470515,0.011825463084631194,-0.002843956898979201,-0.04856242572977136
2023-03-03,22362.6796875,23479.34765625,22213.23828125,23476.6328125,26062404610,28.517952495918422,161.80205654946258,367.8949640435308,25382.564540843978,21694.87764665602,-0.04856242572977136,0.24562590043552338,3687.6868941879584,0.18108968033492764,0.007235360824843572,-0.005239722373740314,-0.0004173035221196778
2023-03-04,22353.349609375,22405.177734375,22198.98046875,22362.923828125,11166012913,27.39652914804782,68.48251805131076,308.0124748450868,25312.569947461307,21821.38688847619,-0.0004173035221196778,-0.8476192361597586,3491.183058985116,0.15237319610885663,0.0030636356182873452,-0.00515915886501968,0.00366895467532336
2023-03-05,22435.513671875,22613.685546875,22307.142578125,22354.14453125,13317001733,30.41087480851077,1.142890104878461,246.63855789704513,25229.658402170237,21967.03964470476,0.00366895467532336,0.17616694130981217,3262.618757465476,0.1435883448221281,5.0941116017824e-05,-0.006993814744811951,-0.0002565841781915384
2023-03-06,22429.7578125,22584.29296875,22331.314453125,22436.81640625,17353192895,22.31763486412187,-52.08825892129971,186.89319453337617,25205.263358839744,22012.330000535258,-0.0002565841781915384,0.26473497333754076,3192.9333583044863,0.13073489644841021,-0.0023222836089773187,-0.0067978049857400445,-0.009406138966041635
2023-03-07,22219.76953125,22527.41796875,22011.26171875,22428.322265625,22765452204,23.30048938904241,-109.9511786407129,127.52431989855836,25179.541630294832,21829.244502517668,-0.009406138966041635,0.271467614599261,3350.297127777165,0.11656429678860128,-0.004948349193544829,-0.005842577570159849,-0.022837315061132093
2023-03-08,21718.080078125,22268.896484375,21708.05078125,22216.44140625,22536575684,21.956041451723678,-194.05318119277945,63.208819680290794,25262.95522570703,21555.29145398047,-0.022837315061132093,-0.010104557259992401,3707.663771726562,0.04390598343513765,-0.008935098337179202,-0.012153166141630672,-0.06442451332853331
2023-03-09,20363.021484375,21802.716796875,20210.306640625,21720.080078125,30364664171,17.525315315602256,-365.8294735063064,-22.59883895702864,25417.694799993737,20980.293871881262,-0.06442451332853331,0.2981399942173238,4437.4009281124745,-0.13910674232645695,-0.017965382680905948,-0.020319332301495185,-0.00866965688311379
2023-03-10,20187.244140625,20370.595703125,19628.25390625,20367.001953125,39578257695,19.558022483554396,-510.2651661478849,-120.13210439519989,25463.35558884619,20489.22976271631,-0.00866965688311379,0.265000349823722,4974.125826129879,-0.06071129534055416,-0.0252766134195119,-0.01462036532340125,0.021812221244110887
2023-03-11,20632.41015625,20792.525390625,20068.66015625,20187.876953125,30180288176,26.312321250536712,-582.1002270434437,-212.52572892484866,25401.872462426538,20181.189646948464,0.021812221244110887,-0.2710909175029384,5220.682815478074,0.08642940497432428,-0.02821290497015023,-0.011444718928225453,0.07160391184533008
2023-03-12,22163.94921875,22185.03125,20448.806640625,20628.029296875,29279035521,39.27392432483652,-509.57358057081365,-271.93529925404164,25097.112526062258,20219.429661437745,0.07160391184533008,-0.030317253175306383,4877.682864624512,0.3986564135636043,-0.02299110034685202,-0.0017397250467959238,0.08778363436848541
2023-03-13,24197.533203125,24550.837890625,21918.19921875,22156.40625,49466362688,53.96457139263107,-284.72037924671895,-274.4923152525771,25050.609147754043,20242.051008495957,0.08778363436848541,0.5244211482309707,4808.558139258086,0.8225921534222133,-0.01176650433152205,0.010837449031300784,0.02241616479750579
2023-03-14,24746.07421875,26514.716796875,24081.18359375,24201.765625,54622230164,59.207457529351444,-61.55040682901745,-231.90393356786518,25165.0887766686,20183.2944264564,0.02241616479750579,0.09914804882528427,4981.7943502122,0.9158908360194219,-0.002487279650296246,0.015383492426093272,-0.015069419825617957
2023-03-15,24375.9609375,25240.615234375,23964.91015625,24770.92578125,43655701450,54.26427064207613,84.47458510028082,-168.62822983423598,25239.430934321637,20151.799143803364,-0.015069419825617957,-0.22410705458315408,5087.631790518273,0.8302805642437212,0.003465487383938372,0.016493191745452437,0.027387721969650478
2023-03-16,25052.7890625,25190.326171875,24225.111328125,24373.45703125,33866061747,58.70648128523041,251.91094390414582,-84.52039508655962,25536.32383176063,20040.37245730187,0.027387721969650478,-0.2539205066515587,5495.95137445876,0.9120198239910445,0.01005520556117307,0.02960922535947869,0.09043081735478727
2023-03-17,27423.9296875,27787.8125,24955.169921875,25055.123046875,50730261335,74.5294613658333,569.3733154011388,46.258347010980074,26443.703791435357,19557.847966377143,0.09043081735478727,0.4041092185380342,6885.855825058214,1.1423535317856024,0.020761915665961715,0.04376643596489312,-0.016843655914946763
2023-03-18,26965.87890625,27725.953125,26636.26171875,27448.1171875,35723036817,71.42294203269554,775.0691473813968,192.02050708506343,27040.830057932806,19301.18830144219,-0.016843655914946763,-0.35072683338583,7739.641756490615,0.9903159404476387,0.028742587997076394,0.038244167799313465,0.03901251239696352
2023-03-19,28038.67578125,28440.560546875,26907.716796875,26969.50390625,37769448859,73.83101457081447,1012.9733915553152,356.2110839791138,27837.862266453325,18955.736561671678,0.03901251239696352,0.05570477491941748,8882.125704781647,1.0226087224466487,0.036127718707482964,0.03358825359240396,-0.009728058677075274
2023-03-20,27767.236328125,28527.724609375,27242.880859375,28041.6015625,44774027664,72.19932618665088,1166.168459629691,518.2025591092292,28476.141427025002,18779.44568235,-0.009728058677075274,0.1701276870768889,9696.695744675002,0.9268920962802994,0.04199800246049323,0.01965801172875243,0.014607259457310753
2023-03-21,28175.81640625,28439.5625,27439.646484375,27768.392578125,36102192830,74.36946961352103,1305.4966991437468,675.6613871161328,29112.117394495588,18596.396277379412,0.014607259457310753,-0.21527462495674013,10515.721117116176,0.9109617897033704,0.04633394398659411,0.018542453823010282,-0.031304934786025286
2023-03-22,27307.4375,28803.3359375,26759.99609375,28158.720703125,33382021890,72.20290785643229,1330.5071541146572,806.6305405158377,29520.408728205944,18571.302013981553,-0.031304934786025286,-0.07833611840871087,10949.106714224392,0.7978856827350318,0.04872325182890768,0.016223094542952093,0.03690243092144147
2023-03-23,28333.97265625,28729.84375,27183.36328125,27301.95703125,24220433689,82.5120129782706,1416.8286096005359,928.6701543327774,30077.6663887426,18611.173650319903,0.03690243092144147,-0.3208208440994781,11466.492738422698,0.8479313795184675,0.05000458731253865,0.017582338678922234,-0.030119733185555653
2023-03-24,27493.28515625,28388.4375,27039.265625,28324.111328125,25980310960,78.26675579372477,1401.2497942735135,1023.1860823209247,30419.05032855848,18783.783265191523,-0.030119733185555653,0.07014233617875715,11635.267063366955,0.7485433590501029,0.05096698289454761,0.0003608314588732444,5.171583626720892e-05
2023-03-25,27494.70703125,27791.826171875,27196.234375,27487.337890625,13383005987,77.49397690675465,1373.188937031271,1093.186653262994,30715.278222812492,18993.474706875008,5.171583626720892e-05,-0.6633532882051788,11721.803515937485,0.7252495158117617,0.04994375591893119,0.002774455994760955,0.01800847790347154
2023-03-26,27994.330078125,28178.14453125,27445.046875,27495.5234375,13878363192,75.46524767058399,1375.4110276944048,1149.6315281492762,31037.03008400806,19228.180072241943,0.01800847790347154,0.03634533030374086,11808.850011766117,0.7423373145689789,0.049131771464292415,-0.00022612036145218495,-0.03099744005603332
2023-03-27,27139.888671875,28037.92578125,26606.689453125,27994.068359375,18188895178,64.32698584425485,1293.3172141519099,1178.368665349803,31181.1479117966,19576.074158515898,-0.03099744005603332,0.27048023033098884,11605.073753280703,0.6517678968839119,0.04765374058045313,-0.0032646034155890493,0.004714100093914092
2023-03-28,27268.130859375,27460.71875,26677.818359375,27132.888671875,17783600385,62.80455480900753,1224.4901875684482,1187.5929697935321,31248.598335371014,20063.628813066487,0.004714100093914092,-0.022534546877108222,11184.969522304527,0.644123529522454,0.044905541706664456,-0.004677911896074285,0.03885339931269162
2023-03-29,28348.44140625,28619.54296875,27259.662109375,27267.03125,20684945906,68.8118070122865,1242.7901939837611,1198.632414631578,31177.142415855284,20933.626724769718,0.03885339931269162,0.1511294788478692,10243.515691085566,0.7238544758546435,0.0438398067877468,0.0053447072608852715,-0.011169598741333131
2023-03-30,28033.5625,29159.90234375,27720.16015625,28350.140625,22435349951,64.6166108176382,1217.8464094062,1202.4752135865024,30824.765030064245,22070.635946498256,-0.011169598741333131,0.08123165296801252,8754.12908356599,0.6811558861629292,0.043442441873243906,-0.0015227255480825285,0.015746414888453637
2023-03-31,28478.484375,28639.896484375,27583.71484375,28032.26171875,19001327598,56.375546181535135,1219.9173099861036,1205.9636328664228,30341.34932511024,23338.65907332726,0.015746414888453637,-0.16612898744188678,7002.69025178298,0.7339786734624362,0.042836454845083506,0.005029581319633084,-0.0023712364214005313
2023-04-01,28411.03515625,28802.45703125,28297.171875,28473.33203125,10876469901,59.17011409351057,1202.2570544149567,1205.2223171761298,29938.92695672309,24365.79003546441,-0.0023712364214005313,-0.5579071191529876,5573.13692125868,0.7258470728315165,0.04231655227636006,0.0046834452828234075,-0.007480171844976413
2023-04-02,28199.30859375,28518.958984375,27884.087890625,28462.845703125,12284641999,51.1443305796899,1157.8298685183108,1195.743827444566,29799.7004912291,24905.1940400209,-0.007480171844976413,0.12174813308662956,4894.506451208203,0.6730228239693667,0.041058803433745475,0.0010422096044737,-0.014613274150394037
2023-04-03,27790.220703125,28475.623046875,27276.720703125,28183.080078125,19556501327,50.160588730732215,1077.1938100193038,1172.0338239595137,29626.376998185275,25382.932181502227,-0.014613274150394037,0.46495791560698024,4243.444816683048,0.5672958234682308,0.038761614077364046,0.0033828047338507407,0.01350558587463783
2023-04-04,28168.08984375,28433.7421875,27681.3046875,27795.2734375,15284538859,49.94578287824391,1031.8851052050486,1144.0040802086207,29237.7030995801,26150.8189707324,0.01350558587463783,-0.24646599446987025,3086.884128847698,0.6534974391053581,0.03663312318758475,0.004638731273954131,0.0003512057047058866
2023-04-05,28177.984375,28739.23828125,27843.763671875,28169.7265625,17052315986,56.94538371640047,985.416765120317,1112.28661719096,28777.744782093636,26923.296819468866,0.0003512057047058866,0.10944424408571038,1854.4479626247703,0.6765827787125305,0.03497115876019138,-0.0008615820986152588,-0.004761257346579407
2023-04-06,28044.140625,28178.384765625,27738.759765625,28175.2265625,13837809380,47.303586302536765,927.1031309784812,1075.2499199484644,28789.978380874443,26973.08431443806,-0.004761257346579407,-0.20888137359107403,1816.8940664363836,0.5894984910496721,0.03305871067241809,5.389524349241607e-05,-0.00422660089629551
2023-04-07,27925.859375,28111.59375,27794.03125,28038.966796875,10861680497,54.64934377912688,861.4149916254391,1032.4829342838593,28729.205109354614,27129.85563283289,-0.00422660089629551,-0.24216361143836496,1599.3494765217256,0.49770469422215785,0.030846498940569816,-0.0027993927257574623,0.0007851839396583646
2023-04-08,27947.794921875,28159.86328125,27883.38671875,27920.513671875,9373255556,54.84844646813996,801.8830743146464,986.3629622900168,28723.080956472553,27126.891699777447,0.0007851839396583646,-0.14738056391547788,1596.1892566951065,0.5142894043759639,0.02869217684458551,-0.002348475531320477,0.01369069252890777
2023-04-09,28333.05078125,28532.830078125,27828.48046875,27952.3671875,12175322951,53.71555943673898,776.8356512513274,944.457500082279,28767.77213566483,27138.78196589767,0.01369069252890777,0.2615507138504504,1628.9901697671594,0.733134451954551,0.027418002291705733,0.0006759336649486919,0.045533646757390224
2023-04-10,29652.98046875,29771.46484375,28189.271484375,28336.02734375,19282400094,75.01272308159452,853.6523102330393,926.2964621124311,29139.88697980851,26914.38352800399,0.045533646757390224,0.45978157327161595,2225.5034518045213,1.2305516482233372,0.028788077850476674,0.009268350937489301,0.019439489564332186
2023-04-11,30235.05859375,30509.083984375,29609.30078125,29653.6796875,20121259843,77.08304733066353,950.5416534781616,931.1455003855772,29610.614281361894,26736.418335825605,0.019439489564332186,0.042584192084547896,2874.1959455362885,1.2172587827064016,0.03143839296791214,0.010116051464588494,-0.0031803678161343176
2023-04-12,30139.052734375,30462.48046875,29725.57421875,30231.58203125,18651929926,69.92597686499917,1007.9611369995218,946.5086277083661,29948.663672735405,26578.876952264596,-0.0031803678161343176,-0.0758273376996337,3369.786720470809,1.056498846197583,0.033443690015177385,0.009611540961611322,0.008590133768281546
2023-04-13,30399.06640625,30539.845703125,29878.623046875,29892.740234375,17487721001,76.64880307480266,1062.2030066088519,969.6475034884634,30302.442621790335,26515.676128209667,0.008590133768281546,-0.06445064445565554,3786.766493580668,1.0255161718110786,0.03494196145413415,0.011518882549448602,0.002845797962018112
2023-04-14,30485.69921875,31005.607421875,30044.498046875,30409.5625,22659995079,74.59819757372321,1099.506199959651,995.6192427827009,30613.506430153557,26503.711538596446,0.002845797962018112,0.2591020608658097,4109.7948915571105,0.9689018029422625,0.0360662942998338,0.012529225243493406,-0.0054997371675221595
2023-04-15,30318.49609375,30601.740234375,30245.8828125,30490.75,11940685378,72.81784044754387,1102.8642223859533,1017.0682387033514,30854.439234774087,26495.19533553841,-0.0054997371675221595,-0.6406495302734435,4359.2438992356765,0.8770559405682868,0.03637595410325458,0.011631379371039042,-0.00010359312238552485
2023-04-16,30315.35546875,30555.537109375,30157.83203125,30315.9765625,12854816417,76.64259998819618,1092.6763642027327,1032.1898638032276,31005.044247783448,26662.137002216554,-0.00010359312238552485,0.07376705139834408,4342.907245566894,0.8411919159134006,0.03604365996397756,0.00966076713514,-0.02912872327682135
2023-04-17,29445.044921875,30319.197265625,29275.37109375,30317.146484375,17872186762,68.6673840413222,1002.8157893602875,1026.3150489146396,30998.67283961478,26886.19981663522,-0.02912872327682135,0.3295271326919395,4112.4730229795605,0.6222156573285502,0.03405720018498889,-0.0010052857268902232,0.03183646099781629
2023-04-18,30397.552734375,30470.302734375,29154.849609375,29449.091796875,19480529496,72.26331242654376,996.9676341206468,1020.4455659558412,31179.228065699397,26910.555723363104,0.03183646099781629,0.08616978711462264,4268.672342336293,0.8168809248785315,0.03279762824436944,0.0007657101921789347,-0.05319953662867234
2023-04-19,28822.6796875,30411.0546875,28669.8984375,30394.1875,24571565421,54.904855165281276,855.3933932662767,987.4351314179283,31168.55213618765,27000.143371624854,-0.05319953662867234,0.2321744178374473,4168.408764562795,0.4372259101287697,0.029677788551952338,-0.006379885352469354,-0.020211126619281063
2023-04-20,28245.98828125,29076.400390625,28037.2578125,28823.68359375,21340360360,51.43871491543621,688.7214582719316,927.6923967887291,31173.681928684382,26971.76396975312,-0.020211126619281063,-0.14098976487296422,4201.917958931263,0.303248260425501,0.024382983219217454,-0.010494351122121156,-0.034910877271712444
2023-04-21,27276.91015625,28349.96875,27177.365234375,28249.23046875,20759504330,45.874792909046846,472.9839783387906,836.7507130987414,31249.231841228477,26782.801557209026,-0.034910877271712444,-0.027595950520560596,4466.4302840194505,0.1106271826986187,0.017340086381829985,-0.015888161869796948,0.019624756556398195
2023-04-22,27817.5,27872.142578125,27169.5703125,27265.89453125,13125734602,49.22298368395023,341.6927325554025,737.7391169900736,31265.780751819013,26728.071787243487,0.019624756556398195,-0.4584294052207738,4537.708964575526,0.24008331544863232,0.012283373148392288,-0.01229894848066547,-0.0081617412273785
2023-04-23,27591.384765625,27820.244140625,27400.314453125,27816.14453125,12785446832,45.491485144565075,216.8976041133683,633.5708144147326,31279.71944952476,26694.249495787742,-0.0081617412273785,-0.026267218748523377,4585.469953737018,0.1956473990426922,0.00786106264530776,-0.013450112495664466,-0.0023965485595713668
2023-04-24,27525.33984375,27979.982421875,27070.849609375,27591.73046875,17703288330,34.7399684755938,111.38333473868624,529.1333184795234,31312.99835309574,26596.69559221676,-0.0023965485595713668,0.325442845841386,4716.302760878978,0.19690089856741294,0.004046574370051868,-0.009631230393200182,0.02802320777395386
2023-04-25,28307.59765625,28371.078125,27207.931640625,27514.873046875,17733373139,36.56159529820606,89.84846674156142,441.276348131931,31311.18749296073,26611.46778047677,0.02802320777395386,0.0016979486769241705,4699.719712483959,0.36090021948913353,0.003174005361833447,-0.01017598085375196,0.004057925868580612
2023-04-26,28422.701171875,29995.837890625,27324.548828125,28300.05859375,31854242019,38.06524828551313,81.13455184505074,369.247988874555,31304.972621759796,26655.538706365205,0.004057925868580612,0.585722208201829,4649.433915394591,0.3800812093829788,0.0028545686546265167,-0.001996343354144394,0.03631313286229464
2023-04-27,29473.787109375,29871.546875,28402.88671875,28428.46484375,27153445027,44.20369808914361,157.2301115204864,326.84441340374127,31337.19425658793,26778.10984497457,0.03631313286229464,-0.159666633573373,4559.084411613359,0.5912760153185885,0.005334574445320424,0.006078550857509278,-0.004540602889751968
2023-04-28,29340.26171875,29572.791015625,28929.609375,29481.013671875,17544464887,42.86645326747443,204.40574550100428,302.3566798231939,31348.399921463126,26906.150859786874,-0.004540602889751968,-0.43676541787435164,4442.249061676252,0.5479456070939172,0.0069667321805237355,0.01041716148350363,-0.0031328032278842735
2023-04-29,29248.48828125,29452.455078125,29088.04296875,29336.56640625,10662634333,43.27301223530729,231.7163441125158,288.2286126810583,31362.765868357616,26983.32866289238,-0.0031328032278842735,-0.4979929977329962,4379.437205465234,0.5172261895958546,0.007922335742085502,0.0071660815143204225,0.0006944394889976754
2023-04-30,29268.806640625,29952.029296875,29114.021484375,29245.515625,14652199272,43.434675862292046,252.09373244360904,281.0016366335684,31332.542940913296,26975.134207524203,0.0006944394889976754,0.31784493377315554,4357.408733389093,0.5263845035983816,0.008613051278069665,0.008431250188088447,-0.041052856211014906
2023-05-01,28091.568359375,29329.935546875,27680.79296875,29227.103515625,18655599976,41.8240706307422,171.27531360109424,259.05637202707356,31212.26737784812,26881.06074715188,-0.041052856211014906,0.24155592267673484,4331.206630696237,0.2794850755084504,0.006097036356602515,0.0029089205235965127,0.020749270291120427
2023-05-02,28680.537109375,28881.298828125,27924.123046875,28087.17578125,16432924527,39.151576239277595,152.98744626179177,237.84258687401723,31081.922918690598,26865.553643809402,0.020749270291120427,-0.12685945241045785,4216.369274881195,0.43046122083704536,0.005334190419041481,0.0018697865974774508,0.011294600825028724
2023-05-03,29006.30859375,29259.533203125,28178.388671875,28680.494140625,19122972518,51.377651618166986,162.90336722801294,222.8547429448164,30903.237760194505,26904.963021055497,0.011294600825028724,0.15160344654423583,3998.2747391390076,0.5255630765249723,0.005616135769275853,0.002903597305541467,-0.005482697825375376
2023-05-04,28847.7109375,29353.185546875,28694.0390625,29031.3046875,15548678514,54.81650257395429,156.16413766048936,209.516621887951,30677.559542745497,26966.842410379504,-0.005482697825375376,-0.20691470997072406,3710.717132365993,0.5068746713982822,0.0054133978948564315,-0.0030672356498399646,0.02352452363535224
2023-05-05,29534.384765625,29668.908203125,28845.509765625,28851.48046875,17936566518,68.92563894235036,203.88186559721362,208.38967062980353,30535.512597470763,27030.47822284174,0.02352452363535224,0.14286579936583416,3505.0343746290237,0.714374318525068,0.006903203409014676,0.0009420681394606367,-0.02155362050914689
2023-05-06,28904.623046875,29820.126953125,28468.966796875,29538.859375,15913866714,58.97968448566866,188.70670774880637,204.45307805360412,30312.18975136043,27112.72782676457,-0.02155362050914689,-0.11965060182977437,3199.46192459586,0.5600614298093929,0.006528599506133613,-0.0016894771864340227,-0.015678412319992844
2023-05-07,28454.978515625,29157.517578125,28441.3671875,28901.623046875,11301355486,56.87928944296052,138.79775585619427,191.32201361412217,30228.136678741237,27097.77425875876,-0.015678412319992844,-0.34226817648993146,3130.362419982477,0.43356138196720484,0.004877802166674581,-0.004028456016289811,-0.027097480312589104
2023-05-08,27694.2734375,28663.271484375,27310.134765625,28450.45703125,19122903752,51.211614374525475,37.430533686983836,160.5437176286945,29919.544983395026,27136.038024417474,-0.027097480312589104,0.5259640929290684,2783.506958977552,0.20055111099394504,0.0013515622199461732,-0.002034830887943268,-0.0012826051136456092
2023-05-09,27658.775390625,27821.400390625,27375.6015625,27695.068359375,14128593256,44.788296560840834,-45.24654193632523,119.38566571569056,29906.049567847913,27033.14301027709,-0.0012826051136456092,-0.3026861314804559,2872.9065575708228,0.21776983268007633,-0.001635883776389523,-0.0051822416600527015,-0.0013393336115541375
2023-05-10,27621.755859375,28322.6875,26883.669921875,27654.63671875,20656025026,43.48462846157513,-112.45952342824603,73.01662788690325,29921.659150312127,26955.11018562537,-0.0013393336115541375,0.37980641117814395,2966.5489646867572,0.2247209406232732,-0.004071411100756528,-0.006987089436707396,-0.0227376278728039
2023-05-11,27000.7890625,27621.94140625,26781.826171875,27621.0859375,16724343943,28.369508433871616,-213.3734896079186,15.738604387938885,29957.675657137417,26891.481569425083,-0.0227376278728039,-0.21114166654798094,3066.1940877123343,0.03564924135524475,-0.0079024908906926,-0.0094520794434829,-0.007278017155925187
2023-05-12,26804.990234375,27055.646484375,25878.4296875,26987.662109375,19313599897,28.06378989783734,-305.62481134147674,-48.53407875794424,30051.520246006705,26696.386003993295,-0.007278017155925187,0.14394412651531865,3355.1342420134097,0.03236956334614476,-0.011401787826415257,-0.013852442413665388,-0.0007804618022563855
2023-05-13,26784.078125,27030.482421875,26710.873046875,26807.76953125,9999171605,28.412192311061474,-376.086786537664,-114.0446203138882,30125.399663026146,26541.77592291135,-0.0007804618022563855,-0.6583072555690311,3583.6237401147955,0.06761373951630867,-0.014041431061486795,-0.010884848312681031,0.0054570113859458225
2023-05-14,26930.638671875,27150.9765625,26661.35546875,26788.974609375,10014858959,29.9612529744887,-415.31470881772475,-174.29863801465552,30170.32249296618,26437.382975783818,0.0054570113859458225,0.0015676359804139587,3732.9395171823635,0.13213600001303036,-0.015421643499730976,-0.007865502068975508,0.009683688179724162
2023-05-15,27192.693359375,27646.34765625,26766.09765625,26931.384765625,14413231792,40.863111049698745,-420.41125736970935,-223.52116188566632,30179.571649824473,26316.64338923803,0.009683688179724162,0.3640767730766312,3862.928260586443,0.22678390874485133,-0.01546044931311549,-0.00261104942721647,-0.005754943306692564
2023-05-16,27036.650390625,27299.3046875,26878.947265625,27171.513671875,12732238816,31.677620866269947,-432.0611404104966,-265.2291575906324,30182.02442109681,26175.585539840693,-0.005754943306692564,-0.1240093927284316,4006.4388812561156,0.21492025120176736,-0.01598057208152954,-0.0032499548833660346,0.013305949198470446
2023-05-17,27398.802734375,27465.927734375,26600.14453125,27035.470703125,15140006925,32.227247854964645,-407.37512231811706,-293.6583505361293,30009.636656716215,26140.474866721288,0.013305949198470446,0.17320343901554172,3869.161789994927,0.32521975971830236,-0.014868354879135553,-0.0011577716247910938,-0.020896322938492334
2023-05-18,26832.208984375,27466.52734375,26415.1015625,27401.650390625,15222938600,29.560398945157132,-428.59013523926114,-320.6447074767557,29863.963277451516,26035.342972548486,-0.020896322938492334,0.005462703291605025,3828.62030490303,0.20813398779863831,-0.015972972463386775,-0.0008947280627465846,0.0021562704301694635
2023-05-19,26890.12890625,27128.619140625,26700.2109375,26826.75390625,11258983301,19.264495887506328,-435.70697341549385,-343.65716066450335,29699.145229833455,25964.325082666546,0.0021562704301694635,-0.30163708304755205,3734.820147166909,0.2478844461320273,-0.016203231116315834,0.00045302730669550834,0.008865600285434393
2023-05-20,27129.5859375,27155.158203125,26843.27734375,26888.841796875,7044911360,27.309011938985293,-417.2155367482628,-358.3688358812553,29487.745454545995,25961.802787641504,0.008865600285434393,-0.468860762352414,3525.9426669044915,0.3311974300714849,-0.015378617930602642,0.0018310361763656195,-0.01394736681453699
2023-05-21,26753.826171875,27265.91796875,26706.921875,27118.423828125,8647416921,27.83481018134438,-427.9484889050109,-372.28476648600645,29463.26184266826,25852.51218076924,-0.01394736681453699,0.20495509119923458,3610.749661899019,0.2496196290250365,-0.015995786402876924,-0.000941017852274782,0.0036358955711424203
2023-05-22,26851.27734375,27045.734375,26549.734375,26749.892578125,11056770492,36.72107281390907,-423.7067084918672,-382.5691548871786,29338.69839929595,25794.149647579048,0.0036358955711424203,0.24578230004150192,3544.548751716902,0.298240416543461,-0.015779759862727376,-0.0018049882249293165,0.013848962643426162
2023-05-23,27225.7265625,27434.68359375,26816.1796875,26855.9609375,13697203143,43.83672452795783,-385.68421683208726,-383.1921672761604,29119.205653088437,25835.58419066156,0.013848962643426162,0.21414870730742036,3283.621462426876,0.4233564641189129,-0.014166168015634101,0.0009955697679447872,-0.03327040018789597
2023-05-24,26334.818359375,27224.603515625,26106.576171875,27224.603515625,16299104428,35.26529148206687,-422.5688539082512,-391.06750460257854,28935.60372381342,25767.896862124082,-0.03327040018789597,0.17391850138919024,3167.7068616893375,0.1789690530102902,-0.01604601361367734,-0.005658194430107558,0.005354526205137628
2023-05-25,26476.20703125,26591.51953125,25890.59375,26329.4609375,13851122697,43.25287609263384,-435.37260595329644,-399.92852487272216,28451.280772451664,25946.40204004834,0.005354526205137628,-0.1627438727325021,2504.8787324033256,0.21150923769196772,-0.01644391907947479,-0.0019080731238747064,0.009139332662057487
2023-05-26,26719.291015625,26916.669921875,26343.94921875,26474.181640625,12711619225,48.910991053239776,-421.0512094463884,-404.1530617874554,28066.39720473567,26112.752404639334,0.009139332662057487,-0.08584981569800966,1953.6448000963355,0.31046514236131717,-0.015758322674062145,-0.00091049280503356,0.005563330344848931
2023-05-27,26868.353515625,26888.8828125,26621.140625,26720.181640625,7892015141,51.03713734804924,-393.1414120754889,-401.9507318450621,27748.82072540254,26271.666383972457,0.005563330344848931,-0.4766649681216773,1477.1543414300832,0.4039436603994042,-0.014632136347575663,-0.001382245653688626,0.04430949975360071
2023-05-28,28085.646484375,28193.44921875,26802.751953125,26871.158203125,14545229578,61.249454042973476,-269.68852589229937,-375.49829065450956,27859.782791638827,26199.84162242367,0.04430949975360071,0.6114115691197314,1659.9411692151552,1.1360672877592577,-0.00960236133579251,0.006940163856045331,-0.012171112107334788
2023-05-29,27745.884765625,28432.0390625,27563.876953125,28075.591796875,15181308984,55.307589616662625,-196.99630458476167,-339.79789344056,27878.82006575063,26189.515285811867,-0.012171112107334788,0.04280192327651035,1689.304779938764,0.9213076872183056,-0.007100018840589464,0.00468201990197716,-0.0015702994220325468
2023-05-30,27702.349609375,28044.759765625,27588.501953125,27745.123046875,13251081851,56.52797792379818,-141.2716273684855,-300.09264022614514,27895.32983350604,26181.064893056464,-0.0015702994220325468,-0.1359858008486614,1714.264940449575,0.8874268384201357,-0.005099626181913339,0.0024792681783401996,-0.017577792723265092
2023-05-31,27219.658203125,27831.677734375,26866.453125,27700.529296875,15656371534,48.28384431446951,-134.5080565167773,-266.9757234842716,27909.84369221532,26188.43794840968,-0.017577792723265092,0.16679876267450985,1721.4057438056407,0.5990570546342701,-0.004941577719786902,0.00472106924471604,-0.014792581991188054
2023-06-01,26819.97265625,27346.10546875,26671.720703125,27218.412109375,14678970415,49.878906918947465,-159.55985452878303,-245.4925496931739,27909.723722802246,26190.056160010256,-0.014792581991188054,-0.06446207539691111,1719.6675627919903,0.3663013188529697,-0.005949292214941911,0.0018429109309552277,0.01589161106579633
2023-06-02,27249.58984375,27303.861328125,26574.64453125,26824.556640625,14837415000,53.313526542563956,-143.09752913045304,-225.01354558062974,27927.89000698696,26218.44104770054,0.01589161106579633,0.010736145682695371,1709.4489592864193,0.6032053723787648,-0.0052513645141442035,0.002807522131489348,-0.006422915434419119
2023-06-03,27075.12890625,27317.052734375,26958.00390625,27252.32421875,8385597470,49.491924585733216,-142.48606659181314,-208.50804978286644,27932.48062918304,26228.299448941958,-0.006422915434419119,-0.5706363838334618,1704.1811802410812,0.4969128089935536,-0.005262618216341042,0.0010952013058796266,0.0016214839752998166
2023-06-04,27119.06640625,27407.01953125,26968.224609375,27075.123046875,9360912318,53.63254960875932,-136.8782419066447,-194.18208820762212,27927.39139613985,26226.02598667265,0.0016214839752998166,0.11002710825338638,1701.365409467202,0.5248963065826585,-0.005047306564915488,-0.005003086662449073,-0.051410345698891795
2023-06-05,25760.09765625,27129.982421875,25445.16796875,27123.109375,21513292646,41.324480851507886,-239.33254459597083,-203.21217948529187,28047.825310586086,25977.936798788913,-0.051410345698891795,0.832128251081268,2069.888511797173,-0.10524196897429487,-0.009290824428916836,-0.010608691461242931,0.05581511856233619
2023-06-06,27238.783203125,27313.8203125,25434.8671875,25732.109375,21929670693,50.08830311918055,-198.91775185717051,-202.3532939596676,28029.686769645516,25980.073386604483,0.05581511856233619,0.019169539345297297,2049.6133830410326,0.614120607786207,-0.007302740007650175,-0.002410774606333111,-0.03332542412080894
2023-06-07,26345.998046875,27332.181640625,26146.98828125,27235.650390625,19530045082,50.07558994225901,-236.20620018879345,-209.1238752054928,28044.927678024997,25916.211384475002,-0.03332542412080894,-0.11588649280592414,2128.7162935499946,0.2018994563540706,-0.008965543828270752,-0.00466043623455366,0.006138366063704449
2023-06-08,26508.216796875,26797.513671875,26246.6640625,26347.654296875,11904824295,50.215821767486645,-249.78846084532051,-217.25679233345835,28046.17340033259,25876.77445122991,0.006138366063704449,-0.49501033232696695,2169.3989491026805,0.2910678766143864,-0.009423057867655873,-0.0016703007981404454,-0.001050860137740086
2023-06-09,26480.375,26770.2890625,26339.314453125,26505.923828125,11015551640,48.340986562703186,-259.8042390494884,-225.76628167666436,28031.244828358926,25826.781929453573,-0.001050860137740086,-0.07763566110587497,2204.4628989053526,0.29648631005342774,-0.009811199390095057,-0.004090653827217077,-0.024045314677471934
2023-06-10,25851.240234375,26531.044921875,25501.8359375,26481.76171875,19872933189,43.37870084903252,-314.87801536700863,-243.58862841473325,28085.72596878665,25682.04219527585,-0.024045314677471934,0.5900506048432279,2403.6837735107983,0.07039113920212098,-0.012180383320576934,-0.006608139433367478,0.0034340762243438776
2023-06-11,25940.16796875,26203.439453125,25668.986328125,25854.03125,10732609603,33.627930282795774,-347.34468164435384,-264.33983906065737,28112.28180683882,25564.37541972368,0.0034340762243438776,-0.6160719313255056,2547.9063871151375,0.14749072058791834,-0.013390224845991682,-0.0063491976835040416,-0.0014531650030546537
2023-06-12,25902.5,26087.919921875,25675.197265625,25934.28515625,11677889997,35.253295150966494,-371.8280367004663,-285.83747858861915,28097.800886009314,25446.533684303187,-0.0014531650030546537,0.08441057682201526,2651.267201706127,0.1719805213911371,-0.014354909244299443,0.0007875424159012644,0.0006263269559741463
2023-06-13,25918.728515625,26376.3515625,25728.365234375,25902.94140625,14143474486,35.66878001318226,-385.47821349855076,-305.7656255706055,28118.312776281895,25384.412809655605,0.0006263269559741463,0.1915560405129194,2733.89996662629,0.19544084000577397,-0.01487257421852954,-0.007096570670721885,-0.031115354032620144
2023-06-14,25124.67578125,26041.80078125,24902.15234375,25920.2578125,14265717766,33.96912943500212,-455.1231204158721,-335.6371245396588,28229.897911944532,25137.67454899297,-0.031115354032620144,0.008605949326793646,3092.2233629515613,-0.004203696246107895,-0.01811458680615177,-0.0067808463724092,0.017819375410116443
2023-06-15,25576.39453125,25735.30859375,24797.16796875,25121.673828125,15837384409,40.55927984394563,-468.4670860016231,-362.2031168320517,28249.792110548686,25003.490701951316,0.017819375410116443,0.10451394707842059,3246.30140859737,0.1764789393188362,-0.018316384877048876,-0.005112130751493201,0.0289427732653721
2023-06-16,26327.462890625,26463.173828125,25245.357421875,25575.283203125,16324646965,43.325366488527145,-413.66881856451437,-372.4962571785443,28223.8143480648,24975.3794019352,0.0289427732653721,0.030302802450441774,3248.4349461296006,0.4162261246143612,-0.015712445224329557,-0.0008273259796200307,0.0069349007932065195
2023-06-17,26510.67578125,26769.39453125,26174.4921875,26328.6796875,11090276850,45.91948767967668,-351.40625515436477,-368.2782567737084,27986.70022312728,25054.996456560217,0.0069349007932065195,-0.386607284525377,2931.703766567065,0.4965301546799329,-0.013255273386991558,0.0035984190876197477,-0.006602603438313832
2023-06-18,26336.212890625,26675.92578125,26325.890625,26510.45703125,9565695129,44.445463769774875,-312.5376824452251,-357.13014190801175,27799.083088783118,25101.646403404382,-0.006602603438313832,-0.14788549050161962,2697.436685378736,0.4576813587180898,-0.011867221902526474,0.002164607707240075,0.019359247201741925
2023-06-19,26851.029296875,26984.611328125,26312.83203125,26335.44140625,12826986222,58.79383282244567,-237.45543857116718,-333.19520124064286,27638.73968148321,25176.857779454287,0.019359247201741925,0.2933679756961198,2461.881902028923,0.6800372983124372,-0.008843438958922999,0.005137809450782444,0.05352849528514009
2023-06-20,28327.48828125,28388.96875,26668.791015625,26841.6640625,22211859147,58.77903616241509,-58.14406996105026,-278.18497498472436,27925.84837784551,25000.532090904493,0.05352849528514009,0.5490750918806039,2925.3162869410153,1.1372979411478772,-0.002052567081972315,0.012695262069234723,0.05827421320682117
2023-06-21,30027.296875,30737.330078125,28283.41015625,28311.310546875,33346760979,76.26640199938626,218.60192226865183,-178.82759553404915,28786.557188875973,24460.55570174903,0.05827421320682117,0.40633430351875793,4326.001487126945,1.2868098149792269,0.007280106603623535,0.025465200246297764,-0.0038377235796951737
2023-06-22,29912.28125,30495.998046875,29679.158203125,29995.935546875,20653160491,74.45302439885367,423.7594797447018,-58.31018047829896,29364.069807393433,24149.31222385657,-0.0038377235796951737,-0.479092287468369,5214.7575835368625,1.105126927536609,0.014166738945887046,0.022371328962038965,0.02584590576815378
2023-06-23,30695.46875,31389.5390625,29845.21484375,29896.3828125,24115570085,77.31482583085051,642.1427856903865,81.78041275543814,30084.962085803192,23790.453929821808,0.02584590576815378,0.15498933539925877,6294.508155981384,1.0969903682808917,0.020919790830377417,0.021928919319579205,-0.004793067902493928
2023-06-24,30548.6953125,30804.1484375,30290.146484375,30708.73828125,12147822496,82.47058661520545,794.2145285459483,224.26723591354016,30647.489961724506,23570.888944525494,-0.004793067902493928,-0.6857077582181029,7076.601017199013,0.9860392511905953,0.025998312544004764,0.020253495220193426,-0.0022426607224285255
2023-06-25,30480.26171875,31041.271484375,30327.943359375,30545.150390625,12703464114,81.47201414131786,898.8490885063366,359.1836064320995,31125.9812544591,23564.414058040897,-0.0022426607224285255,0.04472478586405775,7561.567196418204,0.9146050654663385,0.029489546277531063,0.02087634417960561,-0.006884835938176551
2023-06-26,30271.130859375,30636.029296875,29955.744140625,30480.5234375,16493186997,79.5802578133658,953.9016342971663,478.1272120051129,31496.50045790839,23497.129620216612,-0.006884835938176551,0.26107266521044215,7999.370837691778,0.8468167530425657,0.03151192595772292,0.017127189445331543,0.013682563415242946
2023-06-27,30688.1640625,31006.787109375,30236.650390625,30274.3203125,16428827944,80.63152893031601,1019.4309027951385,586.387950163118,31916.820960364123,23511.025719323377,0.013682563415242946,-0.003909793194651986,8405.795241040745,0.8538321642827867,0.03321902544313011,0.011434913463917668,-0.01980891791303767
2023-06-28,30086.24609375,30703.279296875,29921.822265625,30696.560546875,14571500779,82.67183450302446,1011.1378033671135,671.3379208039171,32183.32170240321,23602.327906971794,-0.01980891791303767,-0.1199699735304001,8580.993795431415,0.7556138998992793,0.0336079748937892,0.0002801804467949754,0.011865197537731036
2023-06-29,30445.3515625,30796.25,30057.203125,30086.1875,13180860821,82.45787088128851,1021.7640129649044,741.4231392361146,32472.230742184198,23709.9165234408,0.011865197537731036,-0.10030178002595364,8762.314218743399,0.768682207795141,0.03356059170042321,0.002523454892141577,0.0010472432791648364
2023-06-30,30477.251953125,31256.86328125,29600.275390625,30441.353515625,26387306197,80.59748779091268,1020.9901170248231,797.3365347938563,32694.078638459563,23950.669799040435,0.0010472432791648364,0.6941172290349364,8743.408839419128,0.7464573913848245,0.03350007141704045,-0.0010192111777139864,0.0036951443630783326
2023-07-01,30590.078125,30641.2890625,30328.865234375,30471.84765625,9086606733,80.39398527226405,1017.7489516712012,841.4190181693253,32887.54943581345,24222.19001731155,0.0036951443630783326,-1.0660815268500712,8665.359418501903,0.7348671647815639,0.03327055745043807,0.00019339057451062225,0.001002809469143997
2023-07-02,30620.76953125,30766.140625,30264.01953125,30587.26953125,10533418042,82.62137698131221,1006.0596157625696,874.3471376879743,33028.143662983835,24553.42274326616,0.001002809469143997,0.1477513320572856,8474.720919717674,0.7159347010314588,0.032855464809133435,0.0006570291733066968,0.017342426317960315
2023-07-03,31156.439453125,31375.61328125,30586.513671875,30624.515625,15271884873,82.67638729783766,1028.1677410462617,905.1112583596318,33188.85725708346,24916.48024291654,0.017342426317960315,0.3714606741042326,8272.37701416692,0.7543127204576652,0.033000168154424206,0.004118066638469107,-0.012234379050443955
2023-07-04,30777.58203125,31325.197265625,30659.35546875,31156.865234375,12810828427,72.31272189138616,1003.5496660500503,924.7989398977155,33096.940043539034,25573.68808146097,-0.012234379050443955,-0.17572276380539606,7523.251962078066,0.6917080507231775,0.032606514216454587,0.00041564628622812024,-0.008595533521292817
2023-07-05,30514.166015625,30877.330078125,30225.61328125,30778.724609375,12481622280,56.00486021814132,951.8122936122782,930.2016106406281,32930.503985296324,26233.901288141173,-0.008595533521292817,-0.02603343927540309,6696.602697155151,0.6391695791212951,0.03119247280508652,0.0020175583421916704,-0.020020299639946313
2023-07-06,29909.337890625,31460.052734375,29892.2265625,30507.150390625,21129219509,49.96761105410867,852.182054025845,914.5976993176715,32739.286678950455,26783.306094487045,-0.020020299639946313,0.5263995484909724,5955.98058446341,0.5248559413192013,0.02849217382016869,-0.002537512683190808,0.01437090998029806
2023-07-07,30342.265625,30434.64453125,29777.28515625,29907.998046875,13384770155,45.78869514754471,798.9482433709381,891.4678081283249,32514.206177036463,27391.545580776034,0.01437090998029806,-0.4565393883781159,5122.66059626043,0.57601318470668,0.026331199299522913,-0.0006341317258860617,-0.0016401345457067653
2023-07-08,30292.541015625,30374.4375,30080.16015625,30346.921875,7509378699,46.873469823671236,744.1693830687109,862.0081231164022,32065.42496564549,28235.95960466701,-0.0016401345457067653,-0.5779647724638904,3829.46536097848,0.5370413927525304,0.024566093108031633,-0.0013963144271410756,-0.004012544787339061
2023-07-09,30171.234375,30427.58984375,30085.591796875,30291.611328125,7903327692,46.27618312418214,683.094026792678,826.2253038516574,31438.34737753251,29195.057700592486,-0.004012544787339061,0.05113116509045556,2243.289676940025,0.43515408840941106,0.022640572748945677,-0.002112793606638655,0.008029538805166095
2023-07-10,30414.470703125,31026.083984375,29985.39453125,30172.423828125,14828209155,51.71318096550668,646.8618846400277,790.3526200093315,31038.469781959782,29803.633538352715,0.008029538805166095,0.6292474929803912,1234.8362436070674,0.4946705831920517,0.02126822758002376,-0.0034432061084664007,0.006765948365584516
2023-07-11,30620.951171875,30788.314453125,30358.09765625,30417.6328125,12151839152,49.1541055365984,627.5746096954717,757.7970179465597,31045.09738902889,29856.37136097111,0.006765948365584516,-0.19905086173151837,1188.726028057783,0.6431926220648739,0.02049494172055282,-0.0007288736204623339,-0.007516669538967958
2023-07-12,30391.646484375,30959.96484375,30228.8359375,30622.24609375,14805659717,54.24134763996461,587.0195376198753,723.6415218812228,31013.725177740627,29935.680095696873,-0.007516669538967958,0.19752899211337271,1078.0450820437545,0.42295669844649225,0.019315160760430494,-0.0005747501944159255,0.03505911799946575
2023-07-13,31476.048828125,31814.515625,30268.3515625,30387.48828125,23686079548,61.913998915425296,635.0609696817846,705.9254114413352,31210.12557467581,29817.337706574188,0.03505911799946575,0.4698779937537023,1392.7878681016227,1.1909287548651994,0.020176006624895514,0.007293738039785798,-0.036955452769762046
2023-07-14,30334.068359375,31582.25390625,29966.38671875,31474.720703125,20917902660,48.6829217111849,574.3649492068507,679.6133189944383,31203.726927691412,29802.27365824609,-0.036955452769762046,-0.12428213582054663,1401.4532694453228,0.37945946020662447,0.01893464939823472,-3.859949593707541e-05,-0.0012621409438578614
2023-07-15,30295.806640625,30407.78125,30263.462890625,30331.783203125,8011667756,47.255487222196116,517.213400624416,647.1333353204338,31200.593321199176,29786.961756925823,-0.0012621409438578614,-0.9597064302665171,1413.6315642733534,0.35995580217563844,0.017072111885308293,1.539959004133993e-05,-0.0015417915284865274
2023-07-16,30249.1328125,30437.560546875,30089.669921875,30297.47265625,8516564470,46.54424531248865,462.81910817379685,610.2704898911065,31201.019052239422,29784.336221198075,-0.0015417915284865274,0.061114079654812775,1416.6828310413475,0.3280879679751208,0.015300243846413469,0.00036836434130598764,-0.003418965294113633
2023-07-17,30145.888671875,30336.400390625,29685.783203125,30249.626953125,13240156074,39.781360673519096,406.69220562646296,569.5548330381778,31183.843306723036,29747.28442765196,-0.003418965294113633,0.4412413102048514,1436.5588790710754,0.2774715676676697,0.013490801682880617,-0.001267136244305402,-0.009643886494910275
2023-07-18,29856.5625,30233.65625,29556.427734375,30147.0703125,13138897269,40.514953226664225,335.0033172061703,522.6445298717763,31204.51933300071,29703.640041999293,-0.009643886494910275,-0.007677250660504005,1500.8792910014163,0.10188857886004404,0.011220424896743231,-0.003611398367233229,0.0019193869502834365
2023-07-19,29913.923828125,30184.181640625,29794.26953125,29862.046875,12128602812,43.544475990182825,279.59494000701307,474.0346118988237,31215.9217366356,29639.0948649269,0.0019193869502834365,-0.0800105560248667,1576.8268717086976,0.17429241480398636,0.009346648791829127,-0.002263390297340173,-0.004083626307646249
2023-07-20,29792.015625,30195.53125,29638.095703125,29915.25,14655207121,48.59195438671995,223.27268024263321,423.88222556758564,31230.59554212853,29555.89742662147,-0.004083626307646249,0.18922917537113113,1674.6981155070607,0.14099149941832925,0.007494379804744521,-0.007855210912641885,0.003910458253167224
2023-07-21,29908.744140625,30045.998046875,29733.8515625,29805.111328125,10972789818,44.36976230855903,185.91281209826047,376.2883428737206,31217.975501065994,29500.38406924651,0.003910458253167224,-0.2893771518364591,1717.5914318194846,0.2377515768960653,0.006216001956622959,-0.0020172236236519906,-0.004589155219131938
2023-07-22,29771.802734375,29991.615234375,29664.12109375,29908.697265625,7873300598,43.386873060346545,143.59949482448428,329.7505732638733,31204.521517857716,29428.941372767284,-0.004589155219131938,-0.3319411910103583,1775.5801450904328,0.19309821781661166,0.004823338919234542,-0.0024925113772625734,0.010449658783391701
2023-07-23,30084.5390625,30330.640625,29741.52734375,29790.111328125,9220145050,48.950060458805694,133.7592012572859,290.55229886255586,31062.500449727446,29463.772401835053,0.010449658783391701,0.157913405204084,1598.728047892393,0.38828784012572815,0.004446111039939949,-0.0007794470469942548,-0.030633538164858885
2023-07-24,29176.916015625,30093.39453125,28934.294921875,30081.662109375,15395817395,37.089904572204915,52.12227006494868,242.86629310303445,31080.148851344642,29286.05739865536,-0.030633538164858885,0.5127051052540927,1794.0914526892811,-0.06083379019876656,0.0017864214996895437,-0.004667243171386433,0.0017284554802405464
2023-07-25,29227.390625,29353.16015625,29062.43359375,29178.970703125,10266772793,34.97336073428254,-8.405809979638434,192.6118724864999,31096.761946337494,29140.766764600005,0.0017284554802405464,-0.4051831365644562,1955.9951817374895,0.04428633628995146,-0.000287600425487468,-0.0030426228892220302,0.004355653333464597
2023-07-26,29354.97265625,29675.552734375,29113.912109375,29225.759765625,13497554655,38.57091486168442,-45.55481823417722,144.97853434236447,31123.91933626623,29058.17285123377,0.004355653333464597,0.2735957941319773,2065.7464850324614,0.14367678084729926,-0.001551860353188852,-0.0026945848344818646,-0.004927238584293436
2023-07-27,29210.689453125,29560.966796875,29099.3515625,29353.798828125,10770779217,18.494010987100594,-85.65079454347142,98.85266856519729,31131.383750039502,28937.550820272998,-0.004927238584293436,-0.22567169312299912,2193.832929766504,0.12450293235453826,-0.0029321729869100496,-0.002815100874002891,0.0037094442045335473
2023-07-28,29319.24609375,29521.513671875,29125.845703125,29212.1640625,11218474952,30.192415166008303,-107.4291545701999,57.596303938117856,31120.22995076068,28851.37512736432,0.0037094442045335473,0.040725129327149195,2268.8548233963593,0.206214589651485,-0.00366411722275153,-0.002843817166664845,0.0012840607690722545
2023-07-29,29356.91796875,29396.84375,29264.166015625,29319.4453125,6481775959,31.67028778553012,-120.26254456755123,22.024534236984042,31109.54743879275,28780.62599870725,0.0012840607690722545,-0.5485674280132473,2328.921440085498,0.2474501544463193,-0.004096565746294243,-0.002004786311207103,-0.0027837737874393067
2023-07-30,29275.30859375,29443.169921875,29059.501953125,29357.09375,8678454527,31.244094085358142,-135.4568310946197,-9.471738829336708,31067.267330789284,28708.989895773215,-0.0027837737874393067,0.29184892237331117,2358.277435016069,0.24014082888118135,-0.004626999256415642,-0.0038952766784686754,-0.0015450628224417467
2023-07-31,29230.111328125,29489.873046875,29131.578125,29278.314453125,11656781982,31.958681171197796,-149.42299892386654,-37.46199084824268,30979.664579261873,28657.508662925626,-0.0015450628224417467,0.29504469207438283,2322.155916336247,0.2465823509829368,-0.005111954492629415,0.00026021979901948725,0.01513023382608844
2023-08-01,29675.732421875,29675.732421875,28657.0234375,29230.873046875,18272392391,46.64420407994613,-123.1142055687269,-54.59243379233952,30913.218660632156,28652.36317530534,0.01513023382608844,0.4495031532229833,2260.8554853268142,0.4526469087524515,-0.00414864926730419,0.0021747595627120433,-0.01780750751690934
2023-08-02,29151.958984375,29987.998046875,28946.509765625,29704.146484375,19212655598,37.946291190286985,-142.88138863158383,-72.25022476018839,30503.95380219173,28829.21904937077,-0.01780750751690934,0.050177899389699875,1674.7347528209575,0.19271107526753492,-0.004901261994371152,-0.0009914062730556616,0.0009161807791750279
2023-08-03,29178.6796875,29375.70703125,28959.48828125,29161.8125,12780357746,39.996215466128426,-154.60865387448575,-88.72191058304787,30410.971891134235,28806.662093240768,0.0009161807791750279,-0.4076597664194101,1604.3097978934675,0.23188638176209894,-0.005298685736651728,-0.0001566320782744525,-0.0035908335462961935
2023-08-04,29074.091796875,29302.078125,28885.3359375,29174.3828125,12036639988,36.33231627359546,-170.37795377135626,-105.05311922070956,30314.91971768609,28780.54278231391,-0.0035908335462961935,-0.059954111033295926,1534.37693537218,0.19131479872622983,-0.0058601298696342825,-0.0011995288998215582,-0.0011000318899209226
2023-08-05,29042.126953125,29102.46484375,28957.796875,29075.388671875,6598366353,37.62591233864739,-183.34109132563754,-120.71071364169516,30210.906620843765,28763.855293218738,-0.0011000318899209226,-0.6011332340481046,1447.0513276250276,0.19230254973939542,-0.006312936088377977,-0.0015401135653920121,-9.347994530765627e-06
2023-08-06,29041.85546875,29160.822265625,28963.833984375,29043.701171875,7269806994,30.22176941315945,-191.42969538439866,-134.85450999023587,30111.263923637165,28753.094670112838,-9.347994530765627e-06,0.096907646791452,1358.1692535243274,0.21261031928652577,-0.006591510504223236,-0.0011437670235479348,0.004765273802377892
2023-08-07,29180.578125,29244.28125,28724.140625,29038.513671875,13618163710,50.09807275272173,-184.5191909958594,-144.78744619136057,30055.462140096024,28741.298016153974,0.004765273802377892,0.6276747256651786,1314.1641239420496,0.3342657898223541,-0.006323356247619216,-0.00024229036285941516,0.01984638697905339
2023-08-08,29765.4921875,30176.796875,29113.814453125,29180.01953125,17570561357,61.20355640572695,-130.3423840989053,-141.89843377286954,30026.523610049448,28755.393382138052,0.01984638697905339,0.25482038285491576,1271.1302279113952,0.7946462000363683,-0.004378976274870486,0.00043144580184986334,-0.006877101417061734
2023-08-09,29561.494140625,30093.435546875,29376.80078125,29766.6953125,18379521213,54.16728082157769,-102.68413304318165,-134.05557362693196,29992.330265949746,28766.534577800256,-0.006877101417061734,0.04501221580862913,1225.7956881494902,0.6485253378760031,-0.0034735772337727536,0.001992932387542378,-0.004471948989328098
2023-08-10,29429.591796875,29688.564453125,29354.447265625,29563.97265625,11865344789,54.439288243598014,-90.36649786512498,-125.31775847457057,29916.5214981956,28794.428111179397,-0.004471948989328098,-0.4376151184414457,1122.0933870162044,0.5660524275827181,-0.0030705997721219023,0.001223199563470503,-0.0010837469218066252
2023-08-11,29397.71484375,29517.7734375,29253.517578125,29424.90234375,10195168197,51.642408276795834,-82.2290022015186,-116.70000721996018,29863.25463829495,28810.286182017546,-0.0010837469218066252,-0.15170804692015025,1052.9684562774055,0.5578786887962935,-0.0027971222470375315,0.0015813547955404416,0.0006206039371356436
2023-08-12,29415.96484375,29465.11328125,29357.587890625,29399.787109375,6194358008,51.2460247721199,-73.46054830893263,-108.05211543775468,29698.41558394353,28908.267814493967,0.0006206039371356436,-0.4982750228383567,790.1477694495625,0.6425342814155701,-0.0024973020160697114,0.0018271599136913794,-0.004533340724443713
2023-08-13,29282.9140625,29441.43359375,29265.806640625,29416.59375,7329897180,50.15708250906028,-76.3672573154945,-101.71514381330266,29699.394743162145,28917.888459962855,-0.004533340724443713,0.16832260947386538,781.5062831992909,0.46707954930618734,-0.0026079118066084546,0.00118087523798953,0.004277614074716283
2023-08-14,29408.443359375,29660.25390625,29124.10546875,29283.263671875,14013695304,53.56495284263857,-67.76057821305221,-94.92423069325258,29708.91035811147,28926.47811845103,0.004277614074716283,0.6480735989391863,782.4322396604402,0.6159833612333239,-0.002304119853778357,0.0011112095626093,-0.008129120118753778
2023-08-15,29170.34765625,29439.12109375,29088.853515625,29408.048828125,12640195779,38.982997446253385,-79.2386426617013,-91.78711308694233,29704.656658155527,28912.269318406976,-0.008129120118753778,-0.10315321001053647,792.3873397485513,0.3256971999635868,-0.0027164106371122985,-0.0028852914513631525,-0.016193584838703763
2023-08-16,28701.779296875,29221.9765625,28701.779296875,29169.07421875,14949271904,39.944402175051124,-124.70709626635289,-98.37110972282444,29762.306586522773,28803.728374414724,-0.016193584838703763,0.16778071913343523,958.5782121080483,-0.10635446983028925,-0.004344925622082628,-0.004216217654454871,-0.07362412009606191
2023-08-17,26664.55078125,28745.947265625,25409.111328125,28699.802734375,31120851211,20.414779716364478,-321.4233207498655,-142.98155192823268,30414.681528218527,27885.883901468973,-0.07362412009606191,0.7332154548975449,2528.797626749554,-0.48296989339884716,-0.01205433098748786,-0.014095099241131129,-0.023334248653811243
2023-08-18,26049.556640625,26808.1953125,25668.921875,26636.078125,24026236529,18.22544849876641,-520.9421366685783,-218.5736688763018,30855.389838157254,27114.43945871775,-0.023334248653811243,-0.2587316295140552,3740.950379439506,-0.2846556917582028,-0.01999811911793365,-0.017273742345703218,0.0017891559507894222
2023-08-19,26096.205078125,26249.44921875,25802.408203125,26047.83203125,10631443812,19.146517182325994,-667.6023918850187,-308.3794134780452,31091.197798583435,26560.721146729065,0.0017891559507894222,-0.8153304145591154,4530.476651854369,-0.10253139002798563,-0.02558235536111083,-0.017106806343752678,0.003571869420107809
2023-08-20,26189.583984375,26260.681640625,26004.314453125,26096.861328125,9036580420,20.698800353934715,-767.4501162211454,-400.19355402666525,31216.14904165562,26131.71716928188,0.003571869420107809,-0.1625351766842627,5084.431872373738,0.011381176215090402,-0.029303639060437724,-0.015948919180245318,-0.002501958864606914
2023-08-21,26124.140625,26220.201171875,25846.087890625,26188.69140625,13371557893,18.121456968644083,-842.1530728879552,-488.58545779892324,31232.68773163019,25760.01929961981,-0.002501958864606914,0.3918490751492632,5472.668432010381,0.06653451235056175,-0.0322365847350416,-0.01691742960014863,-0.0035464695192522202
2023-08-22,26031.65625,26135.5078125,25520.728515625,26130.748046875,14503820706,6.597930748267075,-898.461515314797,-570.560669302098,31268.38220572093,25412.29455209157,-0.0035464695192522202,0.08128220581631038,5856.087653629358,0.10576373417574594,-0.034514189442509904,-0.016262765228791266,0.015248455549160827
2023-08-23,26431.640625,26786.8984375,25804.998046875,26040.474609375,16985265785,15.204020346664564,-900.4313532239757,-636.5348060864735,31221.764250326116,25184.208601236387,0.015248455549160827,0.15793413802631434,6037.555649089729,0.20661209540180045,-0.03406641933426997,-0.011771045173382039,-0.01023956576112509
2023-08-24,26162.373046875,26554.91015625,25914.92578125,26431.51953125,12871532023,14.753406843100223,-913.193382282745,-691.8665213257278,31178.40626314551,24936.394713416994,-0.01023956576112509,-0.2773281968794553,6242.011549728515,0.19640757209286666,-0.034904837594303115,-0.002716108839819636,-0.0043939924369393165
2023-08-25,26047.66796875,26248.103515625,25786.8125,26163.6796875,12406045118,14.494379045352659,-921.935623449499,-737.8803417504821,31115.864937809947,24699.490140315054,-0.0043939924369393165,-0.03683418949671326,6416.374797494893,0.21011519292188113,-0.03539417135367231,-1.0357951695075078e-05,-0.0015062619864454853
2023-08-26,26008.462890625,26107.384765625,25983.87890625,26047.234375,6034817316,14.045145508015779,-921.4060394453954,-774.5854812894647,31024.67248566194,24487.343334650563,-0.0015062619864454853,-0.7206382799955724,6537.329151011378,0.23268211234841604,-0.035427162432483665,-0.00048113194272863326,0.0031183650409933924
2023-08-27,26089.693359375,26165.373046875,25965.09765625,26008.2421875,6913768611,15.933627907383794,-904.0108460439478,-800.4705542403614,30878.796475830535,24324.130867919466,0.0031183650409933924,0.1359692908678556,6554.665607911069,0.2693596587634221,-0.03465011388181391,-0.0005459182826021214,0.0006305878251208892
2023-08-28,26106.150390625,26198.578125,25880.599609375,26089.615234375,11002805166,13.930585575937656,-878.7672037517113,-816.1298841426315,30594.15158237607,24242.84158168643,0.0006305878251208892,0.4646353811732118,6351.310000689642,0.2933739352568139,-0.03366130933143196,-9.841161264100659e-05,0.060249892570851026
2023-08-29,27727.392578125,28089.337890625,25912.62890625,26102.486328125,29368391712,37.89637375984985,-719.6451191495144,-796.8329311440082,30343.84859245628,24309.73441535622,0.060249892570851026,0.9817687287821496,6034.114177100062,0.5663893758819639,-0.025954301946056937,0.009015354400230885,-0.015634289371322937
2023-08-30,27297.265625,27760.16015625,27069.20703125,27726.083984375,16343655235,38.14235355923473,-621.0878568854023,-761.6839162922871,30070.44834821373,24369.902042411268,-0.015634289371322937,-0.5860792211531393,5700.546305802462,0.5135233406679846,-0.022752749869444196,0.004603533697304633,-0.05132914544958933
2023-08-31,25931.47265625,27456.078125,25752.9296875,27301.9296875,20181001451,43.01958123736281,-645.7448499760758,-738.4961030290449,29757.76134599271,24335.964825882293,-0.05132914544958933,0.2109018766034183,5421.796520110416,0.2942765971480833,-0.02490197369567588,-0.0012664062581902575,-0.005054814300673318
2023-09-01,25800.724609375,26125.869140625,25362.609375,25934.021484375,17202862221,47.38990017856572,-668.1341349120703,-724.42370940565,29387.350739471305,24344.851408966195,-0.005054814300673318,-0.15966586143811354,5042.49933050511,0.2887205540318199,-0.025895944591776923,-0.0013608093815808292,0.0026349868784771645
2023-09-02,25868.798828125,25970.28515625,25753.09375,25800.91015625,10100387473,47.62531776100457,-672.6311112446856,-714.0651897734572,28978.751199743994,24412.039425256007,0.0026349868784771645,-0.5325019913980599,4566.711774487987,0.31899525847172683,-0.026001636786992584,-0.0007692024008775936,0.0038877655416867615
2023-09-03,25969.56640625,26087.1484375,25817.03125,25869.47265625,8962524523,47.70601361701227,-660.4506322104717,-703.3422782608602,28434.089064327534,24612.813865359967,0.0038877655416867615,-0.11952184467419652,3821.275198967567,0.35505229805386573,-0.025431715796822987,-0.0006592880436356836,-0.006069712504034206
2023-09-04,25812.416015625,26081.525390625,25657.025390625,25968.169921875,10680635106,46.81082938857396,-655.917232422009,-693.8572690930899,27826.377988600914,24884.731777024084,-0.006069712504034206,0.1753803565173811,2941.64621157683,0.3153622740048429,-0.025410919769190275,-0.0016164738049435545,-0.0012573014244295709
2023-09-05,25779.982421875,25858.375,25589.98828125,25814.95703125,11094740040,47.3931618571413,-647.4778784433329,-684.5813909631386,27201.585861308213,25217.344216816786,-0.0012573014244295709,0.03803882711812122,1984.241644491427,0.2835532691393231,-0.02511552831370167,-0.010403215804269355,-0.001038013801593385
2023-09-06,25753.236328125,25953.015625,25404.359375,25783.931640625,12752705327,42.38423519165978,-635.6207752156697,-674.7892678136448,27151.715578940286,25176.08305387221,-0.001038013801593385,0.13927230587069467,1975.6325250680748,0.29213594478184124,-0.02468119995161583,-0.008318033580022274,0.01873210550195057
2023-09-07,26240.1953125,26409.302734375,25608.201171875,25748.3125,11088307100,50.83292256840751,-580.2417494294277,-655.8797641368014,27160.28049213711,25186.582007862893,0.01873210550195057,-0.13985229293376403,1973.6984842742168,0.5338268803626385,-0.022112706956606335,0.0016907165559119969,-0.012831149860508746
2023-09-08,25905.654296875,26414.005859375,25677.48046875,26245.208984375,10817356400,48.54835521784355,-556.9282148099592,-636.089454271433,27157.548189542664,25170.259232332333,-0.012831149860508746,-0.02473922043038405,1987.2889572103304,0.3700493890805956,-0.021498326520829912,0.000579811475935507,-0.00038518556307899995
2023-09-09,25895.677734375,25921.9765625,25810.494140625,25905.42578125,5481314132,48.84019490092268,-533.1117158652487,-615.4939065901963,27149.921940257762,25148.494856617235,-0.00038518556307899995,-0.6798070409218021,2001.4270836405267,0.3733250558388026,-0.02058689953333695,0.00014835826999891224,-0.002453267904857347
2023-09-10,25832.2265625,25978.130859375,25640.26171875,25895.2109375,7899553047,47.34267146756911,-513.4383504499892,-595.0827953621549,27145.330987656234,25123.894402968763,-0.002453267904857347,0.3654613042225971,2021.4365846874716,0.35041027994474533,-0.01987588445803332,-0.0007575036509359603,-0.026261881067480307
2023-09-11,25162.654296875,25883.947265625,24930.296875,25831.71484375,14600006467,41.418990308949745,-545.5867679613912,-585.1835898820023,27191.278796753973,24991.046398558527,-0.026261881067480307,0.6142157901160371,2200.232398195447,0.07799535106252511,-0.02168240128900665,-0.003642099159999689,0.0263051279529175
2023-09-12,25833.34375,26451.939453125,25133.078125,25160.658203125,18657279324,29.17267841855883,-511.05446897646107,-570.357765700894,27154.900412927775,24967.595094884724,0.0263051279529175,0.24521441055722404,2187.3053180430506,0.39580603950135895,-0.01978274566088492,0.00029539075104989245,0.015173852958685846
2023-09-13,26228.32421875,26376.11328125,25781.123046875,25837.5546875,13072077070,38.15415370177015,-446.6668529600465,-545.6195831527245,27159.878225184886,24969.21239981511,0.015173852958685846,-0.35575794830852175,2190.665825369775,0.5747621587705105,-0.01702994248640312,0.0026113717168040683,0.011800835130971608
2023-09-14,26539.673828125,26774.623046875,26171.451171875,26228.27734375,13811359124,58.79554335109583,-366.2934886328294,-509.75436424874556,27204.794217758674,24973.49699317883,0.011800835130971608,0.055012944601055574,2231.2972245798446,0.7019131372067123,-0.01380173287000444,0.0016211902352356452,0.0025972414093191217
2023-09-15,26608.693359375,26840.498046875,26240.701171875,26533.818359375,11479735788,61.896901191990814,-293.64278772252874,-466.5320489435022,27257.72478968652,24980.589468125978,0.0025972414093191217,-0.1849080028651627,2277.1353215605413,0.7149789807540085,-0.011035595914335644,0.0038252461309253405,-0.001519910354119122
2023-09-16,26568.28125,26754.76953125,26473.890625,26606.19921875,7402031417,60.38408968471522,-236.60012436434772,-420.54566402767136,27299.03130042026,24987.14174645474,-0.001519910354119122,-0.4388288972956291,2311.8895539655205,0.6839165395390493,-0.008905360574062266,0.00366314258934818,-0.0012840741866492755
2023-09-17,26534.1875,26617.998046875,26445.07421875,26567.927734375,6774210670,58.55130201431221,-191.9320106294217,-374.8229333480214,27333.331663428537,24995.645094383966,-0.0012840741866492755,-0.08863162464304519,2337.68656904457,0.6581474291671998,-0.007233385632381685,0.0038301702633779045,0.008260511389751386
2023-09-18,26754.28125,27414.734375,26415.515625,26532.994140625,15615339655,63.997861286676404,-137.1910296618371,-327.29655261078454,27072.500634180222,25159.16499081978,0.008260511389751386,0.8351308886343335,1913.3356433604422,0.8336834494850269,-0.005127815932705615,0.008761940614411004,0.016931102662432373
2023-09-19,27211.1171875,27488.763671875,26681.60546875,26760.8515625,13807690550,68.88678102406145,-56.296613323567726,-273.09656475334117,27046.321351354916,25176.729429895084,0.016931102662432373,-0.12302801917091376,1869.5919214598325,1.0881453510000825,-0.002068882836954183,0.0074227941443417,-0.0029114788993918343
2023-09-20,27132.0078125,27379.505859375,26864.08203125,27210.228515625,13281116604,67.94768729326998,1.4130403696435678,-218.19464372874424,27206.4849173768,25136.619379498195,-0.0029114788993918343,-0.03888250102860665,2069.865537878606,0.964018385003841,5.2080199128962556e-05,0.004839175307473459,-0.021020467716698094
2023-09-21,26567.6328125,27152.939453125,26389.30078125,27129.83984375,13371443708,54.17809748628302,1.5896859655294975,-174.2377777898895,27243.808594284183,25175.98652290332,-0.021020467716698094,0.006778144296007318,2067.8220713808623,0.6730009843964404,5.983543873662521e-05,0.00015041775780635973,0.0004491505408555205
2023-09-22,26579.568359375,26726.078125,26495.533203125,26564.056640625,10578746709,59.370603846183094,2.662090830221132,-138.85780406586736,27278.842831491027,25212.029238821473,0.0004491505408555205,-0.23427440552936535,2066.813592669554,0.6616654377555712,0.0001001555327847216,-0.00015645236625986926,-6.686902016047694e-06
2023-09-23,26579.390625,26634.185546875,26520.51953125,26578.556640625,7404700301,59.53283106791041,3.4577786136069335,-110.3946875299725,27311.04666141821,25240.80783076929,-6.686902016047694e-06,-0.35673198652461485,2070.238830648923,0.6465837537258838,0.0001300924713584149,5.972241261199851e-05,-0.012210127075315798
2023-09-24,26256.826171875,26716.05859375,26221.05078125,26579.373046875,8192867686,55.521151270325745,-21.689861447710427,-92.65372231352009,27310.195198168523,25286.100309643978,-0.012210127075315798,0.10114900700717515,2024.0948885245452,0.4795851556831649,-0.0008260656221635623,-0.0015011422857689333,0.001585160786217759
2023-09-25,26298.48046875,26421.5078125,26011.46875,26253.775390625,11997833257,67.65190289530508,-37.822400645920425,-81.68745798000016,27306.358168177634,25341.787144322363,0.001585160786217759,0.381462090178734,1964.571023855271,0.48697314213142395,-0.0014381971875091447,-0.002454763800559451,-0.003093569595525136
2023-09-26,26217.25,26389.884765625,26090.712890625,26294.7578125,9985498161,57.30461927236241,-56.510753357953945,-76.65211705559092,27294.067872100168,25400.47880758733,-0.003093569595525136,-0.18359221500839645,1893.5890645128384,0.43133497532230897,-0.002155479821794961,-0.005315431265981952,0.005153782852789497
2023-09-27,26352.716796875,26817.841796875,26111.46484375,26209.498046875,11718380997,52.6261794076922,-59.70215982483933,-73.2621256094406,27298.351167184606,25407.447660940394,0.005153782852789497,0.160024777859247,1890.9035062442126,0.4999034233172677,-0.0022655030327620347,-0.004163251015670334,0.02506320623495958
2023-09-28,27021.546875,27259.5,26327.322265625,26355.8125,14079002707,58.83911611346731,-8.168216666988883,-60.243343820950265,27374.501668241057,25442.88641769644,0.02506320623495958,0.18352588333363143,1931.6152505446153,0.8172747946867994,-0.00030228530974834813,0.00242013097742362,-0.004072674570297436
2023-09-29,26911.720703125,27225.9375,26721.763671875,27024.841796875,10396435377,55.47651891772831,23.539402770551533,-43.486794502649914,27418.54820965843,25500.444173154072,-0.004072674570297436,-0.30322152256972645,1918.104036504359,0.7357664147050998,0.0008746896205644006,0.0017741559615446262,0.002085958120685116
2023-09-30,26967.916015625,27091.794921875,26888.96875,26911.689453125,5331172801,57.181505043932155,52.596116400869505,-24.270212321946026,27453.18403814598,25579.377289979016,0.002085958120685116,-0.6678917434987477,1873.806748166964,0.7410255764120655,0.0019503218702696837,0.0020731052505019347,0.036976120856382695
2023-10-01,27983.75,28047.23828125,26965.09375,26967.396484375,9503917434,69.25495295329992,155.79715157247847,11.74326045693887,27585.573796606397,25729.097101831103,0.036976120856382695,0.5781328233984766,1856.4766947752942,1.2144795054594442,0.005567415073836726,0.009099712097887434,-0.01631914578851585
2023-10-02,27530.78515625,28494.458984375,27347.787109375,27976.798828125,19793041322,59.713584016137105,198.74324969470763,49.14325830449262,27663.60374201825,25820.81129704425,-0.01631914578851585,0.7336263524616417,1842.7924449740021,0.9279253688436666,0.007218945938764453,0.006541954015782633,-0.0036683170659445614
2023-10-03,27429.978515625,27667.19140625,27216.001953125,27508.251953125,11407814187,53.005535418578816,222.08404185235122,83.73141501406434,27739.17943055891,25865.40103819109,-0.0036683170659445614,-0.5510318519607249,1873.7783923678217,0.8349853343414747,0.008096398680219344,0.0064598472342941434,0.013377719302482879
2023-10-04,27799.39453125,27826.658203125,27248.10546875,27429.07421875,11143355314,58.48816631839803,267.3091988707092,120.44697178539333,27892.82022711778,25837.732311944717,0.013377719302482879,-0.0234551912818823,2055.0879151730624,0.9545393191313343,0.009615648231842612,0.007634695298536055,-0.013890662255842758
2023-10-05,27415.912109375,28091.861328125,27375.6015625,27798.646484375,11877253670,61.30923025085447,269.1045651728855,150.17849046289177,27953.949756897968,25857.324657164532,-0.013890662255842758,0.06378173034949433,2096.6250997334355,0.7433791822905692,0.00981563422363263,0.0020698569427071494,0.019171883788155934
2023-10-06,27946.59765625,28252.537109375,27215.552734375,27412.123046875,13492391599,66.0106130624207,309.778362280882,182.09846482648982,28107.305429313063,25841.80062537444,0.019171883788155934,0.12750082666017518,2265.504803938624,0.92906315061235,0.011084653884928382,0.005390508136771917,0.0007955652201821253
2023-10-07,27968.83984375,28028.091796875,27870.423828125,27946.78125,6553044316,66.1895212494322,339.8893651457729,213.65664489034643,28241.594996961066,25850.976292101434,0.0007955652201821253,-0.722196218572659,2390.618704859633,0.8859060407008873,0.012152429884278006,0.005206166293842918,-0.0012074286830624696
2023-10-08,27935.08984375,28102.169921875,27740.662109375,27971.677734375,7916875290,70.96579627087561,356.914915935693,242.30829909941576,28355.304770407638,25855.34737802986,-0.0012074286830624696,0.18906687114777648,2499.957392377779,0.8319111645903725,0.012776580205470383,-0.00024862649750639166,-0.012659387727925962
2023-10-09,27583.677734375,27989.470703125,27302.5625,27934.47265625,12007668568,64.90207295260431,338.1537414085833,261.47738756124926,28391.551123902875,25856.357079222125,-0.012659387727925962,0.4165488991311623,2535.1940446807494,0.6813366648507218,0.012259197075347695,0.00027419608257787817,-0.0070090060125914885
2023-10-10,27391.01953125,27715.84765625,27301.654296875,27589.201171875,9973350678,63.26721910504277,304.2324660578997,270.02840326057935,28410.12813342242,25863.68124157758,-0.0070090060125914885,-0.18562888947660386,2546.44689184484,0.5997919275533374,0.011107015045964445,-0.00020304519551453997,-0.019081220842271783
2023-10-11,26873.3203125,27474.115234375,26561.099609375,27392.076171875,13648094333,55.41640537907664,232.89098824972825,262.60092025840913,28403.794283857667,25900.583841142336,-0.019081220842271783,0.3136832990397208,2503.2104427153317,0.3885955630251007,0.008666252831489531,-0.0048400366447652055,-0.00434538164717781
2023-10-12,26756.798828125,26921.439453125,26558.3203125,26873.29296875,9392909295,46.88787573084445,165.0474785268052,243.09023191208837,28398.009307876153,25924.09186399885,-0.00434538164717781,-0.37364482827411516,2473.9174438773043,0.33659448345242093,0.006168431417637228,-0.003476425129241642,0.0039380057832304975
2023-10-13,26862.375,27092.697265625,26686.322265625,26752.87890625,15165312851,49.419359049610385,118.43487945156085,218.15916141998287,28390.42709264279,25959.972516732214,0.0039380057832304975,0.4790556964266879,2430.454575910575,0.3712895901086025,0.0044089504167654885,-0.005652693415659562,-2.4866641728645306e-05
2023-10-14,26861.70703125,26969.0,26814.5859375,26866.203125,5388116782,48.733712962518794,80.51206637890937,190.62974241176818,28352.638688489023,26058.249006823477,-2.4866641728645306e-05,-1.0348148379582294,2294.389681665547,0.3501837681918643,0.0029972803398251777,-0.0057698979673611,0.011030760315870677
2023-10-15,27159.65234375,27289.169921875,26817.89453125,26858.01171875,7098201980,38.14530485091233,73.65066150570783,167.2339262305561,28314.10821967182,26182.89666314068,0.011030760315870677,0.2756455769475178,2131.2115565311396,0.458310052615647,0.0027117674620255727,-0.004021585253227793,0.04885439730476576
2023-10-16,28519.466796875,29448.138671875,27130.47265625,27162.62890625,27833876539,61.279424367326804,175.91082019900568,168.96930502424604,28457.188599636185,26270.037962863815,0.04885439730476576,1.3664123496470013,2187.1506367723705,1.0284745806670599,0.00616809639015695,0.004766098322871024,-0.0036433994327744555
2023-10-17,28415.748046875,28618.751953125,28110.185546875,28522.09765625,14872527508,61.23873374359029,245.75063603906165,184.3255712272092,28547.975579006623,26385.554108493376,-0.0036433994327744555,-0.6267381397031364,2162.421470513247,0.9388520998632253,0.008648395799176855,0.005246899262844886,-0.0030807197496875486
2023-10-18,28328.341796875,28889.009765625,28174.251953125,28413.53125,12724128586,56.44494874664034,290.69528507569703,205.59951399690675,28657.087795774867,26407.121383912636,-0.0030807197496875486,-0.15601564004620017,2249.9664118622313,0.8538884859936076,0.010261641403513589,0.007532685133214062,0.013724231161473081
2023-10-19,28719.806640625,28892.474609375,28177.98828125,28332.416015625,14448058195,65.85643573763016,353.82352715482193,235.2443166284898,28825.473690980438,26419.544082457065,0.013724231161473081,0.12705994493947248,2405.9296085233727,0.9560805727723487,0.01231984363900028,0.010114058391592759,0.03298576898255148
2023-10-20,29682.94921875,30104.0859375,28601.669921875,28732.8125,21536125230,69.10589897951377,476.08268570365544,283.41199044352294,29232.402066301354,26284.119027448647,0.03298576898255148,0.39917174380032067,2948.2830388527073,1.1528167908271176,0.016038928012009183,0.014263738848638617,0.007901299916077796
2023-10-21,29918.412109375,30287.482421875,29481.751953125,29683.380859375,11541146996,70.4905803530556,585.2276965173696,343.77513165829225,29617.19659168666,26092.79071300084,0.007901299916077796,-0.6238131191515917,3524.4058786858222,1.0854656154981703,0.019560787329819126,0.015396048356896678,0.002519829955235934
2023-10-22,29993.896484375,30199.43359375,29720.3125,29918.654296875,10446520040,71.45048482443556,670.0924534623882,409.0385960191115,29973.77097926694,25982.52745823306,0.002519829955235934,-0.09964973678419489,3991.243521033881,1.005042414726386,0.02234096039544131,0.014180201162520287,0.09812340552916099
2023-10-23,33086.234375,34370.4375,30097.828125,30140.685546875,38363572311,86.48958444773884,975.6277790564927,522.3564326265878,31273.54215536139,25248.381868076114,0.09812340552916099,1.3008394591935781,6025.1602872852745,1.3008537753696916,0.029487422714797616,0.021218630908862463,0.024342751787773464
2023-10-24,33901.52734375,35150.43359375,32880.76171875,33077.3046875,44934999645,89.88042739096166,1268.926658108212,671.6704777229127,32482.307914743014,24649.829389944487,0.024342751787773464,0.15810862159227218,7832.478524798527,1.1811967213842198,0.037429778465192014,0.025216652511797878,0.017581001125127033
2023-10-25,34502.8203125,35133.7578125,33709.109375,33916.04296875,25254318008,96.26110073429341,1532.2249151788383,843.7813652140978,33605.471251810115,24235.356873189885,0.017581001125127033,-0.5762198418914262,9370.11437862023,1.0957671405523361,0.04440868605236105,0.02816832692248567,-0.010083818433932462
2023-10-26,34156.6484375,34832.91015625,33762.32421875,34504.2890625,19427195376,93.65291585697204,1693.436620403074,1013.712416251893,34438.25877887774,24023.574424247265,-0.010083818433932462,-0.2623232433814618,10414.684354630474,0.972960261512534,0.04957853588889825,0.024767176980284886,-0.007253169256571986
2023-10-27,33909.80078125,34238.2109375,33416.88671875,34156.5,16418032871,90.89233056734807,1780.752113508639,1167.1203557032422,35097.37977792335,23958.54951895165,-0.007253169256571986,-0.1682936118812716,11138.830258971699,0.8933838680486476,0.05251437851245896,0.019018757231838677,0.0052875149613998505
2023-10-28,34089.57421875,34399.390625,33874.8046875,33907.72265625,10160330825,91.08537287238389,1843.2091174972302,1302.33810806204,35706.4814440762,23964.8962902988,0.0052875149613998505,-0.4798892929199075,11741.5851537774,0.8622922540567801,0.054069584608757756,0.018645359381170398,0.013082482218137431
2023-10-29,34538.48046875,34743.26171875,33947.56640625,34089.37109375,11160323986,91.23578561879656,1906.947620707695,1423.260010591171,36310.8601078717,24055.997899940805,0.013082482218137431,0.09387398439938838,12254.862207930892,0.8553733523029305,0.05521226165213256,0.020154309704442038,-0.001046255776520464
2023-10-30,34502.36328125,34843.93359375,34110.97265625,34531.7421875,17184860315,89.24023958858278,1932.2724544685152,1525.06249936664,36807.84631375523,24270.14606905727,-0.001046255776520464,0.43166379442383235,12537.70024469796,0.8161159552780816,0.05600406090207135,0.005987215232201832,0.004782938801692802
2023-10-31,34667.78125,34719.25390625,34083.30859375,34500.078125,15758270810,90.6762282322701,1943.2893849282045,1608.707876478953,37207.166819848484,24650.271656714016,0.004782938801692802,-0.08666342372682098,12556.895163134468,0.7977696288088306,0.056054622328280804,0.003192956234190309,0.021952875620689455
2023-11-01,35437.25390625,35527.9296875,34170.69140625,34657.2734375,22446272005,92.48090394045377,1991.1575692920233,1685.1978150415673,37626.99721467585,25098.486769699153,0.021952875620689455,0.35375918448304894,12528.510444976699,0.8252191816382566,0.05618825811276665,0.003817509733556369,-0.014181643038139046
2023-11-02,34938.2421875,35919.84375,34401.57421875,35441.578125,20998158544,86.68809371977314,1966.1626755537982,1741.3907871440138,37847.812245353554,25685.258457771448,-0.014181643038139046,-0.06668979721779816,12162.553787582106,0.7607763872070216,0.0562753748457683,0.0032321062186697136,-0.005911206955145199
2023-11-03,34732.32421875,34942.47265625,34133.44140625,34942.47265625,17158456701,82.71376668917367,1907.7468647126916,1774.6620026577496,37914.79686241354,26405.335559461462,-0.005911206955145199,-0.20194359132143447,11509.461302952077,0.7234907386284025,0.054927129342032574,0.003423815118873541,0.010022958693683921
2023-11-04,35082.1953125,35256.03125,34616.69140625,34736.32421875,9561294264,82.96628304506226,1868.1487313361868,1793.3593483934371,37940.41511178573,27171.971606964267,0.010022958693683921,-0.5847680530127641,10768.443504821465,0.7345744723453554,0.053250622279916275,0.0041003070806284085,-0.0009365213169939803
2023-11-05,35049.35546875,35340.33984375,34594.2421875,35090.01171875,12412743996,82.45142369550265,1813.2154058977721,1797.3305598943043,38022.634179864166,27742.741406073328,-0.0009365213169939803,0.2610005852956347,10279.892773790838,0.7107675365354571,0.05173320255530618,0.002097592289895349,-0.0003419870125084872
2023-11-06,35037.37109375,35286.02734375,34765.36328125,35044.7890625,12693436420,70.71746345655642,1748.5570337634235,1787.5758546681284,37981.804995344966,28445.73289528003,-0.0003419870125084872,0.022361356086550575,9536.072100064936,0.6912320009015444,0.04990548603332094,0.0021982021133256317,0.011526405303600254
2023-11-07,35443.5625,35892.41796875,34545.81640625,35047.79296875,18834737789,67.93140695505713,1710.3749223759623,1772.1356682096953,37838.40286313116,29300.657097806346,0.011526405303600254,0.39461787702551765,8537.745765324813,0.7194996865732076,0.04825629258842032,0.003161554470740982,0.005955525293475274
2023-11-08,35655.27734375,35994.41796875,35147.80078125,35419.4765625,17295394918,64.73640413138186,1677.857644039621,1753.2800633756806,37615.12402225546,30217.48300899453,0.005955525293475274,-0.08526264321314306,7397.641013260931,0.7350713997890681,0.04705776448920911,0.0008762187097103849,0.02869223982446583
2023-11-09,36693.125,37926.2578125,35592.1015625,35633.6328125,37762672382,77.55893013267237,1716.0515251118413,1745.8343557229127,37585.60625637337,30948.01835300162,0.02869223982446583,0.7808808352434302,6637.587903371754,0.8655413277584051,0.04676765811338885,0.007001059118653939,0.016778346050334035
2023-11-10,37313.96875,37493.80078125,36362.75390625,36702.25,22711265155,84.2064854655202,1775.9453604235605,1751.8565566630423,37537.05229182355,31736.127981613943,0.016778346050334035,-0.508460047876681,5800.924310209608,0.9615434489583174,0.047594652081160906,0.0102424238337224,-0.004725682318407844
2023-11-11,37138.05078125,37407.09375,36773.66796875,37310.0703125,13924272142,80.65610450910793,1788.5986941672309,1759.20498416388,37151.32993894597,32836.26576417903,-0.004725682318407844,-0.48922754915182687,4315.064174766943,0.9969226048190382,0.04816081233510096,0.008135475117709292,-0.002251742592082081
2023-11-12,37054.51953125,37227.69140625,36779.1171875,37133.9921875,11545715999,77.30859570426776,1771.4659220955436,1761.6571717502127,37340.96442462444,33043.45979412556,-0.002251742592082081,-0.18731905558641293,4297.504630498879,0.9333462281011844,0.04780701367890021,0.007947586364125276,-0.015013537055029228
2023-11-13,36502.35546875,37405.1171875,36399.60546875,37070.3046875,19057712790,69.52077827206887,1693.807888596697,1748.0873151195096,37456.87003705824,33187.636994191766,-0.015013537055029228,0.5011574315142675,4269.233042866472,0.7764201300971547,0.04640270105436843,0.005851650643765171,-0.02678435783979465
2023-11-14,35537.640625,36753.3515625,34948.5,36491.7890625,23857403554,57.34427501157623,1536.70473648396,1705.8107993924,37474.88004495369,33273.10901754631,-0.02678435783979465,0.22462270021415365,4201.771027407376,0.5389469327771621,0.04324160831889666,0.0003786844804230428,0.06384619927627835
2023-11-15,37880.58203125,37964.89453125,35383.78125,35548.11328125,27365821679,66.2986503346282,1583.0072253673352,1681.250084587387,37857.68801974036,33262.694402134635,0.06384619927627835,0.13720026007004776,4594.993617605724,1.0049823815686962,0.04178941136810982,0.008648780763680626,-0.046629756190665436
2023-11-16,36154.76953125,37934.625,35545.47265625,37879.98046875,26007385366,56.97366706271242,1463.572483320204,1637.7145643339504,37846.47666985468,33498.402627020325,-0.046629756190665436,-0.05091430056030004,4348.074042834356,0.610929546751111,0.04048075820411966,-0.002111504381338127,0.01214874696667944
2023-11-17,36596.68359375,36704.484375,35901.234375,36164.82421875,22445028430,60.40577816808978,1388.5717703679475,1587.88600554075,37874.48578623793,33721.10444813708,0.01214874696667944,-0.1473114113397505,4153.381338100851,0.6923465272098274,0.03794255746728615,-0.002772875679003069,-0.000300085015663709
2023-11-18,36585.703125,36839.28125,36233.3125,36625.37109375,11886022717,58.72165165238656,1313.1104134780835,1532.9308871282167,37916.428435869006,33883.884064130994,-0.000300085015663709,-0.6357059907021518,4032.5443717380113,0.6700035540350079,0.035891353761650126,-0.002140647492896764,0.021653391391504333
2023-11-19,37386.546875,37509.35546875,36414.59765625,36585.765625,12915986553,62.448552435840085,1302.9090180404091,1486.9265133106553,38052.24650249956,34036.484356875444,0.021653391391504333,0.08310266360093058,4015.7621456241177,0.8342283224553543,0.03484967526946574,0.0012743716476155808,0.002415334454994771
2023-11-20,37476.95703125,37756.8203125,36882.53125,37374.07421875,20888209068,62.886278439056284,1287.280711936357,1446.9973530357959,38180.22929181943,34189.41914568057,0.002415334454994771,0.48071902856343357,3990.810146138858,0.823777069111976,0.03434859214591418,0.0037642104347618663,-0.045392621921948366
2023-11-21,35813.8125,37631.140625,35813.8125,37469.16015625,25172163756,51.72646439094335,1127.6939486846168,1383.13667216556,38176.3337420445,34230.97055483049,-0.045392621921948366,0.18655393077868754,3945.3631872140104,0.4011904278670018,0.031487682264618344,0.0011058869944541919,0.04420138946783627
2023-11-22,37432.33984375,37856.98046875,35670.97265625,35756.5546875,24397247860,57.325317469927626,1118.923663602087,1330.2940704528655,38279.43663030425,34377.277432195755,0.04420138946783627,-0.031268437811169426,3902.159198108493,0.7829158823233949,0.02989189744142888,-0.00170051440675182,-0.003819999415433914
2023-11-23,37289.62109375,37643.91796875,36923.86328125,37420.43359375,14214948217,52.65475971506486,1087.9161192941028,1281.818480221113,38299.08004429771,34613.36370570229,-0.003819999415433914,-0.5401762310603794,3685.716338595419,0.7261159411597229,0.029174770013322693,0.004415165132566969,0.01148288092363248
2023-11-24,37720.28125,38415.33984375,37261.60546875,37296.31640625,22922957823,51.83947008774337,1085.5792110693874,1242.5706263907682,38394.169934303776,34782.08240944623,0.01148288092363248,0.47784483113517096,3612.0875248575467,0.8134351175969452,0.028779722077745307,0.004320041412131689,0.002026342935600158
2023-11-25,37796.79296875,37892.4296875,37617.41796875,37721.4140625,9099571165,53.00936368620016,1077.4805259381246,1209.5526063002394,38455.06515726261,34995.93093648739,0.002026342935600158,-0.9239116457023058,3459.134220775217,0.8097003046138248,0.028507194428611295,0.004652388262312242,-0.00844024984109134
2023-11-26,37479.12109375,37820.30078125,37162.75,37796.828125,13744796068,51.89910085441892,1033.5150757533775,1174.345100190867,38412.27682519414,35282.894268555865,-0.00844024984109134,0.4124329970066308,3129.382556638273,0.7018083553046711,0.027575755396401915,0.0003532966576557168,-0.00602017674392167
2023-11-27,37254.16796875,37559.35546875,36750.12890625,37454.19140625,19002925720,53.463997563769276,969.3462820103014,1133.3453365547539,38364.140343950145,35512.09129667486,-0.00602017674392167,0.3239326678813289,2852.0490472752863,0.610815818100614,0.026019807577595623,-0.0008517763707609177,0.015367313611233842
2023-11-28,37831.0859375,38368.48046875,36891.08984375,37247.9921875,21696137014,60.958732799111246,954.0468510063511,1097.4856394450735,38390.45670316774,35703.35579683226,0.015367313611233842,0.1325412743362637,2687.100906335487,0.7918311276105471,0.025218595431876135,0.007828214419693684,0.0007241750284948421
2023-11-29,37858.4921875,38366.11328125,37612.6328125,37826.10546875,20728546658,49.86445408433041,933.3740420886461,1064.663319973788,38484.72172598479,35725.627492765205,0.0007241750284948421,-0.04562241107378758,2759.0942332195846,0.7730307537358679,0.02465428463093479,0.0016171837855020511,-0.0038571889984724806
2023-11-30,37712.74609375,38141.75390625,37531.140625,37861.1171875,18115982627,61.85962395748589,894.9141866877326,1030.713493316577,38528.68490762626,35721.54204549875,-0.0038571889984724806,-0.13471724913058442,2807.1428621275118,0.7093347741986403,0.023729753979279795,0.0016118709879251129,0.02555073011462817
2023-12-01,38688.75,38954.109375,37629.359375,37718.0078125,23512784002,64.72768431432831,932.4412305424194,1011.0590407617455,38770.893787544075,35634.403087455925,0.02555073011462817,0.26074970661383823,3136.4907000881503,0.9738102881852191,0.024101094776709492,0.0036215637294959254,0.020152443138720524
2023-12-02,39476.33203125,39678.9375,38652.59375,38689.27734375,15534035612,68.34365451706924,1014.043706362565,1011.6559738819094,39189.5847233228,35457.8934016772,0.020152443138720524,-0.4145108108063524,3731.6913216456014,1.076841111230946,0.025687384166285618,0.006211006615655977,0.012637770520489717
2023-12-03,39978.390625,40135.60546875,39298.1640625,39472.20703125,15769696322,67.09588984622995,1106.4714745964375,1030.619074024815,39664.51387444662,35330.56776617838,0.012637770520489717,0.015056681585154835,4333.946108268239,1.0724228549943204,0.02767673879059351,0.009222152381596129,0.04885656688656327
2023-12-04,41980.09765625,42371.75,39978.62890625,39978.62890625,39856129827,73.72169169151043,1325.9573641717288,1089.6867320541978,40591.01190596154,35048.315437788464,0.04885656688656327,0.9271860718165481,5542.696468173075,1.2506155186854504,0.03158538064940209,0.017061687185951118,0.04882523455973004
2023-12-05,44080.6484375,44408.6640625,41421.1484375,41986.265625,36312154535,91.62968540750987,1650.373922723069,1201.8241701879722,42070.17031112138,34189.16367325362,0.04882523455973004,-0.09312369501538334,7881.006637867758,1.2551042295431067,0.03743987398604313,0.021841390178593434,-0.007610515703398493
2023-12-06,43746.4453125,44265.76953125,43478.08203125,44080.0234375,29909761586,86.52013225240744,1859.0786817279877,1333.2750724959753,43063.53718536705,33954.96437713294,-0.007610515703398493,-0.19396761933716694,9108.572808234108,1.0749742184104327,0.04249667986616456,0.020650720074037242,-0.010427160036986542
2023-12-07,43292.6640625,44042.58984375,42880.6484375,43769.1328125,27635760671,83.51500628305912,1965.2086503873652,1459.6617880742533,43775.23016389879,33912.86944547621,-0.010427160036986542,-0.0790742910194339,9862.360718422584,0.9510699197507221,0.045393571704209906,0.01971215278282095,0.01998568323480024
2023-12-08,44166.6015625,44705.515625,43125.296875,43293.13671875,24421116687,84.29247196353347,2095.6791825234905,1586.8652669641008,44571.17830215125,33875.01115097375,0.01998568323480024,-0.12366241452875447,10696.167151177506,0.9621755406461018,0.04744940992477998,0.018917146085702673,-0.010026349184727985
2023-12-09,43725.984375,44361.2578125,43627.59765625,44180.01953125,17368210171,80.36519705220891,2138.8683516327146,1697.2658838978236,45173.67204630953,33906.46115681547,-0.010026349184727985,-0.34080666246474867,11267.210889494061,0.8715132178221426,0.04891527045542276,0.014605890039495745,0.0012276882664226793
2023-12-10,43779.69921875,44034.625,43593.28515625,43728.3828125,13000481418,83.16380115059278,2152.6163964290317,1788.3359864040654,45703.91044399344,34006.496977881565,0.0012276882664226793,-0.28965514462096814,11697.413466111873,0.835501136142718,0.04916928244922952,0.012975878288914739,-0.05966864669683699
2023-12-11,41243.83203125,43808.375,40234.578125,43792.01953125,40632672038,66.89090767166857,1936.565016039487,1817.9817923311498,45682.28414414657,34571.12523085343,-0.05966864669683699,1.139586084056398,11111.15891329314,0.6005410283901972,0.046954051567569495,-0.002527723651571013,0.004991678164292342
2023-12-12,41450.22265625,42048.3046875,40667.5625,41238.734375,24779520132,65.81850478516688,1761.689083927573,1806.7232506504345,45762.20777659798,34892.98987965203,0.004991678164292342,-0.49455496210578964,10869.21789694595,0.6032846924929005,0.04250131775014578,-0.008789660279490684,0.03416274957103686
2023-12-13,42890.7421875,43429.78125,40676.8671875,41468.46484375,26797884674,69.57665686204786,1719.5150360885746,1789.2816077380626,45959.74047333285,35255.56929229215,0.03416274957103686,0.07830544344672406,10704.1711810407,0.7132894986517596,0.040090587114850786,-0.002822050954571348,0.003101461159203954
2023-12-14,43023.97265625,43390.859375,41767.08984375,42884.26171875,25578530178,70.6820821628423,1677.505149549892,1766.9263161004285,46147.56775761406,35598.111148635944,0.003101461159203954,-0.046569619639576926,10549.456608978115,0.7039093844220917,0.03899001059136747,-0.0008893907836869914,-0.025761678809584642
2023-12-15,41929.7578125,43087.82421875,41692.96875,43028.25,19639442462,62.50545617216665,1538.186759175711,1721.1784047154852,46167.32765232268,35991.647738302316,-0.025761678809584642,-0.2642134200459624,10175.679914020366,0.5835590470977167,0.03668484721648333,-0.0074247282185991165,0.007374628549158558
2023-12-16,42240.1171875,42664.9453125,41723.11328125,41937.7421875,14386729590,61.071834876024006,1436.2629931084666,1664.1953223940816,46134.39638577461,36500.678614225384,0.007374628549158558,-0.31123368920357114,9633.717771549229,0.5957656960040923,0.03400234395025532,-0.004938874256615325,-0.02094342240847231
2023-12-17,41364.6640625,42359.49609375,41274.54296875,42236.109375,16678702876,55.392152095987434,1270.2038046727757,1585.3970188498206,45944.45897148451,37101.66563789048,-0.02094342240847231,0.14782640324097934,8842.793333594032,0.4820873070066876,0.030707460908024283,-0.008106175781600323,0.029979669511789556
2023-12-18,42623.5390625,42720.296875,40530.2578125,41348.203125,25224642008,52.65627706130332,1226.04827179954,1513.5272694397645,45848.30891136289,37677.06101051211,0.029979669511789556,0.41368874550762696,8171.24790085078,0.6053516074909764,0.028764581702184648,0.004700726533917754,-0.008316570718615267
2023-12-19,42270.52734375,43354.296875,41826.3359375,42641.51171875,23171001281,41.2674141583708,1149.3209420208077,1440.686003955973,45634.686292323626,38331.88714517638,-0.008316570718615267,-0.08491982213130468,7302.799147147249,0.5393329488065772,0.027189652323813346,0.0027995481220738105,0.032164737244750545
2023-12-20,43652.25,44275.5859375,42223.81640625,42261.30078125,27868908174,49.587286069595535,1186.332152612733,1389.8152336873252,45396.07727207282,39164.446556052186,0.032164737244750545,0.1846101129984705,6231.630716020634,0.7201651780182659,0.02717688441289356,0.0025141177897471936,0.0049565656400486135
2023-12-21,43869.15234375,44240.66796875,43330.05078125,43648.125,22452766169,52.57940828865687,1219.1128361663723,1355.6747541831346,45230.329056452916,39848.23500604708,0.0049565656400486135,-0.21609784380095412,5382.094050405838,0.7470916152791823,0.02778975136363806,0.002779132715582145,0.0029305657871948458
2023-12-22,43997.90234375,44367.95703125,43441.96875,43868.98828125,21028503216,49.19125013810939,1241.1733393931063,1332.7744712251292,45110.43006869473,40420.291025055274,0.0029305657871948458,-0.065535007822896,4690.139043639458,0.7627942978675116,0.028209829861796074,0.006878024800836358,-0.005889392398977758
2023-12-23,43739.54296875,44015.69921875,43351.35546875,44012.19921875,13507796558,50.06615644942473,1223.702919250034,1310.9601608301105,44932.06385949776,40974.77246862725,-0.005889392398977758,-0.44261177187277606,3957.2913908705086,0.6986522414044092,0.027977039452019802,0.004983164665388312,-0.016677702596480784
2023-12-24,43016.1171875,43945.5234375,42786.91796875,43728.3671875,18830554085,46.50281078284354,1138.3607565966158,1276.4402799834115,44930.08937693274,41080.34890431726,-0.016677702596480784,0.3322137263296151,3849.740472615478,0.5028308523527807,0.026463586930328773,0.00559255320995853,0.013783631646973108
2023-12-25,43613.140625,43765.09375,42765.76953125,43010.57421875,21115795370,63.19472996555473,1106.1502679753248,1242.3822775817944,44862.573617130896,41101.113882869104,0.013783631646973108,0.11454058827189638,3761.4597342617926,0.6678329477381014,0.025362774891319235,0.0032788335149847516,-0.025374479539831175
2023-12-26,42520.40234375,43603.17578125,41676.48828125,43599.84765625,30026850982,55.42435178871389,981.1384237651873,1190.133506818473,44776.09324382702,41064.989959297985,-0.025374479539831175,0.352070657933941,3711.103284529032,0.3921778169093253,0.023074532922650087,0.0008419893976681929,0.021462391204340153
2023-12-27,43442.85546875,43683.16015625,42167.58203125,42518.46875,25260941032,52.95357688711833,945.5996107941173,1141.226727613602,44791.1442586966,41064.9580850534,0.021462391204340153,-0.1728326440240289,3726.186173643204,0.6381585011816583,0.02176651604944157,-0.0006869171795332907,-0.018938483263033618
2023-12-28,42627.85546875,43804.78125,42318.55078125,43468.19921875,22992093014,48.02500114909307,841.9655025028842,1081.3744825914584,44623.74341564326,41078.484318731746,-0.018938483263033618,-0.09410899524593032,3545.2590969115117,0.437026210966518,0.01975153319922743,-0.004100495594259324,-0.01247437935200907
2023-12-29,42099.40234375,43124.32421875,41424.0625,42614.64453125,26000021055,50.896401802009336,709.0198350097271,1006.9035530751123,44522.55142407265,41017.018107177355,-0.01247437935200907,0.12294697300627551,3505.533316895293,0.3087644985017457,0.01684156533198355,-0.006301202042717026,0.001364883236683238
2023-12-30,42156.90234375,42584.125,41556.2265625,42091.75390625,16013925945,49.548220174536354,601.3670204779337,925.7962465556767,44394.17346971578,40983.116374034216,0.001364883236683238,-0.4846386325802547,3411.0570956815645,0.3441120851367353,0.01426497173758996,-0.005264876951908312,0.0025653289520551383
2023-12-31,42265.1875,42860.9375,41998.25390625,42152.09765625,16397498810,55.33327472608824,518.8085939732191,844.3987160391852,44319.62640249446,41159.79898813053,0.0025653289520551383,0.02367009636512071,3159.8274143639283,0.34982559707034866,0.012275080856395565,-0.002515872444974609,0.044021664837326654
2024-01-01,44167.33203125,44175.4375,42214.9765625,42280.234375,18426978443,58.495664365248366,599.9517427205428,795.5093213754567,44455.89344835899,41295.242879766,0.044021664837326654,0.11668699887888172,3160.650568592988,0.9087018919530996,0.01358360840759082,0.0018038465822187552,0.01774260401360504
2024-01-02,44957.96875,45899.70703125,44176.94921875,44187.140625,39335274536,64.10968220119122,719.7591132607995,780.3592797525253,44813.410556695206,41144.44842767979,0.01774260401360504,0.7583058766973305,3668.9621290154173,1.0394002958385804,0.016009600372810427,0.007963429946995356,-0.04806495357875531
2024-01-03,42848.17578125,45503.2421875,40813.53515625,44961.6015625,46342323118,46.078247201714696,637.1203306982061,751.7114899416615,44805.39647001285,41134.88282686215,-0.04806495357875531,0.1639339625819069,3670.513643150698,0.46677198914229473,0.014869252169587219,-0.0019690478791611382,0.030607357718285957
2024-01-04,44179.921875,44770.0234375,42675.17578125,42855.81640625,30448091210,51.3670644637472,671.3503708620046,735.6392661257303,44925.232584237245,41240.06311888775,0.030607357718285957,-0.4200323436234704,3685.1694653494924,0.7977540202028784,0.015195825215840869,0.005108929403884515,-0.0003900828451526924
2024-01-05,44162.69140625,44353.28515625,42784.71875,44192.98046875,32336029347,50.73208418916114,689.1435515930498,726.3401232191942,45036.825025975646,41320.72809902436,-0.0003900828451526924,0.060158762076816884,3716.096926951286,0.7647710388319832,0.015604654735683086,0.00683525747629257,-0.00393630412750998
2024-01-06,43989.1953125,44227.6328125,43475.15625,44178.953125,16092503468,51.11752015474028,681.3904458086181,717.3501877370791,44990.85507774982,41629.15117225019,-0.00393630412750998,-0.6978285277764505,3361.7039054996276,0.7020380755093156,0.015489950224549657,0.006077944995693538,-0.0010484808007761193
2024-01-07,43943.09765625,44495.5703125,43662.23046875,43998.46484375,19330573863,54.417306843924564,663.8736359825343,706.6548773861701,45046.941361364385,41705.02074801062,-0.0010484808007761193,0.18333444001837368,3341.9206133537664,0.669697807690501,0.015107574827240518,0.005561686459574787,0.06662426635587364
2024-01-08,46970.50390625,47218.0,43244.08203125,43948.70703125,42746192015,62.989895362639764,884.0866210363747,742.1412261162111,45852.06008686837,41369.89967875663,0.06662426635587364,0.7935921352756802,4482.16040811174,1.2495323053044332,0.018822165987423783,0.008790629533652927,-0.01784541710643821
2024-01-09,46139.73046875,47893.69921875,45244.71484375,46987.640625,39821290992,64.29319824016882,980.2705758958109,789.767096072131,46245.96677476965,41224.741037730346,-0.01784541710643821,-0.07087839693915132,5021.225737039305,0.9788425552675368,0.02124569359068404,0.0037066265165038915,0.01052203275194838
2024-01-10,46627.77734375,47647.22265625,44483.15234375,46121.5390625,50114613298,63.024550704597935,1083.389714878038,848.4916198333125,46698.27891905182,41048.29139344818,0.01052203275194838,0.22991092935090165,5649.987525603647,0.9875218175290964,0.023234856486747286,0.012076195992318706,-0.005574241147522551
2024-01-11,46368.5859375,48969.37109375,45678.64453125,46656.07421875,45833734549,66.02602314470039,1131.1585040108039,905.0249966688109,47029.74767679158,40953.89099508342,-0.005574241147522551,-0.08929226595796595,6075.856681708159,0.8911821371160794,0.02439493206748826,0.006907396154346061,-0.07884262883299366
2024-01-12,42853.16796875,46498.13671875,41903.76953125,46354.79296875,43332698900,52.57121598299536,875.2612956645462,899.072256467958,47026.50901854442,40868.49215333058,-0.07884262883299366,-0.05611286128550088,6158.016865213838,0.32229139004642476,0.020424657899337027,-0.004300110415345505,-0.0002517086641866489
2024-01-13,42842.3828125,43234.66015625,42464.14453125,42799.4453125,20601860469,52.3457603392552,663.937187821597,852.0452427386858,47029.84307697767,40847.78465739733,-0.0002517086641866489,-0.7435261351644696,6182.0584195803385,0.3226430453625103,0.015497204969371637,-0.003773739634870744,-0.024720775355358247
2024-01-14,41796.26953125,43065.59765625,41724.61328125,42842.26171875,17521429522,48.49211646840495,407.3529989808594,763.1067939871206,47082.750859100284,40613.18976589972,-0.024720775355358247,-0.16195670984547522,6469.561093200566,0.18286862869159728,0.009746156859197493,-0.007155495999811047,0.01697856404641987
2024-01-15,42511.96875,43319.72265625,41705.41796875,41715.06640625,22320220558,44.2371769016556,258.7761163537216,662.2406584604407,47083.059965840606,40612.03729978439,0.01697856404641987,0.2420683431939917,6471.022666056218,0.2936060570737015,0.006087135551766739,-0.014247739186875871,0.015011364505806485
2024-01-16,43154.9453125,43566.2734375,42085.99609375,42499.3359375,24062872740,43.65792411174334,190.71228889538907,567.9349845474304,47078.79190645796,40587.51434354203,0.015011364505806485,0.07517708332642149,6491.27756291593,0.3955201336059127,0.004419245291921352,-0.009553913242269488,-0.009599712825861542
2024-01-17,42742.65234375,43189.890625,42189.30859375,43132.1015625,20851232595,49.578488725891916,102.32310134090221,474.8126079061248,47075.951520525654,40601.83441697434,-0.009599712825861542,-0.14325703865789222,6474.117103551311,0.3306733400915782,0.002393934295840775,-0.012428448324813763,-0.03525390600438047
2024-01-18,41262.05859375,42876.34765625,40631.171875,42742.3125,25218357242,38.481622512318324,-86.2038045931331,362.60932540627323,47148.45262130513,40445.59894119487,-0.03525390600438047,0.19015912753821668,6702.85368011026,0.1218077689772245,-0.0020891784736641926,-0.016668400447222034,0.008599127738074015
2024-01-19,41618.40625,42134.16015625,40297.45703125,41278.4609375,25752407154,40.218229373320426,-204.50109672558028,249.18724097990253,47185.05795786532,40355.14399525968,0.008599127738074015,0.020955913147482932,6829.913962605642,0.184960200327062,-0.004913717634864509,-0.00417672093706951,0.0011329834535463317
2024-01-20,41665.5859375,41877.89453125,41446.82421875,41624.58984375,11586690904,40.97902216679143,-291.0900417384546,141.1317844362311,47220.60531725413,40259.636479620865,0.0011329834535463317,-0.7986710008927573,6960.968837633263,0.2019761172148785,-0.006986342209973981,-0.0039789077773933704,-0.002879434924556738
2024-01-21,41545.78515625,41855.3671875,41497.0078125,41671.48828125,9344043642,40.74584302409744,-365.16987531847553,39.87145248528978,47216.91187406281,40001.17523531219,-0.002879434924556738,-0.21511800689086547,7215.736638750619,0.21406129384525846,-0.008789576943728566,-0.0008587162872788689,-0.05030891028125471
2024-01-22,39507.3671875,41651.20703125,39450.1171875,41553.65234375,31338708143,18.809079988807227,-581.656991723692,-84.43423635650659,47319.32093827808,39353.70601484692,-0.05030891028125471,1.2101149187042006,7965.61492343116,0.019290560004484182,-0.01472274750588104,-0.01047121261980381,0.008523584257922188
2024-01-23,39845.55078125,40127.3515625,38521.89453125,39518.71484375,29244553045,22.564929094581885,-717.6632265372027,-211.0800343926458,47462.27909295406,38910.48536017094,0.008523584257922188,-0.06916067971703771,8551.793732783117,0.1093414376324814,-0.01801112577103367,-0.011398038369501566,0.005793705727985713
2024-01-24,40077.07421875,40483.78515625,39508.796875,39877.59375,22359526178,20.793662514916832,-797.573213481839,-328.3786702104845,47445.947151112865,38516.53253638714,0.005793705727985713,-0.26844087819873513,8929.414614725727,0.17476416424758212,-0.019900984017159007,-0.009198978576094816,-0.003581157289492955
2024-01-25,39933.80859375,40254.48046875,39545.6640625,40075.55078125,18491782013,21.010854059898477,-862.5201965469314,-435.2069754777739,47396.525611269,38143.065794981,-0.003581157289492955,-0.18992603957631926,9253.459816288,0.19352143245024223,-0.021598746198275804,-0.004674300188253741,0.04607657449481696
2024-01-26,41816.87109375,42209.38671875,39825.69140625,39936.81640625,25598119893,44.52635557767362,-753.359483033295,-498.8374769888781,47269.33407388932,38053.02491048568,0.04607657449481696,0.32519248923103106,9216.30916340364,0.40838974870867967,-0.01801568274547191,0.0006796207769952507,0.007224112855396914
2024-01-27,42120.0546875,42195.6328125,41431.28125,41815.625,11422941934,46.29903306845056,-635.063828408267,-526.0827472727559,47143.40565682005,37996.64903067995,0.007224112855396914,-0.8068951236230527,9146.756626140093,0.4508052225895576,-0.015077469227425656,0.0015497821201167629,-0.002007256017307645
2024-01-28,42035.59375,42797.17578125,41696.91015625,42126.125,16858971687,51.360262234633744,-541.8824777372865,-529.242693365662,46402.8524286705,38243.7112432045,-0.002007256017307645,0.38925917594672244,8159.141185465996,0.46474039615217966,-0.012891038983772807,0.0016743791068666333,0.029364415736914624
2024-01-29,43288.24609375,43305.8671875,41818.33203125,42030.9140625,20668476578,54.158357707442896,-362.77516443109926,-495.9491875787495,45880.297487631964,38481.11774674304,0.029364415736914624,0.20372670946470864,7399.179740888925,0.6496839535389892,-0.008380454214879292,0.013056282823747966,-0.007783744989935841
2024-01-30,42952.609375,43838.9453125,42711.37109375,43300.2265625,23842814518,48.87922416814883,-245.08917100680992,-445.7771842643616,45080.253834733245,38913.644602766755,-0.007783744989935841,0.14287322497248023,6166.6092319664895,0.6549733606104616,-0.005706036829265624,0.01072666435976825,-0.008651552809046921
2024-01-31,42582.60546875,43717.40625,42298.9453125,42946.25,24673628793,49.109298151639315,-179.6079872441187,-392.543344860313,44132.447783465315,39482.85260715968,-0.008651552809046921,0.034252119206632896,4649.595176305636,0.6666715582866252,-0.004217872186706077,0.008663055997335014,0.011514890294239742
2024-02-01,43075.7734375,43243.16796875,41879.19140625,42569.76171875,21423953779,61.340130900550655,-86.91721627911465,-331.4181191440734,44166.67088383832,39470.890053661686,0.011514890294239742,-0.14122538157011316,4695.7808301766345,0.7676856127252316,-0.0020177749426885066,0.010819634223582545,0.002552374530244358
2024-02-02,43185.859375,43422.48828125,42584.3359375,43077.640625,18603843039,60.111785339891945,-4.523948101072165,-266.0392849354732,44220.114474571295,39451.79411917871,0.002552374530244358,-0.14114145712901935,4768.320355392585,0.7830986547700345,-0.0001047553103387135,0.004601891371500743,-0.004493245492150753
2024-02-03,42992.25,43359.94140625,42890.80859375,43184.96484375,11169245236,58.399739618113166,44.63611469484022,-203.9042050094105,44335.07894906608,39456.427691558914,-0.004493245492150753,-0.5102041342147362,4878.651257507168,0.7247540604587199,0.0010382363029346037,0.00292798303613679,-0.009551086228745845
2024-02-04,42583.58203125,43097.64453125,42374.83203125,42994.94140625,14802225490,56.33891265301136,50.042865934432484,-153.1147908206419,44342.67512613794,39455.99284261206,-0.009551086228745845,0.2816135002489579,4886.682283525879,0.6400230273167372,0.0011751680705890002,0.0018502930059313325,0.0017617075316479283
2024-02-05,42658.66796875,43494.25,42264.81640625,42577.62109375,18715487317,75.32145666337934,59.698396923464315,-110.55215327182066,44273.85399070166,39475.18624367334,0.0017617075316479283,0.23457383945179514,4798.6677470283175,0.6634094904877371,0.0013994435308481016,-0.002092951023392481,0.009936804708699247
2024-02-06,43084.671875,43344.1484375,42529.01953125,42657.390625,16798476726,75.66490143704753,100.56616561089322,-68.32848949527789,44321.68625510145,39461.55593239855,0.009936804708699247,-0.10806316863631837,4860.130322702898,0.7454771172855617,0.0023341518278858476,0.0004385560764125316,0.02822864621028068
2024-02-07,44318.22265625,44341.94921875,42775.95703125,43090.01953125,21126587775,78.99955341498645,229.84193085761945,-8.69440542469843,44683.20168022385,39405.65691352615,0.02822864621028068,0.22924412013862616,5277.544766697698,0.9308430264243578,0.0051861721224780635,0.005707155936316474,0.021945671282114807
2024-02-08,45301.56640625,45575.83984375,44332.125,44332.125,26154524080,82.92086798361701,406.9504571237776,74.43456708499679,45231.18202851207,39225.99258086293,0.021945671282114807,0.21348984915307634,6005.189447649143,1.0117205923893826,0.008983143175985918,0.007197267506012913,0.0399329954084116
2024-02-09,47147.19921875,48152.49609375,45260.82421875,45297.3828125,39316770844,82.8420928998942,688.3030544021167,197.20826454842077,46207.49696607523,38797.83897142477,0.0399329954084116,0.40762898636247197,7409.657994650464,1.1268212720954294,0.014599023182874139,0.012537356202893948,0.013149960695064189
2024-02-10,47771.27734375,48146.171875,46905.3203125,47153.52734375,16398681570,83.4947590098402,950.6761015073425,347.90183194020517,47169.26919958043,38458.61595666958,0.013149960695064189,-0.8744502273557228,8710.653242910848,1.069111710382737,0.019900579477214277,0.015057814229638939,0.010881064258583886
2024-02-11,48293.91796875,48535.9375,47617.40625,47768.96875,19315867136,85.26150141848811,1187.0972440939731,515.7409143709588,47962.46935941643,38544.070874958576,0.010881064258583886,0.16372595001953108,9418.398484457852,1.035191610323081,0.024580677940897636,0.017976692870686043,0.03388147853165121
2024-02-12,49958.22265625,50280.4765625,47745.76171875,48296.38671875,34511985805,85.91487854455386,1491.5643565866994,710.9056028141069,49061.71684708527,38456.09057478973,0.03388147853165121,0.5803797887956066,10605.626272295543,1.0845311522531709,0.029856233414262547,0.02256523158497223,-0.004328588760117502
2024-02-13,49742.44140625,50358.390625,48406.49609375,49941.359375,35593051468,87.03831475590084,1695.89576259569,907.9036347704237,49883.095245850054,38601.24889477495,-0.004328588760117502,0.030843756983560077,11281.846351075103,0.9875327286665592,0.03409353692041753,0.02052731823228412,0.041046849510408934
2024-02-14,51826.6953125,52021.37109375,49296.83203125,49733.4453125,39105608050,92.48122217343492,2002.9232924449461,1126.9075663053281,51044.38440250062,38629.24840999938,0.041046849510408934,0.09411544977113524,12415.135992501237,1.063012673439166,0.03864655618823267,0.022358490132302438,0.0021560092291083846
2024-02-15,51938.5546875,52820.06640625,51371.62890625,51836.78515625,38564360533,92.2081483250847,2229.56984526194,1347.4400220966504,52136.52329240407,38549.27787947094,0.0021560092291083846,-0.013937337384375388,13587.24541293313,0.9854298204758548,0.04292706754503756,0.019531395553301523,0.0042584326097615645
2024-02-16,52160.203125,52537.96875,51641.3671875,51937.7265625,28180567298,92.2900748745158,2399.4150842751187,1557.835034532344,53103.68663802173,38586.12937760326,0.0042584326097615645,-0.3136959102150988,14517.55726041847,0.9350108633223692,0.0460008769238304,0.01443502943920866,-0.00957802949778828
2024-02-17,51662.99609375,52191.9140625,50669.66796875,52161.67578125,20009091006,89.7228309673697,2465.477715376328,1739.3635707011408,53795.25676690485,38857.29948309514,-0.00957802949778828,-0.3424459169184264,14937.957283809708,0.8572588853586608,0.047722313876306384,0.011188173697372595,0.008855834280713763
2024-02-18,52122.546875,52356.96484375,51233.70703125,51661.96875,17595377311,93.49756414709523,2525.7988964769756,1896.6506358563079,54520.02717303808,39015.95915508692,0.008855834280713763,-0.12855050581656682,15504.068017951155,0.8453644362716265,0.04845885414107512,0.010898855129105434,-0.006610163694046543
2024-02-19,51779.14453125,52483.32421875,51711.8203125,52134.8125,21362184346,90.59586593103487,2516.881128932153,2020.6967344714772,55051.25506149172,39367.38478225828,-0.006610163694046543,0.19398605749223163,15683.870279233437,0.7913709771895385,0.04860800910708659,0.005114334811148611,0.009719679337319471
2024-02-20,52284.875,52945.05078125,50792.3125,51777.7265625,33353758256,90.66214015698223,2521.555039286701,2120.868395434522,55531.64313289302,39857.223663981975,0.009719679337319471,0.4455481850938109,15674.419468911045,0.792861985138683,0.048227236639404814,0.007121230253639608,-0.00856090431522995
2024-02-21,51839.1796875,52368.81640625,50671.7578125,52273.53515625,28624907020,85.72857443476977,2460.927222877457,2188.880160923109,55861.712810746496,40403.49461112851,-0.00856090431522995,-0.1528932436872529,15458.218199617986,0.7397802857158114,0.04747234114645648,3.440827854833857e-05,-0.010358547640014263
2024-02-22,51304.97265625,52009.61328125,50926.29296875,51854.64453125,25413900611,79.79064561725079,2342.767236327447,2219.657576003977,56022.69699632499,41054.42175367501,-0.010358547640014263,-0.11898092118202419,14968.27524264998,0.6848184400943413,0.04566355101725309,-0.001753385559897754,-0.011231806115512574
2024-02-23,50731.94921875,51497.93359375,50561.77734375,51283.90625,21427078270,70.36007110192904,2177.782274798781,2211.2825157629377,55990.84523562052,41860.24343625447,-0.011231806115512574,-0.17064083059770296,14130.60179936605,0.627836373033519,0.04292723438258697,-0.003966276806365488,0.016405594130217752
2024-02-24,51571.1015625,51684.1953125,50585.4453125,50736.37109375,15174077879,71.06693088176374,2090.6434488883024,2187.1547023880107,55861.38357091671,42888.45705408329,0.016405594130217752,-0.3450668925795595,12972.926516833424,0.669289577579092,0.04053904969151399,-0.0002543305737931975,0.0031390133682369275
2024-02-25,51733.23828125,51950.02734375,51306.171875,51565.21484375,15413239245,69.86220220209381,2011.4812756805113,2152.020017046511,55562.91707203377,44094.380584216226,0.0031390133682369275,0.01563826203026051,11468.536487817546,0.6660708369500752,0.03888179712905281,-0.0010710192755756026,0.052511187656945416
2024-02-26,54522.40234375,54938.17578125,50931.03125,51730.5390625,34074411896,73.32754352339882,2149.0341845555376,2151.4228505483165,55554.945142668796,45246.12556045621,0.052511187656945416,0.7933198869982457,10308.819582212585,0.899838891282829,0.03941561802443001,0.007374888060280392,0.045936216440473146
2024-02-27,57085.37109375,57537.83984375,54484.19921875,54519.36328125,49756832031,80.26764092126957,2436.766487126508,2208.4915778639547,56183.95097708369,45893.83456979132,0.045936216440473146,0.3786010631036181,10290.116407292371,1.0876005752497035,0.04268635624921597,0.01254867907501663,0.09069529297704289
2024-02-28,62504.7890625,63913.1328125,56738.42578125,57071.09765625,83239156760,84.52305357656144,3066.7466021792497,2380.142582727014,58540.114918415435,45257.99289408457,0.09069529297704289,0.5145700898159109,13282.122024330863,1.2984970426277198,0.04906418609160872,0.026728135831055606,-0.02112241427001975
2024-02-29,61198.3828125,63585.64453125,60498.73046875,62499.18359375,65496611844,77.79108280971637,3421.1573435775063,2588.345534897113,60049.93527229427,45153.29089958072,-0.02112241427001975,-0.23971945751749948,14896.644372713548,1.0770943785372418,0.05590274099332445,0.025190440598197677,0.0200954657884248
2024-03-01,62440.6328125,63155.1015625,60802.52734375,61168.0625,40186368423,79.07309949272673,3758.938894888641,2822.4642068954186,61622.456260231564,45047.70545851843,0.0200954657884248,-0.48847056956637397,16574.750801713133,1.049362826751086,0.06020020498793116,0.02966576515590302,-0.006600547312091193
2024-03-02,62029.84765625,62458.69921875,61657.2890625,62431.65234375,23888473685,79.46150963269388,3947.9764637091794,3047.5666582581707,62811.640115929426,45232.11457157057,-0.006600547312091193,-0.5201317741519045,17579.525544358854,0.9555282389329754,0.06364639948154684,0.02637917352128746,0.01817220465901261
2024-03-03,63167.37109375,63230.2109375,61435.0234375,62031.578125,26253811450,80.2235848877105,4141.834246674458,3266.420175941428,64145.69738094599,45218.972150304005,0.01817220465901261,0.0944151065801561,18926.725230641983,0.9483097960542562,0.06556920408366125,0.028526772277112554,0.0785670808490068
2024-03-04,68330.4140625,68537.03125,62386.51953125,63137.00390625,70670471105,85.83843997005798,4658.3834103603585,3544.8128228252144,66565.98503797839,44657.48175889662,0.0785670808490068,0.990216644353638,21908.50327908177,1.0805362649398877,0.06817437702191384,0.032249042733121326,-0.06858298181492034
2024-03-05,63801.19921875,69170.625,59323.91015625,68341.0546875,102802940877,71.23608555404306,4648.695292830962,3765.589316826364,67594.2017353057,44826.7154521943,-0.06858298181492034,0.37478613941850347,22767.4862831114,0.8334026660040141,0.07286219302700499,0.015889157268065113,0.03549970020086634
2024-03-06,66106.8046875,67637.9296875,62848.671875,63776.05078125,68750229073,74.62066438433914,4772.051246201605,3966.881702701413,68929.41186080583,44908.330326694166,0.03549970020086634,-0.40233389185275037,24021.08153411167,0.8824945842135204,0.07218698995905247,0.008004072585754177,0.012308140052515397
2024-03-07,66925.484375,68029.921875,65655.53125,66099.7421875,46989543159,76.69317749294797,4879.623079370038,4149.429978035138,70237.72912775501,45076.541184744994,0.012308140052515397,-0.38055497753438056,25161.187943010016,0.8683589677777497,0.07291128521428857,0.012779866060402057,0.020331312236987975
2024-03-08,68300.09375,70083.0546875,66230.453125,66938.09375,59202881172,79.22086697537101,5017.9502141388,4323.134025255871,71590.15190651677,45387.82817160822,0.020331312236987975,0.2310451181739774,26202.323734908547,0.8744363977102383,0.0734691555842674,0.012813558410196796,0.002906296632019191
2024-03-09,68498.8828125,68673.0546875,68053.125,68299.2578125,21609650379,78.76859215324299,5084.999373554347,4475.507094915567,72775.50102106428,45840.11265081072,0.002906296632019191,-1.0078302174310005,26935.38837025356,0.8412267850094168,0.07423477821489977,0.014171678973641135,0.007575825657206857
2024-03-10,69019.7890625,70005.203125,68239.9765625,68500.2578125,35683977532,79.02437943012393,5121.135830377876,4604.632842008029,73814.41838434339,46525.25974065663,0.007575825657206857,0.5015617876927709,27289.15864368676,0.8243027795599177,0.07419807999906369,0.012657910544811742,0.04399229858274628
2024-03-11,72123.90625,72850.7109375,67194.8828125,69020.546875,65716656765,79.24390052367914,5338.709230819346,4751.448119770293,75269.47269909135,47054.108550908655,0.04399229858274628,0.6106506415700321,28215.364148182693,0.8885158301494104,0.07402135447730752,0.007718655935345952,-0.008949836049347838
2024-03-12,71481.2890625,72825.65625,68728.8515625,72125.125,62554434520,75.54826423719261,5397.069820415156,4880.572459899266,76253.74442309917,48034.047764400835,-0.008949836049347838,-0.0493152909799752,28219.696658698333,0.830882116901531,0.0755032525462181,0.01623767675899917,0.02216689906407544
2024-03-13,73083.5,73637.4765625,71334.09375,71482.1171875,48212536929,71.71617219938639,5509.10055861227,5006.2780796418665,77181.18289350905,49284.46202836595,0.02216689906407544,-0.2604180405062261,27896.720865143092,0.8531123814401446,0.07538090757301265,0.014332990882314751,-0.0233524614583823
2024-03-14,71396.59375,73750.0703125,68563.0234375,73079.375,59594605698,70.61305868014752,5399.52413630388,5084.927290974269,77350.14351612685,51181.965858873155,-0.0233524614583823,0.21194597205511415,26168.17765725369,0.7724889427110212,0.0756271952582315,0.009238619237900796,-0.028308923292000562
2024-03-15,69403.7734375,72357.1328125,65630.6953125,71387.875,78320453976,63.6597370926441,5093.1692034548105,5086.575673470377,76967.60977531789,53347.76678718211,-0.028308923292000562,0.2732437330780283,23619.84298813578,0.6797677130361164,0.07338461514691776,0.0022900141623310053,-0.060717725206296765
2024-03-16,65315.1171875,70046.2734375,64801.39453125,69392.484375,46842198371,55.63207743899719,4468.945105599218,4963.049559896145,75816.63795153,55856.92650159499,-0.060717725206296765,-0.5140243233771039,19959.711449935014,0.4738640991693959,0.06842129813179733,-0.006799131814571274,0.046012240704610304
2024-03-17,68390.625,68845.71875,64545.31640625,65316.34375,44716864318,58.39651980529336,4174.29214667419,4805.298077251755,75015.21126624716,58045.17545250284,0.046012240704610304,-0.04643376297752253,16970.035813744325,0.6096303897672152,0.061036028646823885,-0.0013082153792279253,-0.012388507554368627
2024-03-18,67548.59375,68897.1328125,66594.2265625,68371.3046875,49261579492,48.54043630122321,3828.6978239075834,4609.97802658292,74283.95150456828,59822.75747980673,-0.012388507554368627,0.0967937482956041,14461.19402476155,0.5342460834813485,0.05668064442729547,-0.009362616255958625,-0.08712073185700822
2024-03-19,61912.7734375,68106.9296875,61536.1796875,67556.1328125,74215844794,46.614423245941154,3064.7200495302386,4300.926431172385,74337.12840140467,59710.37902047032,-0.08712073185700822,0.40983321250330795,14626.74938093435,0.1505730603342602,0.04950060996094815,-0.020529887085624397,0.09251085296877404
2024-03-20,67913.671875,68115.2578125,60807.78515625,61930.15625,66792634382,52.86036373080704,2909.940528442239,4022.7292506263557,74144.30202750523,60574.734300619755,0.09251085296877404,-0.10538485835407316,13569.56772688547,0.5408379781943252,0.04284763948263899,-0.010480750813524594,-0.03631867422621332
2024-03-21,65491.390625,68199.9921875,64580.91796875,67911.5859375,44480350565,47.83945051959871,2562.282393362555,3730.6398791735955,73960.02184714962,61064.09026222539,-0.03631867422621332,-0.40654527940194884,12895.931584924227,0.3433098519187187,0.03912395765168645,-0.012333066923214741,-0.02649844665215931
2024-03-22,63778.76171875,66623.75,62355.37109375,65489.9296875,41401116964,43.2570151251849,2124.080894515362,3409.328082241949,73776.15033371701,61422.85318190797,-0.02649844665215931,-0.0717396710445594,12353.297151809042,0.1907109096373378,0.03330389046877519,-0.012074427403237418,0.0044342886654000135
2024-03-23,64062.203125,65976.3984375,63038.4921875,63802.72265625,24738964812,43.3999281295936,1779.1652922759386,3083.295524248747,73697.44354683092,61591.04317191909,0.0044342886654000135,-0.5149283368690839,12106.400374911835,0.20412012460794754,0.027772464971340127,-0.00276699685013788,0.04832709315067971
2024-03-24,67234.171875,67622.7578125,63825.8515625,64070.75390625,27206630673,47.537888417683504,1741.69142679176,2814.9747047573496,73636.31988816957,61542.54261183042,0.04832709315067971,0.09508119493136444,12093.777276339155,0.4706246140570563,0.02590485430578169,-0.0024363036435565352,0.0397250476948794
2024-03-25,69958.8125,71162.59375,66414.8359375,67234.09375,42700139523,46.98307253876648,1909.8334746113687,2633.9464587281536,73756.18823853052,62038.43558959449,0.0397250476948794,0.4507414694104409,11717.752648936032,0.6759296895658573,0.02729939812245053,0.005008489963478897,0.0004147786065640333
2024-03-26,69987.8359375,71535.7421875,69335.609375,69931.328125,36010437368,47.88275812725071,2022.1194731924188,2511.581061621007,73957.62392561806,62225.10302750695,0.0004147786065640333,-0.1703933644224848,11732.520898111106,0.6616423680304,0.028892441752281017,0.017513562886846364,-0.007637444542951766
2024-03-27,69455.34375,71727.6875,68381.9296875,69991.8984375,40827113309,44.69554107185242,2044.5707280842034,2418.1789949136464,74087.36667415356,62348.346216471444,-0.007637444542951766,0.1255375792628661,11739.020457682112,0.6054165728007631,0.029437198316136812,0.003206663242314104,0.018397189971880865
2024-03-28,70744.953125,71546.0234375,68895.5078125,69452.7734375,34374900617,49.036086490349426,2141.7356132206914,2362.8903185750555,74317.66363963942,62362.535188485585,0.018397189971880865,-0.17201973774644846,11955.128451153832,0.7011566601532162,0.030274041025038723,0.011023215270613273,-0.012118158012204417
2024-03-29,69892.828125,70913.09375,69076.65625,70744.796875,25230851763,50.74868010134373,2125.4789207980357,2315.408039019652,74427.52753270927,62392.06582666572,-0.012118158012204417,-0.30925914282896866,12035.461706043548,0.6232218157918433,0.03041054394016962,0.013077542219178258,-0.0035477570486820652
2024-03-30,69645.3046875,70355.4921875,69601.0625,69893.4453125,17130241883,57.51247167561364,2068.7747545603634,2266.0813821277943,74478.62124522548,62403.52367664952,-0.0035477570486820652,-0.38722208934344227,12075.097568575962,0.5997285711128142,0.029704439715541497,0.01193724997430939,0.023952858696302478
2024-03-31,71333.6484375,71377.78125,69624.8671875,69647.78125,20050941373,55.364054016031204,2135.4553251199104,2239.9561707262174,74347.26980586424,62455.849334760765,0.023952858696302478,0.15743067125389534,11891.420471103476,0.7465717930260575,0.02993615736605594,0.008455216480826928,-0.023137002333257977
2024-04-01,69702.1484375,71342.09375,68110.6953125,71333.484375,34873527352,53.81534270055757,2033.2141160127794,2198.6077597835297,74115.83238499927,62509.372693125726,-0.023137002333257977,0.5534519088617954,11606.459691873548,0.6197217700596327,0.029170035093479315,-0.0005250763803355546,-0.06299090436988572
2024-04-02,65446.97265625,69708.3828125,64586.59375,69705.0234375,50705240709,56.583423355404804,1590.4958515013568,2076.9853781270954,73408.05091896094,62453.50142478906,-0.06299090436988572,0.37430125951253557,10954.549494171886,0.27326283322315315,0.02430205381469954,-0.009583031091256949,0.008123743073319992
2024-04-03,65980.8125,66914.3203125,64559.8984375,65446.671875,34488018367,45.478605587533096,1268.0970181063312,1915.2077061229427,72948.03701599833,62371.937202751666,0.008123743073319992,-0.38541730228981086,10576.099813246663,0.34122931524604594,0.01921917857720123,-0.007331432860360983,0.03759886271186141
2024-04-04,68508.84375,69291.2578125,65113.796875,65975.6953125,34439527442,57.02375427534767,1202.720401992221,1772.7102452967986,72856.09658164356,62374.384668356455,0.03759886271186141,-0.0014070117376320643,10481.711913287108,0.585253547549483,0.017555695530071195,-0.004588336754649478,-0.009845630418288566
2024-04-05,67837.640625,68725.7578125,66011.4765625,68515.7578125,33748230056,59.929290074102276,1084.2499218231387,1635.0181806020666,72869.34887068975,62613.38472306025,-0.009845630418288566,-0.02027698511092752,10255.9641476295,0.5093871065400267,0.015983013439644353,-0.00426368995551864,0.015482496362565016
2024-04-06,68896.109375,69629.6015625,67491.71875,67840.5703125,19967785809,61.393227847984726,1063.5112986499444,1520.7168042116423,72913.04638747594,62620.23564377407,0.015482496362565016,-0.5248077077414375,10292.810743701877,0.6097337148713727,0.015436449290064783,-0.0015450823253404865,0.006747455363626304
2024-04-07,69362.5546875,70284.4296875,68851.6328125,68897.109375,21204930369,55.74976847533091,1072.3526154099673,1431.0439664513074,73051.28173527037,62663.396389729634,0.006747455363626304,0.06011345379774454,10387.885345540737,0.6449010626253691,0.015460108414997849,-0.004002997087151369,0.03218579409702191
2024-04-08,71631.359375,72715.359375,69064.2421875,69362.5546875,37261432669,54.632430170366,1248.0462988782529,1394.4444329366966,72984.5877166295,63701.9490021205,0.03218579409702191,0.5637250958101931,9282.638714508998,0.8542194322918956,0.017423183222651954,0.0039002595457457577,-0.035413761203788405
2024-04-09,69139.015625,71742.5078125,68212.921875,71632.5,36426900409,47.9313116804187,1172.655850896117,1350.0867165285806,73054.31998425996,63754.75110949006,-0.035413761203788405,-0.02265129109917257,9299.568874769895,0.5789800138065632,0.016960840999768242,0.007839851426616803,0.020739301242534747
2024-04-10,70587.8828125,71093.4296875,67503.5625,69140.2421875,38318601774,52.64213372643194,1215.8048100166925,1323.230335226203,73194.12024525146,64124.60006724854,0.020739301242534747,0.05062794035903964,9069.520178002917,0.712637782197861,0.017223987483038557,0.00964207402221891,-0.00749778258451207
2024-04-11,70060.609375,71256.234375,69571.8125,70575.734375,30153382941,48.34459225785627,1193.6939503816393,1297.3230582572903,72916.45195371883,65030.45312440619,-0.00749778258451207,-0.23963834372412596,7885.998829312644,0.6378591170842984,0.01703801838194673,0.003199696122736985,-0.041748970181434676
2024-04-12,67195.8671875,71222.7421875,65254.8359375,70061.3828125,44129299406,44.05499061779285,934.2408351361373,1224.7066136330598,72451.44991379695,65808.82157057805,-0.041748970181434676,0.38082682690953684,6642.628343218908,0.20880975801358861,0.013903248432366804,-0.0013579238434267451,-0.05152204971523435
2024-04-13,63821.47265625,67931.4296875,60919.10546875,67188.375,52869738185,38.71762913723861,451.1365134607622,1069.9925935986003,72970.0856225095,64948.91593999049,-0.05152204971523435,0.18070717071293288,8021.169682519016,-0.14055846321234783,0.007068726161971173,-0.010930001854540941,0.02959850149495867
2024-04-14,65738.7265625,65824.4296875,62205.8515625,63836.23046875,49084320047,39.256379113974944,220.43815123976674,900.0817051268336,72975.90237161296,64521.090597137045,0.02959850149495867,-0.07429148169623925,8454.811774475915,0.14401692170589903,0.003353246446448713,-0.007665566692922031,-0.03581099949650861
2024-04-15,63426.2109375,66878.6484375,62332.0703125,65739.6484375,43595917654,38.25582340519719,-147.29472544323653,690.6064190128196,73222.28060818173,63618.54986056828,-0.03581099949650861,-0.1185761223043864,9603.730747613445,-0.02002752140006188,-0.0023223005641686578,-0.017379394349140674,0.0060619201772289105
2024-04-16,63811.86328125,64355.66796875,61716.40234375,63419.296875,42847528078,46.422054452661214,-402.961667212614,471.892801767733,73331.36030320848,62945.12211866652,0.0060619201772289105,-0.017315558597116625,10386.238184541959,0.08345092296009383,-0.006314839380830574,-0.011454297008995345,-0.04053958534994488
2024-04-17,61276.69140625,64486.36328125,59768.5859375,63831.84765625,41915247049,40.53541246096487,-800.9143020209594,217.33138100999452,73539.01479257991,61790.64145742009,-0.04053958534994488,-0.02199830346522362,11748.37333515982,-0.043746486131141876,-0.013070456051732406,-0.02020842366506386,0.03584120208614769
2024-04-18,63512.75390625,64125.6875,60833.48046875,61275.31640625,36006307335,39.82847567779068,-925.1979697252536,-11.174489137055104,73400.73623909992,61290.91258902509,0.03584120208614769,-0.15195552526020242,12109.823650074832,0.18347429173429786,-0.014567120976850118,-0.014017140140683898,0.005195142876912206
2024-04-19,63843.5703125,65481.59765625,59651.390625,63510.75,49920425401,41.754198698842075,-985.6377342972773,-206.06713816909956,73202.01538644996,60909.46000417505,0.005195142876912206,0.3267361188197851,12292.555382274906,0.23869002148694904,-0.01543832416440373,-0.0073108382752057706,0.017865871886504233
2024-04-20,64994.44140625,65442.45703125,63172.40234375,63851.1015625,23097485495,41.97558000736222,-929.9511066480482,-350.8439318648893,72603.54475427073,60874.009933229274,0.017865871886504233,-0.7707064871069869,11729.534821041452,0.3512868614046645,-0.014308163691035618,0.0026017219536140263,-0.0010436624765665994
2024-04-21,64926.64453125,65723.2421875,64277.72265625,64992.81640625,20506644853,40.72473008357105,-881.1325467331335,-456.90165483853815,72244.39245396422,60755.61184291078,-0.0010436624765665994,-0.11897478577918123,11488.780611053437,0.3630526884920995,-0.013571201054584509,-0.0017757300423181552,0.029008901759275917
2024-04-22,66837.6796875,67233.9609375,64548.1796875,64935.6328125,28282686673,39.82440877554797,-680.3957417800484,-501.6004722268402,72293.89076840687,60845.18423159314,0.029008901759275917,0.3215008663038996,11448.706536813726,0.5234211774611612,-0.010179822892734204,0.007484255851365348,-0.006460398489914604
2024-04-23,66407.2734375,67199.2421875,65864.8671875,66839.890625,24310975583,43.64500055614401,-549.7039203292807,-511.22116184732835,72309.15410308131,60872.5669906687,-0.006460398489914604,-0.15132192064066236,11436.587112412606,0.48394738678847327,-0.008277766754670948,0.005695353184630561,-0.03260630131627199
2024-04-24,64276.8984375,67075.3671875,63589.87109375,66408.71875,30276655120,35.769640410397855,-610.9900554282212,-531.174940563507,72111.90258698305,60646.62397551694,-0.03260630131627199,0.21944903901756668,11465.278611466114,0.31663203180707766,-0.009505593304604154,0.00682867947515526,0.0031812827691917772
2024-04-25,64481.70703125,65275.20703125,62783.6328125,64275.01953125,32155786816,37.234744472154254,-635.7054010279098,-552.0810326563876,71960.8046765364,60462.128526588596,0.0031812827691917772,0.06021547128928319,11498.676149947802,0.3495688070734387,-0.009858693733399856,0.0021629767155901293,-0.011328935219016097
2024-04-26,63755.3203125,64789.65625,63322.3984375,64485.37109375,24139372950,41.273648276446956,-705.7701490643813,-582.8188559379863,71657.88282464472,60250.97147223029,-0.011328935219016097,-0.2867481889906524,11406.911352414434,0.30721277057418866,-0.011069980444063529,-0.00019760586954248538,-0.005286917956356649
2024-04-27,63419.140625,63898.36328125,62424.71875,63750.98828125,19530783039,48.793631123818045,-779.4389706135989,-622.1428788731089,71230.89397034573,60083.61892027927,-0.005286917956356649,-0.21185240152511248,11147.275050066462,0.2992230558355647,-0.012290279605371095,-0.003505147275665469,-0.004835296290154387
2024-04-28,63113.23046875,64321.484375,62793.59765625,63423.515625,17334827993,41.285521321674395,-852.6773022904672,-668.2497635565805,70145.66965284113,60317.03034715887,-0.004835296290154387,-0.11927418168658648,9828.639305682256,0.28449514064213044,-0.01351027820882443,-0.004046809249035152,0.011467091787556437
2024-04-29,63841.12109375,64174.87890625,61795.45703125,63106.36328125,26635912073,51.539056955409556,-842.2752923245935,-703.0548693101831,69554.18617204503,60378.72437482997,0.011467091787556437,0.42954272662313187,9175.461797215052,0.3773539463670984,-0.01319330359327057,-0.006552782102137935,-0.051494629716542104
2024-04-30,60636.85546875,64703.33203125,59120.06640625,63839.41796875,37840840057,40.25950307289871,-1080.1379236353678,-778.47148017522,68628.06361193697,60309.74420056302,-0.051494629716542104,0.35112856099088946,8318.319411373952,0.03932420144141943,-0.01781322456920661,-0.012986243705941865,-0.040089923480657194
2024-05-01,58254.01171875,60780.5,56555.29296875,60609.49609375,48439780271,40.6393363536905,-1444.2726726835826,-911.6317186768925,68047.54012939282,59709.60791748218,-0.040089923480657194,0.2469324383929803,8337.932211910636,-0.17457520182914207,-0.024792673157971026,-0.014055332586568322,0.014814392549697799
2024-05-02,59123.43359375,59602.296875,56937.203125,58253.703125,32711813559,35.15015226939815,-1643.7488914799542,-1058.0551532375048,67849.64125848399,59100.26342901602,0.014814392549697799,-0.39258509899006583,8749.377829467965,0.0026482071280474018,-0.027801986311798317,-0.012393459760781747,0.06175720649824811
2024-05-03,62889.8359375,63320.50390625,58848.3125,59122.30078125,33172023048,47.38194991310196,-1480.8477489673678,-1142.6136723834775,67807.36167404942,59049.379341575586,0.06175720649824811,0.013970557813547568,8757.982332473832,0.43850928788516713,-0.023546694420367643,-0.0019525823726011457,0.015801344389047563
2024-05-04,63891.47265625,64494.95703125,62599.3515625,62891.03125,20620477992,46.94728256686009,-1256.4402466544561,-1165.3789872376733,67585.83823418578,59086.17739081423,0.015801344389047563,-0.475422182082092,8499.660843371552,0.5653514127193215,-0.019665225959250892,0.0010600265338851702,0.002183511056964741
2024-05-05,64031.1328125,64610.890625,62955.3046875,63892.453125,18296164805,47.53128762952741,-1055.163014467369,-1143.3357926836125,67627.38284117547,59105.124971324534,0.002183511056964741,-0.11959319492295617,8522.257869850931,0.578016755231211,-0.01647890593404249,0.0020627132977593314,-0.013667364763724113
2024-05-06,63161.94921875,65494.90234375,62746.23828125,64038.3125,28697928697,39.24933992777193,-954.7791105234355,-1105.6244562515772,67590.48902992267,59077.027376327336,-0.013667364763724113,0.45013348493838495,8513.461653595332,0.4798191392213618,-0.015116365506972094,-0.0015279233524236047,-0.01318192999564668
2024-05-07,62334.81640625,64390.45703125,62285.98046875,63162.76171875,25930730982,38.359151911677976,-931.2321838092612,-1070.746001763114,67561.25492927831,59212.07397697168,-0.01318192999564668,-0.10139615958162247,8349.180952306626,0.37401781649195476,-0.014939198308377326,0.00394531946484717,-0.018569986258493817
2024-05-08,61187.94140625,62986.0859375,60877.12890625,62332.640625,26088172222,40.64439907141188,-993.660008363011,-1055.3288030830936,67558.16580867016,58982.681847579835,-0.018569986258493817,0.006053250301221845,8575.48396109033,0.2571586127005618,-0.016239474405025732,0.007019596210870509,0.02997730860417905
2024-05-09,63049.9609375,63404.9140625,60648.07421875,61191.19921875,25453338161,46.05922828493691,-882.7097657528357,-1020.804995617042,67510.8341069939,58950.6526117561,0.02997730860417905,-0.024635140187713504,8560.181495237804,0.47888100597212163,-0.014000163562795001,0.009185727075796403,-0.036456454635488925
2024-05-10,60792.77734375,63446.7421875,60208.78125,63055.19140625,27804954694,42.47955955291313,-965.7837966479638,-1009.8007558232264,67348.45133433776,58692.86897816224,-0.036456454635488925,0.08836733136224624,8655.582356175524,0.2426074040054961,-0.01588648913319066,-0.004844795943308887,1.5356866757304103e-05
2024-05-11,60793.7109375,61451.15234375,60492.625,60793.35546875,13842272968,43.21992418856179,-1019.7897302222409,-1011.7985507030294,67153.28112435303,58474.745828771964,1.5356866757304103e-05,-0.6974870627221639,8678.535295581067,0.26720696865847154,-0.01677459254413097,-0.007099937017921781,0.01071136415279376
2024-05-12,61448.39453125,61818.15625,60632.6015625,60793.50390625,13800459405,45.776700356772395,-998.2550640884438,-1009.0898533801123,66482.53463124884,58606.56380625115,0.01071136415279376,-0.003025286670423297,7875.97082499769,0.3608229116312556,-0.016245421409354713,-0.005881672289946208,0.02337149423787631
2024-05-13,62901.44921875,63422.66015625,60769.83984375,61451.21875,27889181179,47.70086071969532,-854.0938541364449,-978.0906535313788,65871.2548010795,58867.261214545506,0.02337149423787631,0.7035369604361134,7003.993586533994,0.5759839660561827,-0.013578285790621371,-0.0005904067182890044,-0.021674038111579395
2024-05-14,61552.7890625,63092.125,61123.765625,62900.7734375,28186271527,52.464878381784885,-838.9991994972952,-950.2723627245622,65633.06502357771,58833.04005454728,-0.021674038111579395,0.010596191859921993,6800.024969030434,0.39996162077918207,-0.013630563493156824,-0.0018035650205651065,0.07380429766149847
2024-05-15,66267.4921875,66454.453125,61330.41015625,61553.98828125,39815167074,69.16041653863174,-441.5099848996979,-848.5198871595894,66049.09311449362,58595.59047925639,0.07380429766149847,0.3454128878358172,7453.50263523723,1.0293015356260622,-0.006662542527646454,0.011392761253719507,-0.015755724397151206
2024-05-16,65231.58203125,66712.4296875,64613.0546875,66256.109375,31573077994,64.4893659685047,-207.69206587137887,-720.3543229019474,66296.8293711264,58495.48039449861,-0.015755724397151206,-0.23194312670668826,7801.348976627785,0.8634534433636212,-0.0031839188841362364,0.004859470824958042,0.027522834905047706
2024-05-17,67051.875,67459.4609375,65119.31640625,65231.296875,28031279310,60.87720666572202,123.07402849122445,-551.668652623313,66984.53007759927,58171.05312552574,0.027522834905047706,-0.11898379037435541,8813.476952073528,1.007641129915689,0.001835504652050736,0.013999369330748987,-0.001657856805292211
2024-05-18,66940.8046875,67387.328125,66663.5,67066.2109375,16712277406,58.35828984992684,371.9583905588879,-366.94324398687286,67587.08766490628,57951.25296009371,-0.001657856805292211,-0.5171773815506043,9635.834704812572,0.9329292171144825,0.00555652702854862,0.013760338806170487,-0.0099451595532183
2024-05-19,66278.3671875,67694.296875,65937.1796875,66937.9296875,19249094538,55.988108967820104,509.8704019730503,-191.58051479488822,67940.8253586029,57841.239875772095,-0.0099451595532183,0.14132039931385876,10099.585482830807,0.8353934254103894,0.00769286305033192,0.010809406848168765,0.07510908882529838
2024-05-20,71448.1953125,71483.5625,66086.171875,66278.7421875,43850655717,67.96298131028684,1024.5185758505468,51.639303334198786,69645.7836781021,57217.415540647904,0.07510908882529838,0.8233256497032813,12428.3681374542,1.1450239978782888,0.014339320557636329,0.01820049178922906,-0.01852885718229531
2024-05-21,70136.53125,71946.4609375,69191.125,71443.0625,46932005990,66.56463123846649,1311.4233614998739,303.5961149673338,70424.99159170777,57626.45958016722,-0.01852885718229531,0.06791020084904818,12798.532011540556,0.9774614509344787,0.01869814971067412,0.01864980335055536,-0.014565869510184994
2024-05-22,69122.3359375,70623.6953125,68977.6953125,70135.3203125,32802561717,66.94178934948593,1440.35684827355,530.948261628577,70874.46990338624,58176.87150286375,-0.014565869510184994,-0.3581932597244235,12697.59840052249,0.8620106014838991,0.020837791847427033,0.006025493754600577,-0.017406596587757724
2024-05-23,67929.5625,70041.2734375,66356.953125,69121.3046875,41895680979,60.72562924456308,1429.8087719763062,710.7203636981229,71251.89789954037,58303.41616295961,-0.017406596587757724,0.24467612888650425,12948.481736580761,0.7434189222235077,0.021048402482738,0.005789654870228217,0.008743394668047938
2024-05-24,68526.1015625,69220.296875,66622.671875,67928.1328125,29197308153,68.33693113287431,1452.8376542565093,859.1438218098002,71678.90356665284,58339.87338647215,0.008743394668047938,-0.361106223871217,13339.030180180685,0.7636408373347804,0.021201230204689704,0.0031068776935139646,0.010738658385428567
2024-05-25,69265.9453125,69579.3203125,68515.8203125,68526.921875,15473071741,69.40888804889887,1513.3425460229773,989.9835666524357,72185.38102910534,58356.87717401967,0.010738658385428567,-0.6349753124587671,13828.50385508567,0.7888827491968732,0.021848291237423906,0.004877808435045504,-0.010855523058038129
2024-05-26,68518.09375,69506.2265625,68183.890625,69264.2890625,15628433737,66.12700377582838,1483.842920101859,1088.7554373423204,72523.76807603533,58554.10458021467,-0.010855523058038129,0.009990724622023607,13969.663495820656,0.7132590683208349,0.02165622011487818,0.004747756505785529,0.01271054899375939
2024-05-27,69394.5546875,70597.8828125,68232.5,68512.1796875,25870990717,65.2118717822334,1513.7378985670657,1173.7519295872696,72908.4423570798,58875.404127295216,0.01271054899375939,0.5040303607976087,14033.038229784579,0.7495989384449581,0.021813496828155803,-0.004166320613005756,-0.015953999045957543
2024-05-28,68296.21875,69514.640625,67227.15625,69392.1953125,32722265965,65.98582320528757,1432.2927738766302,1225.4600984451417,72974.76140357018,59519.912815179814,-0.015953999045957543,0.23493347110113497,13454.84858839037,0.6522783126963051,0.020971772670454473,-0.003798483736386074,-0.010570529093847765
2024-05-29,67578.09375,68852.4609375,67101.4921875,68296.3515625,26707072906,53.83321558064566,1294.8737414396746,1239.3428270440484,73051.20331839389,59896.284181606105,-0.010570529093847765,-0.2031273293736181,13154.919136787787,0.5839495848295334,0.019161146306227003,-0.00322772081976647,0.011577009906272178
2024-05-30,68364.9921875,69500.5390625,67118.078125,67576.0859375,29509712534,59.29998606427546,1235.2253863515798,1238.5193389055546,72903.63791825293,60801.071066122066,0.011577009906272178,0.0997910144272881,12102.566852130869,0.6249848659208644,0.018068098113195295,0.0009127943936663733,-0.012860492770805693
2024-05-31,67491.4140625,68999.5625,66633.421875,68362.515625,27387283769,51.382232947071685,1104.728558161747,1211.7611827567932,72526.15185365501,61848.32744322,-0.012860492770805693,-0.07464063795313348,10677.824410435016,0.528486553287457,0.016368431059078422,-0.002173475240455574,0.0031882581048550507
2024-06-01,67706.9375,67839.765625,67386.1953125,67489.609375,11641495604,52.39355846833737,1007.0907070653047,1170.8270876184956,72106.13995228308,62894.19364146692,0.0031882581048550507,-0.8555028872807102,9211.946310816158,0.5224459301159519,0.014874261696821019,-0.0032521038519660764,0.0006594499605225849
2024-06-02,67751.6015625,68409.1640625,67315.5234375,67710.2734375,17110588415,54.78749332298863,922.6799431627733,1121.1976587273512,71808.190851892,63677.15797623299,0.0006594499605225849,0.3851215550699843,8131.0328756590025,0.501097910754208,0.01361857021655219,-0.001607107706457403,0.015425138658129584
2024-06-03,68804.78125,70230.8203125,67589.8359375,67753.8984375,32401285324,38.27196011405096,930.0456166788936,1082.9672503176596,70959.40618154837,65251.141865326616,0.015425138658129584,0.6385006150697471,5708.264316221757,0.622542893568194,0.013517165519349625,-0.0012193091829759467,0.025300225248925362
2024-06-04,70567.765625,71047.40625,68564.640625,68804.5703125,33149696545,51.83958749088506,1065.8545632606983,1079.5447129062673,71238.67367733183,65401.90171329316,0.025300225248925362,0.022835470087732474,5836.771964038664,0.8850549487856834,0.015103986272212346,0.004674151430578755,0.007272217816602819
2024-06-05,71082.8203125,71735.4140625,70390.7109375,70568.3515625,32810771409,58.73515029323472,1201.1980769557267,1103.8753857161591,71397.59277341186,65828.10644533814,0.007272217816602819,-0.010276704497404624,5569.486328073719,0.9434826764317291,0.016898570873734656,0.007223115274928838,-0.0045918902720176475
2024-06-06,70757.1640625,71625.734375,70119.125,71082.84375,25223152007,63.65371687511931,1267.5692990591633,1136.61416838476,71638.06432955049,65958.16379544951,-0.0045918902720176475,-0.2629945549161958,5679.900534100976,0.8449092089267086,0.017914359851103075,0.004913272392316005,-0.020194557079892095
2024-06-07,69342.5859375,71907.8515625,68507.2578125,70759.1875,36188381096,53.65391473383166,1192.2804710882629,1147.7474289254606,71627.58961862898,66208.81663137102,-0.020194557079892095,0.36097579993340784,5418.772987257951,0.5783171418137173,0.017194058383731052,0.0038655489195893768,-0.0005310196389050046
2024-06-08,69305.7734375,69533.3203125,69210.7421875,69324.1796875,14262185861,50.19020656328304,1116.7696460844163,1141.5518723572518,71479.72301164936,66659.42386335065,-0.0005310196389050046,-0.9311264136886412,4820.299148298713,0.5490011081745441,0.016113659666341075,0.0033342235276236543,0.004925659126589219
2024-06-09,69647.9921875,69817.5234375,69160.84375,69297.4921875,13534028500,55.61352615003404,1072.1815251146181,1127.677802908725,71136.88078065954,66822.24578184045,0.004925659126589219,-0.05240454580874404,4314.634998819092,0.6549213100140094,0.01539429194495928,0.003943681979918888,-0.0019504270460231217
2024-06-10,69512.28125,70146.0703125,69232.421875,69644.3125,20597699541,50.63135534634673,1014.2032754930988,1104.9828974255997,71052.59803600179,66844.10352649822,-0.0019504270460231217,0.4199722531772651,4208.4945095035655,0.6339981476691731,0.014590274657301637,0.0014614583078970728,-0.03186737491787959
2024-06-11,67332.03125,69549.4140625,66123.6015625,69508.078125,37116136345,45.3668150795498,783.2977719378687,1040.6458723280534,71080.9387169262,66636.73237682378,-0.03186737491787959,0.5888724201746423,4444.206340102421,0.15645062806873092,0.011633360191222044,-0.006705341715932206,0.013412234174301008
2024-06-12,68241.1875,69977.890625,66902.453125,67321.375,34497940694,53.128903018604724,665.987716195872,965.7142411016173,71073.33337576222,66675.50021798778,0.013412234174301008,-0.07315218474051167,4397.833157774439,0.3560133424443495,0.009759321907988077,-0.005828196521975322,-0.021998155421161833
2024-06-13,66756.3984375,68365.78125,66304.5625,68243.1015625,28955204146,42.878645759837084,448.04381322198606,862.180155525691,71177.8235535552,66394.0397276948,-0.021998155421161833,-0.1751496811163025,4783.783825860388,0.07574730025346538,0.006711623510388484,-0.00831480582899592,-0.011227334405387725
2024-06-14,66011.09375,67294.6484375,65056.89453125,66747.5703125,27403884779,43.371234781172845,212.72962569861556,732.290049560276,71303.13631823726,65943.24180676273,-0.011227334405387725,-0.05506516751087697,5359.894511474529,0.012659193775549036,0.0032226344635990153,-0.007033774018352439,0.0027216870164859935
2024-06-15,66191.0,66402.1875,65871.7734375,66006.7421875,14121265576,43.19002101533403,40.293884753540624,593.8908165989288,71399.61258758591,65614.0561624141,0.0027216870164859935,-0.6630029255227349,5785.556425171817,0.09972140883038214,0.0006087517147881226,-0.006569101639010868,0.00674619312119944
2024-06-16,66639.046875,66894.84375,66018.25,66189.359375,13281140541,45.176917809100686,-59.52290099833044,463.208073079477,71345.09411135889,65393.02385739112,0.00674619312119944,-0.06133683360498917,5952.070253967773,0.20934279409387793,-0.0008932135705659496,-0.006309025354066551,-0.0022346697987336212
2024-06-17,66490.296875,67188.3203125,65094.96484375,66636.515625,30006354476,39.11263174915842,-148.91470862731512,340.7835167381186,71371.4062086298,65186.1195726202,-0.0022346697987336212,0.8150641506271042,6185.286636009609,0.21085155452407145,-0.002239645717137808,-0.006349631461596622,-0.020505771883152002
2024-06-18,65140.74609375,66556.703125,64066.95703125,66490.9765625,39481285950,23.438069378692063,-324.91046400755295,207.64472058898428,71543.87620894854,64769.91480667646,-0.020505771883152002,0.2744176111242598,6773.961402272078,0.05474363744515911,-0.004987822269335764,-0.004726545313778395,-0.002773987515326679
2024-06-19,64960.296875,65695.3515625,64693.30078125,65146.66015625,21103423504,19.019268796188456,-473.4910024649289,71.41757597820165,71659.76706745803,64313.55441691695,-0.002773987515326679,-0.6263915075281706,7346.212650541078,0.08803753564570788,-0.007288929165087485,-0.007038862698010921,-0.002028534277712279
2024-06-20,64828.65625,66438.9609375,64547.84765625,64960.296875,25641109124,19.40018887751752,-595.0055938208097,-61.86705798160063,71786.08146704723,63920.96423607777,-0.002028534277712279,0.1947616099880927,7865.117230969459,0.11540730891435541,-0.00917812628301716,-0.004186059677518128,-0.011362664075990998
2024-06-21,64096.19921875,65007.546875,63378.89453125,64837.98828125,26188171739,20.869729678379002,-741.8582636857318,-197.86529912242688,71950.2933560243,63395.678518975685,-0.011362664075990998,0.021110959801446377,8554.614837048612,0.08188804675815385,-0.011574138134991266,-0.004205392487604309,0.002436781820078235
2024-06-22,64252.578125,64475.46875,63929.7578125,64113.86328125,9858198793,22.310073205188573,-835.9848784524074,-325.489214988423,72039.85923119371,62956.210300056286,0.002436781820078235,-0.9770043747525127,9083.648931137424,0.14271443499977324,-0.013010915714946768,-0.004246093229948275,-0.016821441362000096
2024-06-23,63180.796875,64491.703125,63180.796875,64248.96484375,11170471802,17.185495673628083,-985.7021278741449,-457.5317975655674,72101.46884407384,62332.20224967615,-0.016821441362000096,0.12497037677389297,9769.26659439769,0.08686369822381562,-0.015601293060996153,-0.007612898156119637,-0.047042933993412646
2024-06-24,60277.4140625,63292.52734375,58601.69921875,63173.3515625,43152133651,13.41712284506771,-1323.3777798099982,-630.7009940144535,72226.7245434791,61177.91139402089,-0.047042933993412646,1.3514580131010583,11048.813149458205,-0.08150172505767893,-0.02195478688647499,-0.014014078755359498,0.025020978589857558
2024-06-25,61804.640625,62258.26171875,60239.75,60266.28125,29201215431,26.909208757911998,-1451.0272083374002,-794.7662368790429,71772.2243556894,60704.59361306059,0.025020978589857558,-0.3905215308497934,11067.630742628804,0.09939317976179822,-0.023477641705604534,-0.007510257259215275,-0.016203198264060435
2024-06-26,60811.27734375,62434.13671875,60695.1875,61789.67578125,22506003064,19.17824068447534,-1613.7441766755364,-958.5618248383416,71352.16318419568,60130.06611267933,-0.016203198264060435,-0.2604282562880126,11222.097071516357,0.06070266784624818,-0.026536922872931433,-0.009428715937605811,0.01296454786345771
2024-06-27,61604.80078125,62293.86328125,60585.33203125,60811.2265625,21231745045,27.329230343968305,-1659.5377189441497,-1098.7570036595034,70986.70998665119,59721.74079459881,0.01296454786345771,-0.05828460700539588,11264.969192052376,0.16716068677573961,-0.026938447943966822,-0.007286847060295813,-0.021073812008611803
2024-06-28,60320.13671875,62126.09765625,59985.40234375,61612.8046875,24952866877,26.090668322673125,-1778.9840636680601,-1234.8024156612148,70642.78518756131,59167.1019218137,-0.021073812008611803,0.16149125102237255,11475.683265747612,0.10047635249552014,-0.029492374527643903,-0.008674153907813072,0.009359920064692571
2024-06-29,60887.37890625,61097.62109375,60300.96484375,60319.875,12652903396,28.42031314320954,-1807.0439704897217,-1349.2507266269163,70014.6070438971,58919.21873735291,0.009359920064692571,-0.6791020141774661,11095.388306544184,0.17738542487387043,-0.029678465438167042,-0.007685134158582452,0.028989272731724976
2024-06-30,62678.29296875,62892.828125,60632.94921875,60888.4453125,17333226409,35.47186669948782,-1665.570194831591,-1412.5146202678513,69184.82806638666,59065.59888673834,0.028989272731724976,0.3147385548739727,10119.229179648319,0.35701277418215915,-0.026573317745938088,-0.0011407464309074417,0.0027672625269042988
2024-07-01,62851.98046875,63777.2265625,62495.51171875,62673.60546875,25468379421,36.67894449747325,-1521.8926475800035,-1434.3902257302818,68755.56272030786,59046.85915469214,0.0027672625269042988,0.384812398811422,9708.703565615724,0.3919288799313701,-0.02421391714675862,0.0059749959291378356,-0.01318017605629068
2024-07-02,62029.015625,63203.359375,61752.74609375,62844.41015625,20151616992,38.15001024932487,-1457.6308798890896,-1439.0383565620434,68055.02634981836,59126.17833768164,-0.01318017605629068,-0.23415312707922492,8928.848012136725,0.32510770520142057,-0.023499178008906045,0.0005176881225452307,-0.030363202506616574
2024-07-03,60173.921875,62187.703125,59419.38671875,62034.33203125,29756701685,33.83453309923782,-1538.656849591207,-1458.962055167876,67713.7429598648,58809.2140713852,-0.030363202506616574,0.3897698404306397,8904.528888479603,0.1532599670017651,-0.025570160655100344,-0.0015051696263913607,-0.05457904895434864
2024-07-04,56977.703125,60399.67578125,56777.8046875,60147.13671875,41149609230,28.031793195142228,-1839.5732007869883,-1535.0842842916986,67877.82989261864,57741.78807613136,-0.05457904895434864,0.32416005749910703,10136.041816487283,-0.07538297147594848,-0.03228584340704745,-0.011154254886077982,-0.005549607840752043
2024-07-05,56662.375,57497.15234375,53717.375,57022.80859375,55417544033,28.701803833019255,-2079.5244579826904,-1643.972319029897,67835.94608855383,56830.809380196166,-0.005549607840752043,0.2976817920722659,11005.136708357662,-0.01530506931987823,-0.03670026994072681,-0.008936511433526587,0.028552385625087485
2024-07-06,58303.5390625,58472.546875,56038.9609375,56659.07421875,20610320577,34.292182076745576,-2112.9031022758136,-1737.7584756790804,67307.5988591331,56525.60582836689,0.028552385625087485,-0.9891042736959712,10781.993030766207,0.16489838465482654,-0.036239705792316175,-0.006194730639184459,-0.043009217189319104
2024-07-07,55849.109375,58371.12109375,55793.32421875,58239.4296875,20553359505,31.958722852227993,-2310.7707547587415,-1852.3609314950127,66971.79447227465,55797.29146522535,-0.043009217189319104,-0.0027675420780310157,11174.503007049294,0.004637155651750567,-0.041375248067843366,-0.01648022919933361,0.01521053379065403
2024-07-08,56705.09765625,58131.3359375,54321.01953125,55849.57421875,39766159899,40.22451338650752,-2371.177733501667,-1956.1242918963435,66629.1469432274,55296.374150522584,0.01521053379065403,0.6599918896826826,11332.772792704818,0.12430528093125813,-0.04181595361806624,-0.014702619018797937,0.022737964112148894
2024-07-09,58009.2265625,58239.1953125,56316.875,56704.59765625,27849512607,39.485636742582464,-2287.4500948842833,-2022.3894524939315,66098.960790614,55131.45327188599,0.022737964112148894,-0.3562008312518072,10967.507518728009,0.2623908199469832,-0.03943252186649568,-0.009571456137592282,-0.0046086733698468725
2024-07-10,57742.49609375,59359.43359375,57178.4140625,58033.8828125,26175260526,41.14199454633853,-2217.061354501624,-2061.3238328954703,65509.02687342875,55012.77117344625,-0.0046086733698468725,-0.06200075562894564,10496.255699982503,0.26006654166285603,-0.038395661851923245,-0.005892237689482326,-0.006909245978268808
2024-07-11,57344.9140625,59299.43359375,57120.37890625,57729.890625,28707803842,37.41624627777261,-2168.363770033706,-2082.7318203231175,64998.41249503763,54848.257036212366,-0.006909245978268808,0.09235428673070487,10150.155458825262,0.24597229435699114,-0.03781266055557106,0.0009177341642433653,0.009623984558104185
2024-07-12,57899.46484375,58532.5546875,56590.17578125,57341.1953125,25604805221,42.52695612493615,-2061.2620244957725,-2078.4378611576485,64322.470278573535,54888.88792455146,0.009623984558104185,-0.11438895885894668,9433.582354022074,0.3191340051125582,-0.03560070943761542,0.003085390221222826,0.022753003242582143
2024-07-13,59231.953125,59787.078125,57796.44140625,57908.73828125,17080061806,45.119982681131305,-1847.5648735102732,-2032.2632636281735,63815.338860724136,55001.13496740087,0.022753003242582143,-0.40486823084450435,8814.203893323269,0.4800000327656913,-0.03119203024778314,0.0022569070237220628,0.025927850263005585
2024-07-14,60787.79296875,61329.52734375,59225.25,59225.25,22223416061,44.34868490807599,-1534.9708802337555,-1932.80478694929,63867.876732559234,54999.634986190766,0.025927850263005585,0.26323470354165873,8868.241746368469,0.6526838293429273,-0.025251301375966366,0.012105059516911305,0.06499862039498035
2024-07-15,64870.15234375,64870.15234375,60704.9296875,60815.45703125,38094526099,54.89019836343446,-946.910213077128,-1735.6258721748577,64546.9810772533,54627.081813371704,0.06499862039498035,0.5389240893547936,9919.899263881598,1.0325780794642072,-0.014597009238692797,0.01921764331752935,0.0034931297826731934
2024-07-16,65097.1484375,65354.33984375,62487.96875,64784.41796875,41617346768,57.65544279309889,-457.27997106749535,-1479.9566919533852,65322.56443684732,54280.08556315267,0.0034931297826731934,0.08844647009799775,11042.47887369465,0.9795864676829686,-0.0070245776050625545,0.01646838127046139,-0.01514324245482322
2024-07-17,64118.79296875,66066.734375,63896.0859375,65091.83203125,32525071311,60.29338827559931,-146.50081633268564,-1213.2655168292454,65728.50174064221,54125.5474781078,-0.01514324245482322,-0.24650585307234993,11602.954262534411,0.8612673345536856,-0.0022848342825805643,0.014963442829750484,-0.0022597141603525025
2024-07-18,63974.06640625,65104.66015625,63246.1640625,64104.73828125,27239305337,71.71344879933255,87.11151149467332,-953.1901111644617,66186.90621714361,54032.53597035639,-0.0022597141603525025,-0.177350237516664,12154.37024678722,0.8179387524023015,0.0013616691323245773,0.015627661660881385,0.041879420109635544
2024-07-19,66710.15625,67442.640625,63329.34375,63972.32421875,37003855410,77.11010812289763,487.4119665703038,-665.0696956175086,67155.09615434754,53646.62376752746,0.041879420109635544,0.3063611281084438,13508.472386820082,0.9670621598351397,0.007306413205564989,0.020235581025385863,0.006774946348331885
2024-07-20,67163.6484375,67610.734375,66299.6171875,66709.921875,19029581250,75.5426461519612,831.6591418680691,-365.7239281203931,67969.8185104585,53280.4369582915,0.006774946348331885,-0.6650274311494477,14689.381552166997,0.9451188554061,0.012382578391970179,0.017953001469064398,0.014645375370143716
2024-07-21,68154.5234375,68372.90625,65842.296875,67164.9140625,26652190004,88.74451090341454,1170.9350297296478,-58.39213655038492,68923.91264302727,52856.59712259773,0.014645375370143716,0.33687664740929213,16067.315520429547,0.9521146389046788,0.01718059155388908,0.016341219341512704,-0.00838776669011285
2024-07-22,67585.25,68480.0625,66611.296875,68152.9765625,42649109453,84.8868455457544,1377.9933567752742,228.88496211474688,69734.16830486711,52601.964898257895,-0.00838776669011285,0.4701350696221227,17132.203406609216,0.8745684805470508,0.020388965887901192,0.005857449757927962,-0.024831503546284737
2024-07-23,65927.671875,67779.015625,65484.4609375,67584.8046875,35605668666,74.82747961011323,1392.2864593691338,461.56526156562427,70264.31696932043,52647.19123380458,-0.024831503546284737,-0.18050153599509441,17617.125735515845,0.75383923805581,0.02111839262288729,0.001811073568076829,-0.008462196557576013
2024-07-24,65372.1328125,67113.984375,65146.99609375,65927.859375,27470942309,73.49641548560264,1343.3017403544218,637.9125573233838,70585.0343178533,53165.9168540217,-0.008462196557576013,-0.2593760546505605,17419.117463831593,0.7007367614244597,0.020548537772314582,0.002765508696255002,0.006177613679945953
2024-07-25,65777.2265625,66112.421875,63473.47265625,65375.875,38315761670,75.95634631099345,1321.9302882448392,774.7161035076749,70843.8858789073,53818.5504492177,0.006177613679945953,0.332732540662042,17025.3354296896,0.702404728686137,0.020097081578664185,0.003970841244869067,0.03193999219319689
2024-07-26,67912.0625,68207.6015625,65743.765625,65771.8125,30488630457,78.08812387583399,1460.4218431362533,911.8572514333906,71450.82824763117,54172.460424243814,0.03193999219319689,-0.22850750116936805,17278.367823387358,0.7951909703622569,0.02150460152990131,0.002550922971092116,-0.001454798896138238
2024-07-27,67813.3359375,69398.5078125,66705.21875,67911.8125,34691905492,75.86345981053849,1544.4080154228504,1038.3674042312828,71667.56668331743,55152.14464480757,-0.001454798896138238,0.1291525464019439,16515.42203850986,0.766628383045187,0.02277439966743784,0.0013752450790249556,0.006504525639670648
2024-07-28,68255.8671875,68301.8515625,67085.828125,67808.65625,18043166945,74.12718448390791,1627.9106943890001,1156.2760622628261,71878.23550023467,56096.552781015336,0.006504525639670648,-0.6537393381148535,15781.682719219338,0.7704700837557689,0.023850121044057683,0.00021226654610023165,-0.021262245664086656
2024-07-29,66819.9140625,69987.5390625,66532.59375,68259.0546875,40780682628,57.59840852343601,1560.2323651529223,1237.0673228408455,71885.37005907734,56970.48697217265,-0.021262245664086656,0.8154414537880714,14914.883086904687,0.6603757490378531,0.023349811011333522,-0.0016269447358960264,-0.009305346230673276
2024-07-30,66201.015625,66987.671875,65323.19140625,66819.0546875,31380492109,54.17436770715405,1440.0567917895896,1277.6652166305944,71641.48762092857,58060.22136344643,-0.009305346230673276,-0.26202207485840967,13581.266257482144,0.5994134940891888,0.02175279001680104,0.0005910777377627537,-0.024183450577486682
2024-07-31,64619.25,66810.2109375,64532.046875,66201.2734375,31292785994,51.80992157482122,1203.310503065717,1262.794273917619,71020.26754113287,59408.87503699213,-0.024183450577486682,-0.0027988378750390466,11611.392504140735,0.4487295525622227,0.018621548579807363,-0.001654815693653056,0.011359846111043197
2024-08-01,65357.5,65593.2421875,62248.94140625,64625.83984375,40975554494,54.79729164109938,1063.0043167086696,1222.8362824758292,70262.88576728373,60912.06032646628,0.011359846111043197,0.2695880654770311,9350.825440817454,0.4754061234132741,0.01626445804549852,-0.0009144967749248783,-0.06221701386487153
2024-08-02,61415.06640625,65523.22265625,61184.89453125,65353.5,43060875727,33.055979368324955,626.4676809821103,1103.5625621770855,69816.17375535562,61577.083666519386,-0.06221701386487153,0.04963917206212682,8239.09008883623,-0.01966446033754327,0.010200553669324973,-0.014365497640363224,-0.012039486792085179
2024-08-03,60680.09375,62148.37109375,59836.52734375,61414.80859375,31753030589,29.62008505639075,218.68226809398038,926.5865033604646,69837.99818756976,61544.48931243023,-0.012039486792085179,-0.3046266566903493,8293.508875139523,-0.10422555464083788,0.0036038551455596654,-0.015877595911212787,-0.04315788272420938
2024-08-04,58116.9765625,61062.98828125,57210.8046875,60676.09375,31758917219,21.28678751428056,-307.7650221242875,679.7161982635142,70706.28289178449,60000.88703009051,-0.04315788272420938,0.00018537079148174985,10705.395861693978,-0.17597765574754118,-0.005295613094967383,-0.02297222567748136,-0.07363198582120066
2024-08-05,53991.45703125,58268.828125,49121.23828125,58110.296875,108991085584,17.688010154103566,-1045.8177047354766,334.6094176637161,72181.9153122889,57414.68546896111,-0.07363198582120066,1.2330925520546392,14767.22984332779,-0.23181249794507505,-0.019370058935993563,-0.030453617128497645,0.03713846509911699
2024-08-06,56034.31640625,57059.91796875,53973.2734375,53991.34765625,49300484106,26.90680125835962,-1449.1828169837245,-22.149029265772015,72754.85153421987,56033.30159078014,0.03713846509911699,-0.7933321946568995,16721.549943439728,6.068907925965699e-05,-0.025862416282142496,-0.023818786938527608,-0.018131945621423673
2024-08-07,55027.4609375,57726.8828125,54620.5078125,56040.6328125,41637562185,26.351589803085588,-1829.0136652040455,-383.52195645342675,73300.5200095987,54592.97256852631,-0.018131945621423673,-0.1689312035906304,18707.547441072384,0.023225298256881462,-0.03323819842026571,-0.022954286230518612,0.11461585743295792
2024-08-08,61710.13671875,62673.765625,54766.7265625,55030.02734375,45298472567,42.77588397285965,-1572.6675305167882,-621.3510712660991,73006.70739465898,54386.783230341025,0.11461585743295792,0.08427061674862518,18619.924164317956,0.39330737460481136,-0.025484752005725975,-0.008203427470245076,-0.013541633552667406
2024-08-09,60880.11328125,61751.86328125,59587.859375,61728.20703125,33425553115,36.902479594273345,-1420.1171005707438,-781.1042771270281,72623.75758027709,54141.37952909792,-0.013541633552667406,-0.30395264295850016,18482.37805117917,0.36460317679313936,-0.023326452991474882,-0.0012498017113587738,0.0010785754296191252
2024-08-10,60945.8125,61464.51171875,60287.56640625,60881.23046875,15745822278,37.1929779575562,-1279.1728989683252,-880.7180014952876,72039.26209205695,54005.00392356806,0.0010785754296191252,-0.7527455928986662,18034.258168488886,0.384867983566919,-0.020988692192237573,0.0006242071774561268,-0.03721354652343721
2024-08-11,58719.484375,61778.66015625,58348.82421875,60944.890625,22759754812,33.32529188938871,-1331.7678860437154,-970.9279784049733,71522.84111280524,53634.84834031976,-0.03721354652343721,0.3684187585452955,17887.99277248548,0.28424855149208905,-0.02268016996775128,0.0014733980632807228,0.01075659964060797
2024-08-12,59354.515625,60680.33203125,57688.8984375,58719.39453125,37078637820,36.57033347790292,-1307.1401792105462,-1038.1704185660878,71159.05800654885,53341.31582157614,0.01075659964060797,0.4880471673360304,17817.742184972703,0.33748382600883003,-0.02202259028561563,0.013528910272110528,0.02092453927711503
2024-08-13,60609.56640625,61572.3984375,58506.25390625,59356.20703125,30327698167,40.166488303679365,-1172.8307718858705,-1065.1024892300445,70823.6408304995,53200.476357000494,0.02092453927711503,-0.20097957790071241,17623.164473499004,0.42041768720881956,-0.019350588387725694,0.011212635154681674,-0.0313783013916643
2024-08-14,58737.26953125,61687.7578125,58472.875,60611.05078125,29961696180,39.760180235440366,-1203.594026581508,-1092.8007967003373,70400.51256740044,52919.60891697457,-0.0313783013916643,-0.01214165400997496,17480.90365042587,0.33280090838629894,-0.020491147038102606,0.009320298616075872,-0.02024486209713598
2024-08-15,57560.09765625,59838.6484375,56161.59375,58733.26171875,35682112440,36.629984665709934,-1307.8855691312929,-1135.8177511865283,69543.49788151754,52741.427118482454,-0.02024486209713598,0.17472973924998317,16802.070763035088,0.286790277563194,-0.022722087390157162,-0.00994551845965183,0.022911430101342656
2024-08-16,58894.10546875,59847.359375,57110.01953125,57560.2734375,29350938673,45.25271537801087,-1268.2742106545556,-1162.309043080134,68534.59354595536,52858.408407169634,0.022911430101342656,-0.19532498330921938,15676.185138785724,0.38502333368381647,-0.02153482425040854,-0.004737937937650391,0.009881840637262366
2024-08-17,59478.97265625,59694.66796875,58814.83203125,58893.53125,13589684021,47.725279025742054,-1176.130331242246,-1165.0733007125564,67250.97961731679,53264.332882683215,0.009881840637262366,-0.770013550760447,13986.64673463357,0.4443266417945427,-0.019773884428695813,-0.003480328622272786,-0.01687023792647201
2024-08-18,58483.96484375,60262.71875,58445.40234375,59468.1328125,17740625837,50.738900758791125,-1169.9084810617496,-1166.0403367823951,66147.32275462303,53534.39482350196,-0.01687023792647201,0.26654627751026466,12612.92793112107,0.39242038385354616,-0.020003918752556568,-0.0005741416798491851,0.017113663556006083
2024-08-19,59493.453125,59612.66015625,57864.7109375,58480.7109375,25911207712,62.66727461915284,-1071.172542033586,-1147.0667778326333,65055.90203811803,53955.059290006975,0.017113663556006083,0.37881835074103243,11100.842748111056,0.4989165201835646,-0.018004880970398138,0.000334010308064831,-0.008112024604757306
2024-08-20,59012.79296875,61396.328125,58610.8828125,59493.453125,31613400008,57.38886707462146,-1019.9514906778059,-1121.643720401668,64227.35899350115,54222.956631498855,-0.008112024604757306,0.19890547629694086,10004.402362002293,0.4787728605801519,-0.017283565806111182,-0.00381407024648836,0.035987487774751865
2024-08-21,61175.19140625,61834.3515625,58823.4453125,59014.98828125,32731154072,64.42404153868516,-795.698637869973,-1056.454703895329,63225.7305614319,54806.3542041931,0.035987487774751865,0.03474626666942863,8419.376357238798,0.7564499948479385,-0.013006884319918614,0.005809613920142521,-0.013052114105543453
2024-08-22,60381.9140625,61408.109375,59815.25390625,61168.31640625,27625734377,45.69354750871043,-674.2155511217279,-980.0068733406088,63074.29379670457,54854.47573454543,-0.013052114105543453,-0.16957960499682367,8219.818062159145,0.6724526365613958,-0.011165852583339147,0.006837149347512883,0.05966667778992524
2024-08-23,64094.35546875,64947.0625,60372.05078125,60380.953125,42530509233,58.78029448408943,-275.20395444009046,-839.0462895605052,63792.27129067678,54477.92441244823,0.05966667778992524,0.4314739394275386,9314.346878228549,1.0324321374350234,-0.004293731521713633,0.012087899017310394,0.0013196308130850045
2024-08-24,64178.9921875,64513.7890625,63619.91796875,64103.87109375,21430585163,58.82289735944342,47.299843366781715,-661.7770629750479,64580.20118230996,54296.19608331504,0.0013196308130850045,-0.6854025677959481,10284.005098994923,0.9609870871368847,0.000736998848916082,0.010864726185285056,0.0024052261605437084
2024-08-25,64333.54296875,64996.421875,63833.51953125,64176.3671875,18827683555,67.27308389662392,311.7635667240975,-467.0689370352189,64865.87945402875,55044.72640534626,0.0024052261605437084,-0.1294907986502434,9821.153048682492,0.9457969463828784,0.004846050012752081,0.01361836391200159,-0.022842512079134417
2024-08-26,62880.66015625,64489.70703125,62849.55859375,64342.2265625,27682040631,60.32924775442678,399.5121448049249,-293.75272066719015,65007.75090105883,55587.48933331617,-0.022842512079134417,0.3854555340016007,9420.261567742666,0.7742004582873475,0.006353497940578086,0.00791033882126723,-0.05519287756090793
2024-08-27,59504.1328125,63210.796875,58116.75,62879.70703125,39103882198,47.119798806968475,194.35557719241478,-196.13106109526916,64553.77945423291,56489.127967642096,-0.05519287756090793,0.34543790076357733,8064.65148659081,0.3738543258652421,0.003266253418142187,0.0011845026846742835,-0.00804021450926693
2024-08-28,59027.625,60236.44921875,57890.67578125,59507.92578125,40289564698,50.815860742907326,-6.606522956331901,-158.2261534674817,64431.612076812045,56343.044173187955,-0.00804021450926693,0.029870743911575647,8088.567903624091,0.331898162789594,-0.00011192256094213346,-0.005105169070185544,0.006089656742738993
2024-08-29,59388.1796875,61184.08203125,58786.2265625,59027.46875,32224990582,55.38373966568031,-135.21797651496308,-153.624518076978,64373.74693514757,56251.71595547743,0.006089656742738993,-0.2233502383578363,8122.030979670133,0.3861674179614572,-0.002276849993154845,-0.0023706303775737655,-0.004534788620027655
2024-08-30,59119.4765625,59896.88671875,57768.53125,59388.6015625,32292756405,50.70815722992998,-255.8759973769702,-174.07481393697645,64304.565206702995,56138.26409017201,-0.004534788620027655,0.002100688603832659,8166.301116530987,0.36506276584545466,-0.004328116760412499,-0.011542268436138465,-0.0025333050495830443
2024-08-31,58969.8984375,59432.59375,58768.78515625,59117.48046875,12403470760,48.35540753330186,-359.42482714205835,-211.14481657799286,64299.190589404,56168.68011372099,-0.0025333050495830443,-0.9568666117251828,8130.5104756830115,0.3445316665117936,-0.006095055895729571,-0.012092687845091044,-0.028281771257721453
2024-09-01,57325.48828125,59062.0703125,57217.82421875,58969.80078125,24592449997,46.40818483805161,-567.6348364065343,-282.44282054370115,64387.01131699492,55877.956651755085,-0.028281771257721453,0.6844631516942413,8509.054665239833,0.1701166212279758,-0.009901962520085435,-0.01647654461912892,0.030696731082648924
2024-09-02,59112.48046875,59403.0703125,57136.02734375,57326.96875,27036454524,48.8731367512776,-581.741480144723,-342.30255246390556,64329.45906595404,55785.80030904595,0.030696731082648924,0.0947466377627356,8543.658756908088,0.3893741843345307,-0.009841263224476978,-0.008828081310302731,-0.028857442236703133
2024-09-03,57431.0234375,59815.05859375,57425.16796875,59106.19140625,26666961053,45.63165783468278,-720.2974857926456,-417.90153912965354,64387.31202722369,55597.32273840131,-0.028857442236703133,-0.013760737470933931,8789.989288822384,0.20861239289907582,-0.01254195803382327,-0.005065876263987759,0.009367548966836616
2024-09-04,57971.5390625,58511.5703125,55673.1640625,57430.34765625,35627680312,40.28197078577714,-777.5261869607639,-489.82646869587563,64363.57683162753,55662.202074622466,0.009367548966836616,0.28969748715439936,8701.374757005062,0.26539909524275246,-0.013412205360332094,-0.0025790529102586814,-0.031738730145491646
2024-09-05,56160.48828125,58300.58203125,55712.453125,57971.703125,31030280656,37.93934074921091,-957.9740785516187,-583.4559906670243,64535.68602548261,55216.73116201739,-0.031738730145491646,-0.13815934950089864,9318.954863465216,0.10127285012748448,-0.017057794685724846,-0.007983108180005916,-0.04017885990554018
2024-09-06,53948.75390625,56976.109375,52598.69921875,56160.19140625,49361693566,18.29519636838242,-1264.868199273209,-719.7384323882612,64961.820643337596,54237.5746691624,-0.04017885990554018,0.46421116641703036,10724.245974175195,-0.026931568299335577,-0.02344573521514967,-0.013075118363650563,0.003532917856170691
2024-09-07,54139.6875,54838.14453125,53740.0703125,53949.0859375,19061486526,18.834420909004038,-1475.6666886645035,-870.9240836435097,65261.92052947791,53503.04704864709,0.003532917856170691,-0.951504802397772,11758.873480830822,0.05414127912769042,-0.027256653239169572,-0.01220851509140003,0.012880905395702242
2024-09-08,54841.56640625,55300.859375,53653.7578125,54147.93359375,18268287531,21.50194424389811,-1568.0151457954198,-1010.3422960738917,65369.088112089325,52930.69079416067,0.012880905395702242,-0.0425032523069106,12438.397317928655,0.15362715655777037,-0.02859172792731758,-0.006328132712339501,0.03894551366544674
2024-09-09,57019.53515625,58041.125,54598.43359375,54851.88671875,34618096173,33.13715335843574,-1448.7577102621362,-1098.0253789115407,65342.13468170122,52758.31844329878,0.03894551366544674,0.6392099213233711,12583.816238402447,0.33862674344741217,-0.025408094020621556,-0.005149735200511241,0.010973955159393974
2024-09-10,57648.7109375,58029.9765625,56419.4140625,57020.09765625,28857630507,43.65947842486252,-1288.6216775336434,-1136.1446386359612,65112.50020861944,52635.30486950556,0.010973955159393974,-0.1820021091610219,12477.195339113881,0.4018055285451741,-0.022353000727643433,0.0005404644275026309,-0.005314110423381013
2024-09-11,57343.171875,57991.3203125,55567.33984375,57650.2890625,37049062672,44.17567153607648,-1172.8473129738923,-1143.4851735035475,64953.93426785249,52489.99659152251,-0.005314110423381013,0.24986860546018635,12463.93767632998,0.38937737090050356,-0.020453129372238657,-0.0015569154853856018,0.013576697629400721
2024-09-12,58127.01171875,58534.359375,57330.1015625,57343.171875,33835707949,45.76327991334945,-1006.2465861054516,-1116.0374560239284,64121.035426232156,52726.16105814285,0.013576697629400721,-0.0907263593851598,11394.87436808931,0.47397193563901424,-0.017311170080000295,0.004916717053884737,0.0411907229072504
2024-09-13,60571.30078125,60648.0234375,57650.11328125,58130.32421875,32490528356,54.255212210486505,-669.2657314523312,-1026.683111109609,63373.63993057,53112.78741317999,0.0411907229072504,-0.04056808137536036,10260.852517390013,0.7268902223697935,-0.01104922170764251,0.016540943169997678,-0.009391286288541528
2024-09-14,60005.12109375,60656.72265625,59517.8828125,60569.1171875,16428405496,52.96184692949939,-442.78776363062207,-909.9040416138116,62382.10378467548,53671.481371574526,-0.009391286288541528,-0.6819367326467505,8710.622413100951,0.7271167801566999,-0.007379166237142081,0.014694628292181646,-0.013798343779418605
2024-09-15,59182.8359375,60381.91796875,58696.30859375,60000.7265625,18120960867,55.57633456811176,-325.8971430309248,-793.1026618972343,61603.03795878733,54080.76477558767,-0.013798343779418605,0.09805744817558142,7522.273183199664,0.6782618814358777,-0.005506615860299231,0.010883306981450097,-0.016874951656180977
2024-09-16,58192.5078125,59205.51171875,57501.33984375,59185.2265625,32032822113,47.09919134106528,-309.6027791077504,-696.4026853393376,61460.37105354221,54092.26918083279,-0.016874951656180977,0.5696917409803123,7368.10187270942,0.5564850625713328,-0.005320320273965687,0.0029089547926461367,0.035717088660707746
2024-09-17,60308.5390625,61316.08984375,57628.0703125,58192.5078125,38075570118,58.83120482759679,-124.50808909263287,-582.0237660899967,61658.12020347766,54022.611437147345,0.035717088660707746,0.17281180405197827,7635.508766330313,0.8232493495483076,-0.002064518408638625,0.006443688149976675,0.02199433056839477
2024-09-18,61649.6796875,61664.06640625,59218.25390625,60309.0,40990702891,60.759594921712164,128.91359070943872,-439.8362947301096,62085.26482882135,53821.616811803644,0.02199433056839477,0.07377241001323374,8263.64801701771,0.9472890011257401,0.0020910666748456285,0.010344894005944644,0.020721119053916288
2024-09-19,62940.45703125,63872.44140625,61609.8671875,61651.15625,42710252573,70.45597151462667,428.9622323269068,-266.07658931870634,62820.80311329977,53468.17657420023,0.020721119053916288,0.04109371627494588,9352.62653909954,1.0127936165791493,0.006815365705303453,0.011365525638018296,0.0040040116474054175
2024-09-20,63192.9765625,64119.53125,62364.60546875,62941.42578125,35177164222,81.63037815241738,679.2986266018343,-77.00154613459821,63542.4032471561,53168.884252843905,0.0040040116474054175,-0.19404187012387847,10373.518994312195,0.9663155111733388,0.01074959059619521,0.006053138315183298,0.0031893030164782386
2024-09-21,63394.83984375,63543.359375,62783.10546875,63184.33984375,14408616220,81.64410741574439,883.7928881237531,115.15734071707203,64283.815810624146,53034.406845625854,0.0031893030164782386,-0.8925707521317127,11249.408964998293,0.9209757624030692,0.013941085588386179,0.007850365358757551,0.003996604788029707
2024-09-22,63648.7109375,63993.421875,62440.7265625,63396.8046875,20183348802,81.06399353872837,1054.1893012036235,302.9637328143823,64937.262308145495,52834.583394979505,0.003996604788029707,0.3370315714847143,12102.67891316599,0.8935317230266575,0.016562618247505233,0.010392500868393025,-0.005023067643079772
2024-09-23,63329.80078125,64733.55859375,62628.078125,63643.1015625,31400285425,75.61660188361378,1150.2370847282727,472.4184031971604,65502.59380702517,52859.129630474825,-0.005023067643079772,0.4419590351024218,12643.464176550347,0.8281489158797278,0.01816265124062766,0.012085627155978912,0.015234244172186632
2024-09-24,64301.96875,64695.21484375,62737.41796875,63326.83984375,29938335243,76.27722474107453,1289.931943005664,635.9211111588611,66187.35948768428,52807.40691856571,0.015234244172186632,-0.0476772085016872,13379.95256911857,0.8590883840622354,0.020060535751569252,0.00915950651476161,-0.01818596455888868
2024-09-25,63143.14453125,64804.50390625,62945.375,64302.58984375,25078377700,71.46067090929326,1292.2375843995615,767.1844058070012,66532.06683408606,53160.96519716395,-0.01818596455888868,-0.1771337456747797,13371.10163692211,0.7465487590432452,0.020465207965055077,0.0034194643537211163,0.03176403065562404
2024-09-26,65181.01953125,65790.796875,62669.26953125,63138.546875,36873129847,73.88426206125965,1441.8831714244152,902.124158930484,66891.69461884955,53924.56397490045,0.03176403065562404,0.385477068695744,12967.130643949102,0.8680760505487252,0.022121212306799334,0.00499702315396508,0.009309629648678252
2024-09-27,65790.6640625,66480.6953125,64852.9921875,65180.6640625,32058813449,70.17937903747818,1591.3277600886213,1039.9648791621116,67190.25360791701,54791.10264208299,0.009309629648678252,-0.1399109611882079,12399.150965834022,0.8871221465667707,0.0241877443063485,0.005754968582718342,0.0014730503557602514
2024-09-28,65887.6484375,66255.53125,65458.03515625,65792.1796875,15243637984,73.59954365735437,1698.0158322889183,1171.575069787473,67394.3508239999,55691.61362912509,0.0014730503557602514,-0.743409901540105,11702.737194874819,0.8712521385885147,0.025771383143224937,0.005509789631187201,-0.0038372626776130244
2024-09-29,65635.3046875,66069.34375,65450.015625,65888.8984375,14788214575,77.12652889630438,1742.1227597132092,1285.6846077726204,67689.9876927673,56257.55371348271,-0.0038372626776130244,-0.03033168358715863,11432.433979284593,0.8202759789392897,0.026542464730037126,0.004390665707523953,-0.03576247704956806
2024-09-30,63329.5,65635.0546875,62873.6171875,65634.65625,37112957475,69.44540228695331,1572.8873829406366,1343.125162806224,67622.9057491935,56892.714563306516,-0.03576247704956806,0.9201356156783822,10730.191185886979,0.5998761182521098,0.02483656720707785,-6.784934029444816e-07,-0.04015297041725014
2024-10-01,60837.0078125,64110.98046875,60189.27734375,63335.60546875,50220923500,51.945013767260825,1223.5396353787582,1319.2080573207309,67331.04859716722,57533.95530908279,-0.04015297041725014,0.3024655759251398,9797.093288084427,0.337146172470784,0.02011176550874616,-0.00791313772046534,-0.0033625289659382266
2024-10-02,60632.78515625,62357.6875,59996.94921875,60836.32421875,40762722398,45.91552875721931,919.5993974983285,1239.2863253562505,67108.5024415698,58007.078808430204,-0.0033625289659382266,-0.20866374560179177,9101.423633139595,0.2884940261717884,0.015166702224358179,-0.005795504064329562,0.0020860853737759526
2024-10-03,60759.40234375,61469.0390625,59878.8046875,60632.484375,36106447279,40.33575191952201,681.090332663247,1127.64712681765,67101.3685245451,58033.02288170489,0.0020860853737759526,-0.12129655266778382,9068.345642840213,0.3006479427917905,0.01120962857419066,-0.010035210533165003,0.021300283559387175
2024-10-04,62067.4765625,62465.9921875,60459.94140625,60754.625,29585472513,45.439514625373775,590.8103439586848,1020.2797702458569,67050.33420447371,58290.29274865129,0.021300283559387175,-0.19918799700705542,8760.041455822415,0.4311833263457615,0.00951883944184129,-0.0083222599744923,0.0003620026165009027
2024-10-05,62089.94921875,62371.0234375,61689.58203125,62067.609375,13305410749,44.63463022295262,515.1379681906255,919.2514098348107,66890.71567430069,58740.62260694931,0.0003620026165009027,-0.7991126716410871,8150.093067351379,0.41095562763784993,0.0082966401917279,-0.008480981080100777,0.011672701783517451
2024-10-06,62818.953125,62959.5703125,61833.1484375,62084.98828125,14776233667,46.716544985086585,508.1341339057908,837.0279546490067,66493.87284963009,59600.109962869916,0.011672701783517451,0.1048492809963055,6893.762886760174,0.46692107271510175,0.008088866633843492,-0.006265271871367851,-0.00931261159307203
2024-10-07,62236.66015625,64443.70703125,62152.55078125,62819.109375,34253562610,45.7626333318999,450.40537581760873,759.7034388827271,66368.50760840089,59918.28731347411,-0.00931261159307203,0.8407705203820142,6450.220294926781,0.35942537413783754,0.007236978569975169,-0.0024867196632969908,-0.0016835665376192953
2024-10-08,62131.96875,63174.3046875,61843.5625,62221.64453125,28134475157,40.98188845281725,391.6920158389112,686.1011542739641,66352.5594990718,59982.46432905322,-0.0016835665376192953,-0.19679487884948055,6370.095170018576,0.33743678290134177,0.006304194502752034,0.003008909462364559,-0.025261155468464205
2024-10-09,60582.1015625,62508.8359375,60314.61328125,62131.7265625,27670982363,39.69182401605468,217.5916645355028,592.3992563262718,66438.15723633021,59661.031044919786,-0.025261155468464205,-0.016611402271933504,6777.126191410425,0.13590871581341898,0.0035916823438523777,-0.00011946575228200964,-0.005090366975952731
2024-10-10,60274.5,61236.72265625,58895.20703125,60581.9296875,30452813570,27.05542673283206,54.17056192416203,484.75351744584987,66510.56204923833,59296.77857576167,-0.005090366975952731,0.09579409357135031,7213.783473476658,0.13553517759897246,0.0008987310043909452,-0.0011446732308146785,0.03537847936044716
2024-10-11,62445.08984375,63400.87109375,60046.125,60275.4609375,30327141594,36.348003671277226,98.66922334634,407.53665862594795,66460.85435129618,59251.51127370383,0.03537847936044716,-0.0041353158208881115,7209.343077592348,0.44297774924484024,0.0015800957864458194,0.0008664975979081771,0.01190629833225701
2024-10-12,63193.0234375,63448.78515625,62443.26953125,62444.6171875,16744110886,39.55896090906835,192.07262967885617,364.44385283652963,66422.70561328683,59244.09126171317,0.01190629833225701,-0.5939964661843377,7178.614351573662,0.5500967153808192,0.0030394594091359213,0.002515682700159049,-0.005421094129359056
2024-10-13,62851.375,63272.65234375,62035.63671875,63192.9453125,18177529690,39.28706714511792,235.80906834758935,338.7168959387416,66391.22361508125,59227.73068179375,-0.005421094129359056,0.08213959132497242,7163.492933287504,0.5058488019674453,0.0037518521806020845,7.371185546240515e-05,0.049580549288290116
2024-10-14,66046.125,66482.4921875,62442.15234375,62848.3984375,43706958056,59.78452149748246,522.2400779216987,375.42153233533304,66708.95230401811,59084.41761785688,0.049580549288290116,0.8773211137976374,7624.534686161227,0.913066523886097,0.007907202397138343,0.008487020552799854,0.014952642422039789
2024-10-15,67041.109375,67881.6796875,64809.1953125,66050.3671875,48863870879,75.04734275015645,820.0723566145607,464.3516971911786,67331.47820703198,58851.68819921803,0.014952642422039789,0.1115309738998201,8479.79000781395,0.9657575444951614,0.012232380464162937,0.010863621832751151,0.008490108547449185
2024-10-16,67612.71875,68375.2890625,66758.7265625,67042.4609375,38195189534,77.36770216510898,1089.669649247262,589.4152876023952,67828.21529774762,58598.121030377384,0.008490108547449185,-0.24632870732255657,9230.094267370238,0.9766528334915916,0.01611634126526323,0.015685230977881635,-0.0031535287872272158
2024-10-17,67399.8359375,67912.2109375,66647.390625,67617.078125,32790898511,75.86160417765183,1271.4926068740533,725.8307514567268,68147.79188092623,58439.46163469876,-0.0031535287872272158,-0.15255858679011872,9708.330246227473,0.9229573032172239,0.01886492139317833,0.015961922147699568,0.01500489704966544
2024-10-18,68418.7890625,68969.75,67177.8203125,67419.109375,36857165014,75.30548313274915,1480.740556788216,876.8127125230246,68674.59290468661,58165.7746734384,0.01500489704966544,0.11689904455772099,10508.81823124821,0.975658172350251,0.02164230874410203,0.013051410389016463,-0.000819623721527923
2024-10-19,68362.734375,68668.0078125,68024.640625,68418.9765625,14443497908,74.92590524128644,1623.335123025383,1026.1171946234963,69181.5366591007,57931.5738877743,-0.000819623721527923,-0.936805695495101,11249.962771326405,0.9272173338929999,0.023745906857977152,0.011233421524190046,0.009303330181939204
2024-10-20,69001.703125,69359.0078125,68105.71875,68364.1796875,18975847518,74.74519755709838,1767.5268330627587,1174.399122311349,69966.5769432923,57713.7539160827,0.009303330181939204,0.272922645738419,12252.823027209597,0.9212529376984763,0.02561569864240592,0.013336910711518367,-0.023963262921302485
2024-10-21,67367.8515625,69462.734375,66829.8515625,69002.0,37498611780,68.94213268123355,1730.0190529431711,1285.5231084377133,70315.29544710097,58018.11978727404,-0.023963262921302485,0.6811369258266574,12297.175659826935,0.7603153792272319,0.0256801874012289,0.00283065182443371,-9.56779931777652e-05
2024-10-22,67361.40625,67801.578125,66581.3671875,67360.703125,31808472566,69.44586794770339,1680.40314270198,1364.4991152905666,70573.39666931711,58432.88067443289,-9.56779931777652e-05,-0.1645712258988649,12140.51599488422,0.7354321331423379,0.02494608168459933,0.0006808917651169169,-0.013890438213698968
2024-10-23,66432.1953125,67402.7421875,65188.03515625,67362.375,32263980353,72.80652168351341,1548.2552961574256,1401.2503514639384,70646.98887093218,58926.56776969282,-0.013890438213698968,0.014218761433654706,11720.421101239364,0.6403888971201612,0.023305797571107862,-0.002516329200761391,0.02569154796745315
2024-10-24,68161.0546875,68798.9609375,66454.1015625,66653.703125,31414428647,77.67844951395138,1564.991431529561,1433.998567477063,70989.88477433303,59193.02967879198,0.02569154796745315,-0.02668415020363656,11796.855095541046,0.7602047271138371,0.022960199760766957,0.0016043960499072336,-0.02253213347279499
2024-10-25,66642.4140625,68722.15625,65521.79296875,68165.296875,41469984306,65.43724949838618,1439.1240070316126,1435.0236553879731,71079.55460449366,59558.60633300633,-0.02253213347279499,0.2777025973936799,11520.94827148733,0.6148632527952967,0.021594716026972594,-0.003758036881872828,0.00557070573324996
2024-10-26,67014.6953125,67317.921875,66360.59375,66628.734375,19588098156,64.45506929464258,1353.8073039972514,1418.7803851098288,71211.04296054762,59846.69219570238,0.00557070573324996,-0.7500477509612956,11364.350764845243,0.6307446210627942,0.02020164827556458,-0.002845132674047416,0.013555484057566741
2024-10-27,67929.296875,68221.3125,66847.2265625,67023.4765625,16721307878,68.40881437961514,1344.4953985829052,1403.9233878044442,71370.22945540989,60256.76937271512,0.013555484057566741,-0.15823831788890866,11113.460082694772,0.6903815234133427,0.019792570517209628,-0.0022376821203863397,0.028709215102556977
2024-10-28,69907.7578125,70212.265625,67535.1328125,67922.671875,38799856657,65.35342233940051,1479.7038050407864,1419.0794712517127,71762.54388972733,60642.03384464767,0.028709215102556977,0.8417327252494203,11120.51004507966,0.8332103410986241,0.021166517870727715,0.005286957597307869,0.03944659057776213
2024-10-29,72720.4921875,73577.2109375,69729.9140625,69910.046875,58541874402,69.72890969536604,1793.1512667380885,1493.8938303489879,72435.95866996956,61182.45812690544,0.03944659057776213,0.4113257477023323,11253.500543064125,1.0252840008707136,0.024658128854720747,0.010935853107442139,-0.005252363418187159
2024-10-30,72339.5390625,72905.296875,71411.734375,72715.3671875,40646637831,66.64033694706902,1987.9055670224334,1592.696177683677,72663.83407577,62161.086627355,-0.005252363418187159,-0.36482617752887736,10502.747448415008,0.9691228400126944,0.027480207819750142,0.012169863792515254,-0.029806220896924952
2024-10-31,70215.1875,72662.3125,69590.5,72335.046875,40627912076,58.735532490173995,1948.3727082193363,1663.831483790809,72638.36747951226,62963.56298923775,-0.029806220896924952,-0.000460802436993612,9674.804490274517,0.7495370596947063,0.027748593681663762,0.004241611097604099,-0.010490161236778449
2024-11-01,69482.46875,71559.015625,68779.703125,70216.8984375,49989795365,53.36009212236321,1836.7454945334903,1698.4142859393455,72486.84357606209,63744.03142393791,-0.010490161236778449,0.20736357194674854,8742.812152124185,0.6563605881280664,0.026434660822748764,0.0059618928456064615,-0.00278436278553029
2024-11-02,69289.2734375,69867.3515625,69033.71875,69486.0234375,18184612091,52.90173252004472,1712.9451113661344,1701.3204510247033,72060.76108685332,64813.90375689669,-0.00278436278553029,-1.0112431449489883,7246.857329956634,0.6175600645679434,0.024721649201751805,0.0047683116286378535,-0.00794258611024876
2024-11-03,68741.1171875,69361.65625,67482.5234375,69296.3828125,34868307655,49.17922901909563,1552.7022030570515,1671.596801431173,72017.14350754044,65127.020554959556,-0.00794258611024876,0.6510025795807494,6890.1229525808885,0.5245329665976655,0.02258767774782976,0.0016971587475213539,-0.013615611362265724
2024-11-04,67811.5078125,69433.1796875,66803.6484375,68742.1328125,41184819348,51.46226055573524,1335.304279703123,1604.338297085563,72000.37141939488,65220.83248685512,-0.013615611362265724,0.16649139949917874,6779.538932539763,0.38213149174644145,0.01969141113032411,-0.004349245033167603,0.022572112490931908
2024-11-05,69359.5625,70522.7890625,67458.8671875,67811.171875,46046889204,55.97826950784297,1273.2526706115605,1538.1211717907627,72069.42355267808,65326.46472857191,0.022572112490931908,0.11159048181691127,6742.958824106172,0.5981198872235597,0.018357276555940796,-0.006759884759857635,0.08666903126846402
2024-11-06,75639.078125,76460.15625,69322.03125,69358.5,118592653963,70.8658040696853,1711.0567569858395,1572.708288829778,73631.02975414722,64588.78274585277,0.08666903126846402,0.9460343371953306,9042.247008294456,1.2220740452024335,0.022621332774021556,0.0063717430525211055,0.0035076496874788744
2024-11-07,75904.859375,76943.1171875,74480.421875,75637.0859375,63467654989,68.79650499738497,2055.7683573419345,1669.3203025322093,74912.87310467863,64055.54642657137,0.0035076496874788744,-0.6251641391679982,10857.32667810726,1.0913656095768514,0.02708348812275149,0.011130867421721652,0.008404323339316332
2024-11-08,76545.4765625,77252.75,75648.7421875,75902.8359375,55176858003,75.10787183099262,2353.5173542608973,1806.159712877947,76138.18053038426,63648.51321961575,0.008404323339316332,-0.1399867795718889,12489.667310768506,1.0326106390170653,0.03074665492923323,0.013830079504020907,0.0030444063813357424
2024-11-09,76778.8671875,76932.765625,75773.7890625,76556.1875,29009480361,74.93131895533,2578.593827866789,1960.6465358757155,77223.02859100385,63341.38156524614,0.0030444063813357424,-0.6429209407383218,13881.64702575771,0.9680036956219483,0.03358468185743951,0.014662760813573197,0.04700704537184314
2024-11-10,80474.1875,81474.421875,76565.4296875,76775.546875,82570594495,78.04849418993406,3020.333496471212,2172.583927994815,79089.05572632121,62785.98802367881,0.04700704537184314,1.0460309327310502,16303.067702642402,1.084961419466669,0.0375317053865404,0.022512708168157754,0.09734014312496264
2024-11-11,88701.484375,89604.5,80283.25,80471.4140625,117966845037,82.84273503760072,3988.314657098934,2535.7300738156387,83202.50923347875,60806.54232902126,0.09734014312496264,0.3567499924278696,22395.96690445749,1.245534169834192,0.04496333612905149,0.0383635302377618,-0.008442066269106777
2024-11-12,87955.8125,89956.8828125,85155.109375,88705.5625,133673285375,78.69755332483939,4641.7697797320725,2956.9380149989256,86024.75493701815,60136.658344231844,-0.008442066269106777,0.12499504321146486,25888.096592786307,1.0745924891024572,0.05277388324656852,0.03393293327204199,0.02944485048776148
2024-11-13,90584.1640625,93434.3515625,86256.9296875,87929.96875,123559027869,81.68346276367701,5310.507453108672,3427.6519026208753,89090.09900332513,59313.62521542487,0.02944485048776148,-0.07867965359803987,29776.473787900257,1.050176023857497,0.05862511961190702,0.0257580503033702,-0.03749692231881138
2024-11-14,87250.4296875,91765.21875,86682.8125,90574.8828125,87616705248,78.39073210351283,5507.989697741505,3843.7194616450015,90756.56258847914,59707.96319277086,-0.03749692231881138,-0.3437473213960632,31048.599395708276,0.8870759722106929,0.06312851085626929,0.019900254302471592,0.04280211829142622
2024-11-15,91066.0078125,91868.7421875,87124.8984375,87284.1796875,78243109518,82.61903137040895,5904.319743277301,4255.839517971462,92972.02241599833,59897.63461525168,0.04280211829142622,-0.1131509106746134,33074.387800746656,0.9423718856118557,0.0648356053494074,0.024814225009915866,-0.00558881224411838
2024-11-16,90558.4765625,91763.9453125,90094.2265625,91064.3671875,44333192814,81.84145017265408,6107.062217776547,4626.0840579324795,94737.58296021163,60394.99203978838,-0.00558881224411838,-0.5680870983254394,34342.590920423245,0.8783112663981556,0.06743777556330341,0.023580908063422418,-0.007900350440318173
2024-11-17,89845.8515625,91433.0390625,88741.6640625,90558.4609375,46350159305,81.44040349398078,6139.46230785115,4928.759707916214,96171.8732369769,60954.511138023096,-0.007900350440318173,0.0444910590674382,35217.3620989538,0.820372075094584,0.06833328641312192,0.015736994375970804,0.007725465406075372
2024-11-18,90542.640625,92596.7890625,89393.59375,89843.71875,75535775084,84.09984546230399,6150.465924059448,5173.100951144861,97613.2493950623,61295.349823687684,0.007725465406075372,0.48838165719237664,36317.89957137462,0.8053133894440282,0.06792894355194258,0.0029348975589869064,0.019697543183651734
2024-11-19,92343.7890625,94002.8671875,90426.984375,90536.8125,74521048295,84.21967357803078,6232.677567965555,5385.016274509,99158.9221837005,61750.10203504951,0.019697543183651734,-0.013524773267599054,37408.82014865099,0.8178201532654571,0.06749428013774876,0.0069548417665238355,0.021381444998432572
2024-11-20,94339.4921875,94902.0234375,91619.5,92341.890625,71730956426,81.91247142593167,6385.262124382425,5585.0654444836855,100693.44621673855,62628.00847076144,0.021381444998432572,-0.038159209186560204,38065.43774597711,0.8330781305697479,0.06768387211255811,0.005802926696619706,0.04320463738221239
2024-11-21,98504.7265625,99014.21875,94132.6015625,94334.640625,106024505582,84.03697777911651,6764.311318163353,5820.914619219619,102653.73367517366,63569.94679357635,0.04320463738221239,0.3907478483835892,39083.786881597305,0.8938432674079461,0.06866991619809719,0.017331720939623103,0.004991722095061175
2024-11-22,98997.6640625,99655.5,97222.6640625,98496.4296875,78473580551,83.96565189355188,7023.5236629414285,6061.436427963981,104231.4041312718,64963.1153999782,0.004991722095061175,-0.30090823747776235,39268.28873129361,0.8667184071965477,0.07094635746664973,0.01193023576871381,-0.012404002529793906
2024-11-23,97777.28125,99014.6796875,97232.890625,99006.7421875,44414644677,80.84527013798564,7049.21762707876,6258.992667786937,105029.74504784988,67068.39088965011,-0.012404002529793906,-0.569192764528962,37961.35415819977,0.8089513938931988,0.07209463729161278,0.01095663715647445,0.0024162403264788948
2024-11-24,98013.8203125,98647.1796875,95788.078125,97778.09375,51712020623,78.67872164252069,7007.884474313658,6408.771029092282,105188.11734953086,69930.24983796914,0.0024162403264788948,0.15212101158135138,35257.86751156172,0.7965192581576561,0.07149894221009076,0.01243043583744546,-0.05140963729329047
2024-11-25,93102.296875,98935.03125,92642.9140625,98033.4453125,80909462490,58.07081289257714,6503.836579277602,6427.784139129347,104289.23696353419,73203.40366146581,-0.05140963729329047,0.4476405207868327,31085.83330206838,0.6401273860080027,0.06985688643116628,0.003982564023250339,-0.012069852534281012
2024-11-26,91985.3203125,94991.75,90770.8125,93087.28125,91656519855,57.29057325571829,5945.705920582375,6331.368495419953,103874.81367552439,75252.4511682256,-0.012069852534281012,0.12471732789038381,28622.362507298792,0.5846082460875437,0.0646375519526718,-0.0005556353650257671,0.04232881330495687
2024-11-27,95962.53125,97361.1796875,91778.6640625,91978.140625,71133452438,59.27819337288652,5757.937121227616,6216.682220581486,103601.81531503433,77531.21671621568,0.04232881330495687,-0.25349038579641575,26070.598598818644,0.7069770363699589,0.06000193040163909,0.002436845821620561,-0.003236310003132818
2024-11-28,95652.46875,96650.203125,94677.3515625,95954.9453125,52260008261,66.18251286296865,5520.4729665054765,6077.440369766285,102929.51672800201,80114.214521998,-0.003236310003132818,-0.30832630641680736,22815.30220600401,0.681045295289243,0.05771385766251304,-0.004197575233428755,0.018736162907207532
2024-11-29,97461.5234375,98693.171875,95407.8828125,95653.953125,54968682476,63.34973431839263,5415.8262338427885,5945.117542581586,101899.43194412958,83212.56493087043,0.018736162907207532,0.05053219536256411,18686.86701325915,0.7625119018890939,0.055568864951262974,-0.0022340836888364184,-0.010442730465097628
2024-11-30,96449.0546875,97499.34375,96144.21875,97468.8125,31634227866,62.04190873118796,5191.3524976102635,5794.3645335873225,100909.45065808893,85800.03293566106,-0.010442730465097628,-0.552523918815584,15109.417722427868,0.7047936556834494,0.053824814711046345,-0.001953901965308378,0.008576311620290235
2024-12-01,97279.7890625,97888.125,95770.1875,96461.3359375,36590695296,65.12391340144052,5022.591457854171,5640.009918440692,101198.77032110636,86368.54374139363,0.008576311620290235,0.1455542864864983,14830.226579712733,0.7357436693537684,0.051630369537780066,-0.0010738917804781864,-0.014647119798360834
2024-12-02,95865.3046875,98152.6015625,94482.8671875,97276.0078125,72680784305,60.52140244390215,4720.297400121024,5456.067414776759,101113.63774731715,87244.62553393285,-0.014647119798360834,0.6862830534768389,13869.012213384296,0.6215784528077017,0.04923885044238022,0.0041778964330831895,0.0014266034685602644
2024-12-03,96002.1640625,96297.203125,93629.5625,95854.59375,67067810961,57.74089799124663,4440.582320414178,5252.970395904243,101214.44238021999,87685.62090103002,0.0014266034685602644,-0.08037282322311796,13528.821479189966,0.6147278367344761,0.04625502314222041,0.0061059615763462294,0.028408310872006196
2024-12-04,98768.53125,99207.328125,94660.5234375,95988.53125,77199817112,59.0755887909834,4391.506266422613,5080.677570007918,101139.40394961834,88912.46948788167,0.028408310872006196,0.1406928765577173,12226.934461736673,0.8060942661434373,0.0444626057595912,0.0041173183716389904,-0.022266865312221884
2024-12-05,96593.5703125,103900.46875,91998.78125,98741.5390625,149218945580,45.73603685762015,4129.509553706463,4890.443966747627,101156.28386711415,89448.34582038586,-0.022266865312221884,0.6590175727950586,11707.93804672829,0.6102888880685713,0.042751391633487124,0.0013986676131976952,0.03386480176780916
2024-12-06,99920.7109375,102039.8828125,96514.875,97074.2265625,94534772658,51.82819458241653,4142.594463359535,4740.87406607001,101523.6048606034,90017.24826439659,0.03386480176780916,-0.45644692935520476,11506.35659620681,0.8606949202641022,0.04145881694087136,0.0035599017361407853,2.62704848226063e-05
2024-12-07,99923.3359375,100563.3828125,99030.8828125,99916.7109375,44177510897,54.465921650018196,4105.8465211976,4613.868557095528,101591.37992197175,90957.22164052825,2.62704848226063e-05,-0.760751875088165,10634.158281443495,0.8431428289549431,0.0410899664495361,0.005055473300415105,0.013051327819741106
2024-12-08,101236.015625,101399.9921875,98771.515625,99921.9140625,44125751925,56.41791072646203,4134.980313421751,4518.090908360772,101842.29202702448,91775.64703547551,0.013051327819741106,-0.0011723004625996414,10066.644991548965,0.9397737376718466,0.040844953131488386,0.005694761328908086,-0.03829250346621322
2024-12-09,97432.71875,101272.5078125,94355.9140625,101237.0625,110676473908,59.02362153450437,3807.2867496267572,4375.9300766139695,101640.1180941021,92486.7139371479,-0.03829250346621322,0.9195677400710228,9153.404156954202,0.5403459443112086,0.03907605985414173,0.0023168493763577455,-0.007802793553987951
2024-12-10,96675.4296875,98270.15625,94321.2578125,97441.234375,104823780634,59.92185924748208,3446.7483713015827,4190.0937355514925,101580.03109897689,92780.39468227311,-0.007802793553987951,-0.05433063538017442,8799.636416703783,0.44263590230077626,0.03565278563998193,0.0009983640874222858,0.04547294957076326
2024-12-11,101173.03125,101913.359375,95747.2265625,96656.0625,85391409936,60.78527258143807,3483.779129778428,4048.8308143968798,102032.78663060356,92594.46961939645,0.04547294957076326,-0.2050351510864357,9438.31701120711,0.908907978023668,0.034433871227698615,0.003436169615816152,-0.011232138149604486
2024-12-12,100043.0,102524.9140625,99339.953125,101167.8046875,72073983533,58.78964338935886,3382.945702604673,3915.6537920384385,102185.66840829611,92546.1214354539,-0.011232138149604486,-0.16955236898755743,9639.546972842218,0.7777210470229051,0.03381491661190361,0.0050125592104757815,0.014057223472297039
2024-12-13,101459.2578125,101888.8046875,99233.28125,100046.6484375,56894751583,58.131162607997595,3378.3708976667986,3808.1972131641105,102705.51325845886,92394.47424154113,0.014057223472297039,-0.23649004295493342,10311.039016917726,0.8791338638215842,0.03329780811042535,0.0021829051682597635,-0.0008508417934171539
2024-12-14,101372.96875,102618.8828125,100634.0546875,101451.4375,40422968793,60.40705444796596,3329.4032375568786,3712.438418042664,103148.62178122085,92287.28056252915,-0.0008508417934171539,-0.3418049396705862,10861.341218691698,0.8365162280174113,0.032843106782910296,0.002057603414225512,0.02845237769652882
2024-12-15,104298.6953125,105047.5390625,101227.03125,101373.53125,51145914137,63.62809241898109,3486.4876371852006,3667.2482618711715,104005.30078035196,92550.24140714803,0.02845237769652882,0.2352844512947017,11455.059373203927,1.0256126592266588,0.033427912273868605,0.004257753396623757,0.016460567443030164
2024-12-16,106029.71875,107780.578125,103322.984375,104293.578125,91020417816,69.49584967047011,3707.914747153991,3675.3815589277356,104899.75864502664,93060.22338622336,0.016460567443030164,0.5764012437661953,11839.535258803284,1.0954395658505331,0.034970523272787525,0.01207962066937281,0.0010452246330361938
2024-12-17,106140.6015625,108268.4453125,105291.734375,106030.6875,68589364868,69.46542237080601,3847.987439469667,3709.902735036122,106033.42951029241,92944.35955220759,0.0010452246330361938,-0.28294636131913936,13089.069958084816,1.0081879043010529,0.03625368033366395,0.013343623267519117,-0.059179154653770175
2024-12-18,100041.5390625,106470.609375,100041.5390625,106147.296875,93865656139,52.16683160535567,3427.344392828454,3653.3910665945887,106000.71622677187,93415.97986697814,-0.059179154653770175,0.31372707835863534,12584.736359793722,0.5264758041883946,0.03425921297239593,-0.0016066773359856598,-0.025825905125142587
2024-12-19,97490.953125,102748.1484375,95587.6796875,100070.6875,97221662392,51.508181456031586,2855.2571516670723,3493.7642836090854,105999.98877569698,93419.65028680302,-0.025825905125142587,0.03512898075790404,12580.338488893962,0.32362426828108304,0.029287406268416995,-0.0036915011896339603,0.002714273553183173
2024-12-20,97755.9296875,98098.9140625,92175.1796875,97484.6953125,105634083408,45.94432959632985,2395.6398406241933,3274.1393950121073,105948.77930565884,93601.54725684116,0.002714273553183173,0.08298752799085665,12347.232048817677,0.3364626512430619,0.024506337858812493,-0.005311922606650226,-0.00544879117211963
2024-12-21,97224.7265625,99507.1015625,96426.5234375,97756.1953125,51765334294,45.04240241302223,1965.8648907686875,3012.4844941634233,105950.75900313849,93594.06130936151,-0.00544879117211963,-0.7132603756291542,12356.69769377698,0.29382164580805875,0.02021980375028311,-0.005968772517893438,-0.022044180382015402
2024-12-22,95104.9375,97360.265625,94202.1875,97218.3203125,43147981314,39.06102857091881,1437.643624320408,2697.5163201948203,106022.3568043224,93446.42678942761,-0.022044180382015402,-0.18208506966729665,12575.93001489478,0.13187976623660716,0.015116393134903306,-0.01318256652911404,-0.004412175449120982
2024-12-23,94686.2421875,96416.2109375,92403.1328125,95099.390625,65239002919,44.42666015609518,974.0114547461708,2352.8153471050905,106145.69059754915,93191.50080870085,-0.004412175449120982,0.4134218609133845,12954.189788848307,0.11538671296029608,0.010286726268188039,-0.01616438694227849,0.041273994068279446
2024-12-24,98676.09375,99404.0625,93448.015625,94684.34375,47114953674,53.58902437007601,917.9457889287878,2065.84143546983,106143.90428034504,93184.04337590496,0.041273994068279446,-0.3254670559543967,12959.86090444008,0.42377386721897786,0.009302615801294706,-0.010417419880100882,0.006294761562737073
2024-12-25,99299.1953125,99478.75,97593.46875,98675.9140625,33700394629,46.09576462629371,913.2648843547358,1835.3261252468112,106120.31068527611,93478.1994709739,0.006294761562737073,-0.33508089105539435,12642.111214302218,0.4604449164266378,0.009197102569468376,-0.001064003277742704,-0.035921593296803764
2024-12-26,95795.515625,99884.5703125,95137.8828125,99297.6953125,47054980873,41.94671373519332,619.6941164194577,1592.1997234813405,106161.72666819657,93024.26395680344,-0.035921593296803764,0.33380717647979086,13137.462711393135,0.21094268574350014,0.006468926153550914,-0.0025062444451228716,-0.01716880486495554
2024-12-27,94164.859375,97294.84375,93310.7421875,95704.9765625,52419934565,36.28125856794126,252.54564733717416,1324.2689082525073,106303.5921163543,92306.55085239571,-0.01716880486495554,0.10797022578249126,13997.041263958585,0.13276438124028203,0.0026819521529941664,-0.005346684219142688,0.010553910906912645
2024-12-28,95163.9296875,95525.8984375,94014.2890625,94160.1875,24107436185,38.71014207409945,41.71361646259902,1067.7578498945259,106172.00091421258,91830.93346078743,0.010553910906912645,-0.7767666013140087,14341.067453425145,0.2324092148326308,0.0004383343205727054,-0.003060583922138077,-0.017316317368601404
2024-12-29,93530.2265625,95174.875,92881.7890625,95174.0546875,29635885267,29.45441276602341,-254.26743896861444,803.3527921218978,106358.83482904454,91253.85032720545,-0.017316317368601404,0.20646561884314443,15104.984501839092,0.15070364587380014,-0.0027185589975953334,-0.002385174920221792,-0.00952898919172895
2024-12-30,92643.2109375,94903.3203125,91317.1328125,93527.1953125,56188003691,23.60940878291484,-554.0228748310328,531.8776587313117,106599.0865393322,90610.3767419178,-0.00952898919172895,0.6397173095183253,15988.709797414398,0.1271418533039362,-0.005980177815779657,-0.0031161483120229305,0.00844829005287248
2024-12-31,93429.203125,96090.6015625,91914.03125,92643.25,43625106843,25.590099571379483,-719.8601173177594,281.5301035214975,106435.14281089653,89999.93765785347,0.00844829005287248,-0.25307044701604287,16435.20515304306,0.2086536453432328,-0.007704872708318516,-0.007805534599938211,0.010546386456946345
2025-01-01,94419.7578125,94929.8671875,92788.125,93425.1015625,24519888919,36.569318107160555,-762.5674391541543,72.71059498636714,106274.90655550199,89597.84969449801,0.010546386456946345,-0.5761482488052805,16677.056861003977,0.28913423742511674,-0.00807635453448706,-0.007198159615051172,0.02579371069354611
2025-01-02,96886.875,97739.8203125,94201.5703125,94416.2890625,46009564411,48.55105216527023,-590.5302952749335,-59.93758306589299,105888.84061563623,89526.67735311377,0.02579371069354611,0.6293647160170563,16362.16326252246,0.4498303512069405,-0.0060950494612911545,0.0016183123835702379,0.01251903875349227
2025-01-03,98107.4296875,98956.9140625,96034.6171875,96881.7265625,35611391163,50.80615625871252,-351.6474833151733,-118.27956311574906,105545.93908144343,89543.02498105656,0.01251903875349227,-0.25618373368938735,16002.914100386872,0.5351778215341331,-0.003584310428224145,0.005859432900491354,0.001311953703357832
2025-01-04,98236.2265625,98734.4296875,97562.9765625,98106.9921875,22342608078,52.363474792790704,-150.20681174195488,-124.66501284099023,104598.87795516514,89883.83923233487,0.001311953703357832,-0.4661700315755171,14715.038722830272,0.5676089263160347,-0.0015290368634669623,0.004539153299983523,0.0008011590284728617
2025-01-05,98314.9609375,98813.3046875,97291.765625,98233.90625,20525254825,58.29141043756001,15.609639624439296,-96.61008234790434,102978.46242952107,90732.77897672892,0.0008011590284728617,-0.08483946098111272,12245.683452792146,0.6191718077639546,0.00015877176246209903,0.007127364213851275,0.03756185651681786
2025-01-06,102078.0859375,102482.875,97926.1484375,98314.953125,51823432705,66.280193402963,445.5372338331508,11.819380888306696,101643.25961881352,91661.73022493647,0.03756185651681786,0.9261863451913424,9981.529393877048,1.043563095546477,0.004364670729679852,0.01385462788650082,-0.05182428297869528
2025-01-07,96922.703125,102712.484375,96132.875,102248.8515625,58685738547,46.326821466705155,366.0421361752087,82.66393194568711,101229.70081786321,91763.4054321368,-0.05182428297869528,0.12435432660952088,9466.295385726407,0.5450176106528444,0.0037766397796719386,0.0052442603105625684,-0.019578857696565647
2025-01-08,95043.5234375,97258.3203125,92525.84375,96924.1640625,63875859171,41.53051667135185,149.68215996258368,96.06757754906644,101125.59654237377,91622.76673887623,-0.019578857696565647,0.08474475684198797,9502.82980349753,0.35997242604138724,0.0015748801659380158,0.0009406540029179977,-0.027298849179035745
2025-01-09,92484.0390625,95349.71875,91220.84375,95043.484375,62777261693,43.15226792988211,-225.71181325201178,31.711699388850803,101117.32093337142,91103.85328537859,-0.027298849179035745,-0.01734856629444957,10013.467647992831,0.13783294914803354,-0.0024405488291820545,-0.006643997407450838,0.02369326562915915
2025-01-10,94701.453125,95770.609375,92250.09375,92494.4921875,62058693684,51.083321977095736,-340.363954650893,-42.70343141909795,101000.1057586866,90968.7411163134,0.02369326562915915,-0.011512323400934128,10031.364642373199,0.3721041096361896,-0.0035940731997177893,-0.005047679282355571,-0.0014250624978636736
2025-01-11,94566.59375,94977.6875,93840.046875,94700.8359375,18860894100,48.75044329935658,-437.07035227507004,-121.57681559029237,100998.77453773518,90916.23796226483,-0.0014250624978636736,-1.1909899262633736,10082.536575470353,0.36204736381673064,-0.004621826111560353,-0.005438681596815785,-0.0008268095689983134
2025-01-12,94488.4375,95367.5390625,93712.5078125,94565.7265625,20885130965,52.143997119218554,-514.0913008150965,-200.0797126352532,101000.14904576873,90895.08298548126,-0.0008268095689983134,0.10194678540531782,10105.06606028747,0.3555993096017581,-0.005440785289894295,-0.005671248539311668,0.000297197889065057
2025-01-13,94516.5234375,95837.0,89260.1015625,94488.890625,72978998252,54.359087722768244,-566.3362848471297,-273.3310270776285,100659.98754230277,90819.28745769722,0.000297197889065057,1.2511342358801405,9840.700084605545,0.3757086333304913,-0.005991928863333883,-0.01099477120041921,0.02112109307155958
2025-01-14,96534.046875,97352.6640625,94322.15625,94519.0078125,53769675818,56.83315291324568,-439.87294928992924,-306.63941152008863,100248.39595590778,90954.36420034223,0.02112109307155958,-0.3054620428243562,9294.03175556555,0.6003511523743059,-0.004556661235382703,-0.0005740031932399449,0.04030666140622702
2025-01-15,100504.4921875,100697.234375,96501.640625,96534.046875,57805923627,61.83853004176377,-19.048511040964513,-249.1212314242638,100976.33923379483,90697.31857870516,0.04030666140622702,0.07238159356955146,10279.02065508967,0.9540961087511629,-0.0001895289516554925,0.007981070964301864,-0.007466135920999606
2025-01-16,99756.90625,100781.5859375,97364.4453125,100505.296875,54103781805,55.98438629105668,251.237837428067,-149.04941765379766,101476.65837181624,90756.20412818374,-0.007466135920999606,-0.06618716793991845,10720.4542436325,0.839582159231868,0.002518500692056767,0.010814315715449883,0.046087453886957834
2025-01-17,104462.0390625,105884.2265625,99948.90625,100025.765625,71888972663,61.569019565452386,835.4757668562088,47.855619248203624,103084.71776529933,90077.95567220067,0.046087453886957834,0.2842187951082794,13006.76209309866,1.1058927108331111,0.00799788874843177,0.014013485466563983,-0.0005167685444558994
2025-01-18,104408.0703125,104913.203125,102226.6171875,104124.953125,50445655726,61.26697970963562,1279.385745560794,294.1616445107217,104335.28687015193,89915.17094234808,-0.0005167685444558994,-0.35422624988540047,14420.115927803854,1.0050473548695074,0.012253705501227166,0.014143241745622233,-0.032299629277246486
2025-01-19,101089.609375,106299.796875,99570.53125,104411.2890625,76789928525,54.529475547298084,1347.8780387559964,504.9049233597767,104640.75076792149,90454.34688832851,-0.032299629277246486,0.4201768599504926,14186.403879592981,0.7496799454560484,0.013333497350414471,0.009647124644443925,0.009128828074566006
2025-01-20,102016.6640625,109114.8828125,99471.359375,101083.75,126279678351,49.889500122277916,1460.1327388233913,695.9504864524997,105060.09965922561,90893.74409077439,0.009128828074566006,0.49742562402018875,14166.355568451225,0.7851645342360181,0.014312688542029254,0.010908786099515488,0.03968183425876291
2025-01-21,106146.265625,107180.921875,100103.953125,102052.578125,88733878242,67.22938441466711,1860.8687938468793,928.9341479313757,106316.32336276612,90810.17116848388,0.03968183425876291,-0.3528573583337073,15506.152194282244,0.989032886067646,0.017531175335183904,0.01356032055483025,-0.023768546993042258
2025-01-22,103653.0703125,106294.34375,103360.265625,106136.3828125,53878181052,65.72177185111465,1954.7419311861158,1134.0957045823238,106932.16167943628,90870.95238306373,-0.023768546993042258,-0.4989161665136965,16061.209296372544,0.7958378284954133,0.018858504869106462,0.004406719354934639,0.002958402684215798
2025-01-23,103960.171875,106820.328125,101257.8046875,103657.671875,104104515428,72.83481617517897,2030.5111300281133,1313.3787896714819,107523.9331100252,90864.45517122479,0.002958402684215798,0.6586697588200283,16659.47793880041,0.7860820580262071,0.019531625365813807,0.005895939155679697,0.00823181116278129
2025-01-24,104819.484375,107098.546875,102772.125,103965.671875,52388229265,71.28276203879417,2135.2838797757868,1477.7598076923427,108206.50274835237,90840.21131414761,0.00823181116278129,-0.6867134168035303,17366.29143420476,0.8049659372477139,0.020371058801783835,0.0004879901950830476,-0.0010006574570037008
2025-01-25,104714.6484375,105243.7890625,104120.375,104824.03125,23888996502,71.37290997469708,2184.6740917744028,1619.142664508755,108806.15731921878,90880.52549328121,-0.0010006574570037008,-0.7852639782298627,17925.63182593757,0.7717509250748236,0.020863118239644835,0.00041886320757621886,-0.019597313563924395
2025-01-26,102682.5,105438.6484375,102507.7109375,104713.2109375,22543395879,65.94519731581173,2036.3648487046594,1702.587101347936,108872.1093694253,90875.01484932468,-0.019597313563924395,-0.057975798137295455,17997.094520100625,0.6560772983376344,0.01983166409762773,0.0022334797380508032,-0.005809577851448121
2025-01-27,102087.6875,103214.109375,97795.9375,102680.3046875,89006608428,64.41512558193222,1849.5122810721805,1731.972137292785,109070.04063680388,91193.58201944611,-0.005809577851448121,1.3732684615967112,17876.45861735777,0.6094107179581568,0.018116898583604223,9.94217486202134e-05,-0.007425167615395995
2025-01-28,101332.4765625,103730.8203125,100238.1875,102095.4140625,47180685494,59.59729425239581,1621.796009068712,1709.9369116479704,109067.6535089618,91824.86445978821,-0.007425167615395995,-0.6347260157671536,17242.78904917359,0.5513964171107759,0.01600470119832133,-0.0066301499476882015,0.023126120746530303
2025-01-29,103703.2109375,104750.8046875,101283.8203125,101317.5234375,47432049818,56.83511558242618,1614.0222303301562,1690.7539753844076,108874.23608537012,93140.19907087987,0.023126120746530303,0.005313553499664472,15734.037014490255,0.6713478465120845,0.015563859746858729,6.908830082216419e-05,0.009903181107726793
2025-01-30,104735.3046875,106418.765625,103321.6484375,103709.3359375,41915744521,60.51019475779224,1671.8705121694074,1686.9772827414076,108951.03018832674,94066.79012417326,0.009903181107726793,-0.12363663613736711,14884.240064153477,0.7167658219259433,0.01596281709551319,0.001061199504180878,-0.022500491172309
2025-01-31,102405.0234375,106026.3515625,101543.8828125,104737.5625,45732764360,45.17332177708167,1512.2492029304267,1652.0316667792117,108591.1967183245,95210.46656292549,-0.022500491172309,0.08715346486767188,13380.730155399011,0.5376804397831034,0.014767334181153575,-0.003329129400832021,-0.01722793697182871
2025-02-01,100655.90625,102755.7265625,100297.7109375,102402.796875,27757944848,41.84452609553993,1230.425447652815,1567.7104229539325,107964.1854738924,96454.2246823576,-0.01722793697182871,-0.4992928853934014,11509.960791534802,0.3650474266369556,0.012224075998052175,-0.005647312188664165,-0.029919108206548826
2025-02-02,97688.9765625,101430.6640625,96216.078125,100661.5390625,63091816853,42.493889486882445,758.9232660518028,1405.9529915735068,107353.51121721101,97382.14425153898,-0.029919108206548826,0.8210689757198568,9971.36696567203,0.03077133877604824,0.007768770773908708,-0.0071218542804676556,0.03733783666464687
2025-02-03,101405.421875,102514.171875,91242.890625,97681.1015625,115400897748,48.798745176264596,677.3325986601121,1260.228912990828,106811.08695444239,98411.70601430761,0.03733783666464687,0.603821057724279,8399.380940134783,0.3564210126947755,0.006679451513894825,-0.0009579379210255128,-0.03546789334061943
2025-02-04,97871.8203125,101745.6171875,96208.109375,101398.71875,73002130211,33.34841593389231,323.80665086137014,1072.9444605649364,107101.35156082615,97858.17422042385,-0.03546789334061943,-0.4579235117939092,9243.177340402297,0.001476342124963511,0.0033084768407031884,-0.004964041596057432,-0.012920048753753386
2025-02-05,96615.4453125,99113.2109375,96174.828125,97878.0078125,49125911241,35.095461476555556,-57.08611907622253,846.9383446367048,107512.5275301713,97132.85215732871,-0.012920048753753386,-0.39610200224273634,10379.675372842583,-0.049848075806147994,-0.0005908591415335204,-0.010113494381812246,-0.00022926951799646017
2025-02-06,96593.296875,99168.609375,95707.3515625,96610.640625,45302471947,34.2075540332235,-356.6226532828732,606.2261450527892,107606.38592091374,96252.11954783625,-0.00022926951799646017,-0.08102502008586607,11354.266373077495,0.030048381458858315,-0.00369200208317119,-0.011560987328344138,-0.0006649766736617645
2025-02-07,96529.0859375,100154.140625,95653.8828125,96581.3203125,55741290456,31.600562470849127,-592.3604383076599,366.5088283806994,107570.37803037798,95500.22900087202,-0.0006649766736617645,0.2073595737647117,12070.149029505963,0.0852397873557996,-0.006136600513250457,-0.008441628114251675,-0.00048321269944663663
2025-02-08,96482.453125,96877.8046875,95702.4921875,96533.2578125,22447526395,31.682413416056647,-774.0247342580551,138.4021158529485,107749.4692902844,94860.42211596562,-0.00048321269944663663,-0.9095407478644392,12889.04717431878,0.12584568797809426,-0.008022440445779815,-0.006049524646768522,0.00018282093727943363
2025-02-09,96500.09375,97325.28125,94745.2578125,96481.3125,27732901800,34.88869912060734,-906.126286820232,-70.50356468168762,107808.88402293563,94249.35035206437,0.00018282093727943363,0.21143907367493225,13559.533670871257,0.16598973479232068,-0.009389900585668935,-0.0017492490547930566,0.009667728227994938
2025-02-10,97437.5546875,98333.21875,95320.84375,96499.4609375,40078962391,38.821195699738986,-924.5152200319717,-241.30589575174443,107102.89637018942,94084.46691106058,0.009667728227994938,0.36823206905155403,13018.429459128849,0.2575646921901088,-0.009488284296512372,-0.005702121688600475,-0.01749792436938306
2025-02-11,95747.4296875,98492.8984375,94875.0390625,97438.1328125,37488783272,37.15123982449569,-1063.211504228835,-405.6870174471626,106883.15452189186,93513.64469685814,-0.01749792436938306,-0.06680979250683547,13369.509825033718,0.1670805452013687,-0.011104334682392412,-0.0031349832641381368,0.022088315919347463
2025-02-12,97885.859375,98151.0234375,94101.203125,95745.6953125,49340445530,36.472214319427685,-989.1733301183558,-522.3842799814013,106409.61101117935,93379.75695757066,0.022088315919347463,0.274702365367155,13029.854053608695,0.3458290782759001,-0.010105375142377207,0.0018662116891619844,-0.012976316589520155
2025-02-13,96623.8671875,98111.0859375,95269.7109375,97888.75,37147280860,31.33704915628242,-1020.5653245603608,-622.0204888971932,105720.56421532808,93249.24203467192,-0.012976316589520155,-0.2838535659084271,12471.322180656163,0.27059080857217194,-0.010562248792836444,4.5204964658599606e-05,0.009118577917229297
2025-02-14,97508.96875,98819.46875,96342.8046875,96623.3671875,32697987277,37.93255501832179,-962.9234254814655,-690.2010762140477,104903.97383947011,93345.26444177989,0.009118577917229297,-0.1275770500985087,11558.709397690225,0.3602222501633084,-0.00987522930275545,0.00144285562050018,0.0007317962415499838
2025-02-15,97580.3515625,97975.0390625,97240.1953125,97508.3828125,17047266288,41.736145951630746,-901.0945516962238,-732.379771310483,104434.0444924588,93304.9789450412,0.0007317962415499838,-0.6513236689869473,11129.065547417587,0.3841627672370459,-0.009234385173526196,0.00161642832635684,-0.014506383627455663
2025-02-16,96175.03125,97725.59375,96060.9765625,97580.4921875,16536755396,45.55946175960667,-954.4895666599623,-776.8017303803788,104046.0037344256,93101.7540780744,-0.014506383627455663,-0.03040435261760565,10944.249656351196,0.28081204910579,-0.009924504876726643,-0.0004820294686053169,-0.004184968400662239
2025-02-17,95773.3828125,97032.234375,95243.546875,96179.0078125,27336550690,29.493117445760234,-1017.4862250599253,-824.9386293162881,103742.74761588269,92849.10082161732,-0.004184968400662239,0.5026391565975872,10893.646794265369,0.26843921471933624,-0.010623893561866823,-0.0024609861298420565,-0.0024445399934847232
2025-02-18,95539.546875,96695.375,93388.8359375,95773.8125,37325720482,38.82186866965968,-1073.9008757999545,-874.7310786130215,102828.42177361932,92947.06025763067,-0.0024445399934847232,0.3114579863328334,9881.361515988654,0.26236127614340027,-0.011240380668803068,-0.0003105026475708654,0.01140703518992484
2025-02-19,96635.609375,96855.59375,95011.96875,95532.53125,28990872862,50.09815069040131,-1018.4270166840288,-903.470266227223,101248.18073494831,93717.3317650517,0.01140703518992484,-0.25270159462025643,7530.848969896615,0.38750977766428063,-0.010538837839082327,-0.00183639989463124,0.01742191135803241
2025-02-20,98333.9375,98767.1953125,96442.671875,96632.6796875,31668022771,57.28412950202895,-827.8794188959437,-888.3520967609671,100288.47221231325,94269.93169393674,0.01742191135803241,0.0883263748104744,6018.540518376511,0.6752477271946389,-0.008419061007253408,0.0025062040978762697,-0.02271409470424543
2025-02-21,96125.546875,99497.96875,94852.9609375,98340.671875,49608706470,48.56823376598898,-845.3233802426548,-879.7463534573047,99644.8661952538,94460.50177349622,-0.02271409470424543,0.44885892563314134,5184.364421757578,0.3211666785065596,-0.00879395132432275,-0.002041320562334406,0.00469334730219672
2025-02-22,96577.7578125,96950.15625,95765.34375,96134.203125,18353824477,50.328683782975475,-813.283179671067,-866.4537187000573,99579.4980119684,94414.7480817816,0.00469334730219672,-0.994328380846393,5164.749930186808,0.4188024124993307,-0.00842101947790099,-0.0014753846965277295,-0.0031509830703417255
2025-02-23,96273.921875,96671.875,95270.453125,96577.8046875,16999478976,49.23508535337736,-803.149898685675,-853.7929546971809,98293.09732237567,95187.99877137433,-0.0031509830703417255,-0.07665527603365792,3105.0985510013415,0.34972258876457446,-0.008342341135000896,0.0001468153830599757,-0.05175320553649131
2025-02-24,91418.171875,96503.453125,91371.7421875,96277.9609375,44046480529,33.90747100244829,-1173.4112893816055,-917.7166216340659,99186.67217844131,93649.0590715587,-0.05175320553649131,0.9520627568892676,5537.613106882607,-0.40286079101220823,-0.012835645969666307,-0.0066486470649156065,-0.029776669354997204
2025-02-25,88736.171875,92511.078125,86008.234375,91437.1171875,92139104128,32.19976920657122,-1664.0786320706538,-1066.9890237213835,100431.5534308942,91616.25047535579,-0.029776669354997204,0.7380539845119345,8815.302955538413,-0.32671351340749855,-0.018753103688254568,-0.010553236973703103,-0.05072808622097089
2025-02-26,84347.0234375,89286.25,82131.8984375,88638.890625,64597492134,19.15281130638695,-2379.6722530427505,-1329.525669585657,102229.62674737396,88593.54981512605,-0.05072808622097089,-0.35512384793728013,13636.076932247903,-0.3114184819229899,-0.028212877657811546,-0.01942968288954535,0.00422598066095089
2025-02-27,84704.2265625,87000.78125,83144.9609375,84076.859375,52659591954,21.674152330284116,-2884.70891758737,-1640.5623191859995,103120.17739068525,86520.51323431474,0.00422598066095089,-0.204327183231441,16599.664156370505,-0.10941707342419876,-0.03405625710375684,-0.021314815846271283,-0.003917962993897036
2025-02-28,84373.0078125,85036.3203125,78248.9140625,84705.625,83610570576,17.93970142446318,-3273.940746873486,-1967.238004723497,103688.01052156804,84741.73557218196,-0.003917962993897036,0.46232154904571865,18946.274949386076,-0.019461754918419505,-0.03880317688980677,-0.01862965417336437,0.019470783362415745
2025-03-01,86031.9140625,86522.3046875,83794.234375,84373.8671875,29190628396,23.84137204144892,-3409.250191506464,-2255.6404420800905,103770.3740855243,83612.55403947571,0.019470783362415745,-1.0523222419763618,20157.820046048582,0.12002091582806947,-0.03962773848120745,-0.01651859187904737,0.09121501495686515
2025-03-02,94248.3515625,95043.4375,85040.2109375,86036.2578125,58398341092,46.66491041920852,-2820.967702925409,-2368.705894249154,103461.16783285224,83602.83997964776,0.09121501495686515,0.6934397710540289,19858.32785320448,0.5360729091363988,-0.029931215306770727,-0.0030377350180178114,-0.09082270482945609
2025-03-03,86065.671875,94429.75,85081.3046875,94248.421875,70072228536,36.76197448718361,-2980.664215969591,-2491.0975585932415,103454.85285428178,82640.97917696822,-0.09082270482945609,0.18223906282901944,20813.87367731356,0.16453893932124794,-0.034632439984883245,-0.008619092059869923,0.013348200634372372
2025-03-04,87222.1953125,88911.2734375,81529.2421875,86064.0703125,68095241474,38.936365716670544,-2979.5566033578216,-2588.789367546158,102970.58715276937,82058.87847223064,0.013348200634372372,-0.028619211152129273,20911.708680538723,0.24691032756564263,-0.03416053210633664,-0.002458396347102841,0.03825541905303624
2025-03-05,90623.5625,90998.2421875,86379.7734375,87222.953125,50498988027,42.46497358625357,-2673.399620076714,-2605.711418052269,102517.34457526407,81912.09058098593,0.03825541905303624,-0.29895403813748817,20605.253994278144,0.4227791572689535,-0.029500049946466343,0.01025353297775532,-0.007329931515325765
2025-03-06,89961.7265625,92804.9375,87852.140625,90622.359375,47749810486,39.227035637619096,-2455.862974399759,-2575.741729321767,101872.90715960438,81801.80377789562,-0.007329931515325765,-0.05597819897194029,20071.10338170876,0.4065507824567478,-0.027298975555939037,0.008602688381144368,-0.0364383782693103
2025-03-07,86742.671875,91191.046875,84717.6796875,89963.28125,65945677657,38.23262447370494,-2514.2319253719616,-2563.439768531806,101194.80103106392,81396.14193768607,-0.0364383782693103,0.32285623927948187,19798.65909337785,0.27004505265217366,-0.028984949057080926,0.003956914770371048,-0.006802656950121629
2025-03-08,86154.59375,86847.265625,85247.484375,86742.65625,18206118081,36.97236040813848,-2578.2225843915076,-2566.3963317037465,100668.20544561688,80920.69377313313,-0.006802656950121629,-1.287073641427852,19747.511672483757,0.26504098661501435,-0.029925538177022714,0.0002035661542942794,-0.06663174322153219
2025-03-09,80601.0390625,86471.1328125,80052.484375,86154.3046875,30899345977,32.68333551719893,-3041.994869698654,-2661.516039302728,100605.783375132,79465.88146861801,-0.06663174322153219,0.5289773219959092,21139.901906513987,0.05369739173350421,-0.03774138528586235,-0.02234597072833391,-0.026005355987276976
2025-03-10,78532.0,83955.9296875,77420.59375,80597.1484375,54061099422,34.828033942494386,-3535.7341652276373,-2836.35966448771,100594.34178110222,77776.56837514778,-0.026005355987276976,0.5593798598246075,22817.773405954445,0.033107157802481066,-0.045022846294856075,-0.013086349465165468,0.05367293406512474
2025-03-11,82862.2109375,83577.7578125,76624.25,78523.875,54702837196,43.34248372471754,-3536.8437474486127,-2976.4564810798906,99672.56815950549,77321.00215299451,0.05367293406512474,0.011800698671210537,22351.566006510984,0.24791143416488565,-0.04268343443208784,-0.0073256732607722705,0.010326959815815329
2025-03-12,83722.359375,84358.578125,80635.25,82857.375,40353484454,49.23044880685253,-3428.7913368245936,-3066.9234522288316,98114.01824132078,77418.39425867923,0.010326959815815329,-0.3042378296578246,20695.623982641555,0.3046037713870293,-0.0409543085314489,-0.011315453151803831,-0.032233767760911476
2025-03-13,81066.703125,84301.6953125,79931.8515625,83724.921875,31412940153,45.75895073327962,-3516.907566827722,-3156.9202751486096,96984.62399160059,77041.90413339942,-0.032233767760911476,-0.25045783191984533,19942.719858201162,0.20181795764158175,-0.043382886330098576,-0.014873144044030359,0.03517658147592443
2025-03-14,83969.1015625,85263.2890625,80797.5625,81066.9921875,29588112414,49.555716273021545,-3314.3354207694647,-3188.4033042727806,95352.03661855243,77413.62588144757,0.03517658147592443,-0.05984724177603398,17938.41073710486,0.3654435042839292,-0.039470892972488625,-0.004642435508996829,0.00444422215127116
2025-03-15,84343.109375,84672.671875,83639.59375,83968.40625,13650491277,48.088332858438804,-3088.0194646466553,-3168.3265363475557,93482.2381670908,78090.34308290918,0.00444422215127116,-0.7735971610566156,15391.895084181626,0.4062375852936024,-0.03661258741264725,-0.003035738494512144,-0.021129378542194648
2025-03-16,82579.6875,85051.6015625,82017.90625,84333.3203125,21330270174,34.531694001181876,-3016.187119084396,-3137.898652894924,92685.5181529049,78003.2146595951,-0.021129378542194648,0.4463516868160943,14682.303493309795,0.3116999210982064,-0.03652456445883736,0.0034645993168217907,0.017953698574085315
2025-03-17,84075.6875,84725.328125,82492.15625,82576.3359375,25092785558,46.79358490395029,-2806.1966817454813,-3071.5582586650357,92293.31690046695,77929.36747453306,0.017953698574085315,0.16245317806586135,14363.949425933883,0.4278990299401517,-0.03337702926004003,0.009744464254159261,-0.01627415768219446
2025-03-18,82718.5,84075.71875,81179.9921875,84075.71875,24095774594,42.78992548448592,-2717.960479479996,-3000.8387028280276,92284.93271693573,77774.89931431427,-0.01627415768219446,-0.040543879779217765,14510.033402621455,0.3407022264188759,-0.03285795172156163,-0.0002479774240291961,0.048787879453061046
2025-03-19,86854.2265625,87021.1875,82569.7265625,82718.8046875,34931960257,44.10420733345081,-2287.9401339217875,-2858.25898904678,92435.69887349427,77839.13315775573,0.048787879453061046,0.37136567975105944,14596.565715738543,0.6176174300385778,-0.0263423004783238,0.0052464396670059065,-0.0314259156183106
2025-03-20,84167.1953125,87443.265625,83647.1953125,86872.953125,29028988961,41.47650355764329,-2139.3062861605576,-2714.468448469536,92430.52503983647,77823.72574141354,-0.0314259156183106,-0.18510722678152916,14606.799298422935,0.43428196975164285,-0.02541734078482286,0.005361847115948887,-0.0014737866362900664
2025-03-21,84043.2421875,84782.2734375,83171.0703125,84164.5390625,19030452299,45.63148383168455,-2008.3637055936706,-2573.2474998943626,92333.37437296716,77722.00922078286,-0.0014737866362900664,-0.4222545013363701,14611.365152184298,0.43262439210012693,-0.023896789953831415,0.0001260802427753888,-0.0025108802510379665
2025-03-22,83832.484375,84513.875,83674.78125,84046.2578125,9863214091,46.195644939489725,-1899.6986180487293,-2438.5377235252363,90391.85123598596,78621.94563901404,-0.0025108802510379665,-0.6572283604931843,11769.90559697192,0.4427001298401279,-0.022660650369741943,-0.0008675058146973435,0.02615878981767563
2025-03-23,86054.375,86094.78125,83794.9140625,83831.8984375,12594615537,60.029149500674,-1615.6683301653975,-2273.9638448532687,90390.658579283,78622.00860821699,0.02615878981767563,0.24445729607401864,11768.649971066014,0.6315394212637248,-0.018774970246026392,0.005887946808141267,0.016647018673748026
2025-03-24,87498.9140625,88758.7265625,85541.1953125,86070.9296875,34582604933,66.87862402225846,-1259.4914178047911,-2071.0693594435734,90432.61647088043,78607.72259161956,0.016647018673748026,1.010081423753522,11824.893879260868,0.7519045466000787,-0.014394366276421936,0.005701278250950227,-0.0003110343685901033
2025-03-25,87471.703125,88542.3984375,86346.078125,87512.8203125,30005840049,60.353788741049904,-968.2529268635117,-1850.5060729275613,89733.24388973715,78991.90923526286,-0.0003110343685901033,-0.14195877702583343,10741.334654474282,0.789454398593205,-0.011069327477022434,0.007981724438607993,-0.006547157036869115
2025-03-26,86900.8828125,88292.15625,85861.453125,87460.234375,26704046038,57.233583087058456,-774.5759241104824,-1635.3200431641455,89057.3966382747,79361.6721117253,-0.006547157036869115,-0.11657694008736334,9695.724526549398,0.7775809512873032,-0.00891332629821185,7.67192257608256e-05,0.0031735085032361422
2025-03-27,87177.1015625,87786.7265625,85837.9375,86896.2578125,24413471941,65.59478144842879,-591.9730624195363,-1426.6506470152237,89130.52827470674,79331.98344404326,0.0031735085032361422,-0.08967998226769833,9798.544830663479,0.8006411415198608,-0.006790465062607435,0.005019494100267504,-0.032929565500329085
2025-03-28,84353.1484375,87489.859375,83557.640625,87185.234375,34198619509,50.98409370811025,-667.434624485948,-1274.8074425093685,88957.1002381291,79325.2669493709,-0.032929565500329085,0.3370501693582645,9631.833288758207,0.5220066977277185,-0.007912385451510113,0.0005258114054047862,-0.02103168000812764
2025-03-29,82597.5859375,84567.3359375,81634.140625,84352.0703125,16969396135,45.82296210796394,-858.9957101563778,-1191.6450960387704,88825.14290027572,79656.87897472428,-0.02103168000812764,-0.7007737836732959,9168.263925551437,0.32074850665891164,-0.010399767746316015,-0.0021200171313223103,-0.0031899515997126566
2025-03-30,82334.5234375,83505.0,81573.25,82596.984375,14763760943,49.36793557579475,-1020.2750996684626,-1157.371096764709,88273.74292139478,80588.53129735524,-0.0031899515997126566,-0.13923590119565324,7685.211624039541,0.22718855713524252,-0.012391826138921563,-0.006312694476663495,0.002600512811616096
2025-03-31,82548.9140625,83870.125,81293.890625,82336.0625,29004228247,45.78525907154796,-1117.9041430221696,-1149.477706016201,88287.45037547496,80543.49415577503,0.002600512811616096,0.6752660278281462,7743.956219699932,0.2589658115089938,-0.013542324035610866,-0.008319338171253769,0.03124852053156838
2025-04-01,85169.171875,85487.3671875,82429.359375,82551.921875,28175650319,56.32419211241073,-972.6310706580116,-1114.1083789445631,88359.32865788045,80616.29712336956,0.03124852053156838,-0.02898347989997398,7743.0315345108975,0.5879964108808766,-0.011419989759739714,-0.0038108303283739863,-0.03201445832298525
2025-04-02,82485.7109375,88466.953125,82343.5390625,85180.609375,47584398470,37.813175901572606,-1061.7942816757422,-1103.645559490799,88212.16124220191,80905.36532029808,-0.03201445832298525,0.5240468031968046,7306.795921903831,0.21628435145755873,-0.012872463237666354,-0.0074490162263905774,0.007453656492041082
2025-04-03,83102.828125,83909.296875,81282.1015625,82487.4765625,36852112080,46.643051553585664,-1070.3225570408977,-1096.980959000819,88218.48616968989,80812.41304906012,0.007453656492041082,-0.25559201167930273,7406.073120629764,0.30926174217205205,-0.012879496175881772,-0.006837566513704157,0.008876865806506007
2025-04-04,83843.8046875,84696.1484375,81670.75,83100.25,45157640207,49.39455115008719,-1005.6976047538919,-1078.7242881514337,88205.12735931957,80775.84139068043,0.008876865806506007,0.20324655126724372,7429.285968639131,0.41295533780363153,-0.011994894655631343,-0.0008652191841562878,-0.004051522069073574
2025-04-05,83504.796875,84207.015625,82377.734375,83844.703125,14380803631,49.012898403655456,-970.647936526133,-1057.1090178263737,88173.42031860455,80900.05936889544,-0.004051522069073574,-1.1442652478056954,7273.360949709109,0.3581202038664637,-0.011623858423116881,0.0015605176642800073,-0.06544922522509501
2025-04-06,78214.484375,83704.71875,77097.7421875,83504.5078125,36294853736,30.068301658641076,-1354.1450860738842,-1116.5162314758759,88851.71667124073,79635.64270375927,-0.06544922522509501,0.9257817248040944,9216.073967481469,-0.1542043101838819,-0.017313226532075877,-0.007333664282203186,0.012967507560798076
2025-04-07,79235.3359375,81119.0625,74436.6796875,78221.3359375,91262424987,28.528579490323295,-1557.7385106645816,-1204.7606873136172,89158.46172047667,78980.58124827333,0.012967507560798076,0.9220631865718767,10177.880472203338,0.02503023000932276,-0.019659644175589908,-0.005852665032320045,-0.03811707626174969
2025-04-08,76271.953125,80823.890625,76198.0234375,79218.4765625,48314590749,24.751880970496245,-1935.8922328007175,-1350.9869964110374,89530.9354202823,77549.88020471769,-0.03811707626174969,-0.6360055464937985,11981.055215564615,-0.10666231452279949,-0.025381443027006758,-0.015762036002794057,0.07938900944238107
2025-04-09,82573.953125,83541.0,74589.671875,76273.5625,84213627038,42.24857811686943,-1707.3814198555192,-1422.2658810999337,89458.5479480274,77462.9434582226,0.07938900944238107,0.5556231485194135,11995.604489804799,0.4260735397804158,-0.020676997470024168,0.00015274510654398967,-0.0363518545774045
2025-04-10,79626.140625,82700.9296875,78456.1328125,82565.9765625,44718000633,37.65462643520334,-1744.044527435719,-1486.6216103670909,89468.2486166505,77011.5326333495,-0.0363518545774045,-0.6329806301768176,12456.715983300994,0.20989544878082894,-0.021902914215688435,-0.0061051850462339515,0.04636385379527456
2025-04-11,83404.8359375,84247.4765625,78936.3203125,79625.046875,41656778779,48.496502855534764,-1451.4596491588163,-1479.589218125436,89441.23397221258,76995.78243403744,0.04636385379527456,-0.0709120081151023,12445.45153817514,0.5149715527639104,-0.01740258382914964,-0.0007499010478384438,0.022317029488567466
2025-04-12,85287.109375,85856.1875,82769.375,83404.515625,24258059104,54.24702703542933,-1055.5327649058745,-1394.7779274815236,89338.38350255467,77021.90634119534,0.022317029488567466,-0.5407152148095973,12316.477161359333,0.6710687581782341,-0.012376228631044215,0.003017034888967419,-0.018963852136872177
2025-04-13,83684.9765625,86015.1875,83027.0078125,85279.46875,28796984817,52.04597544422303,-861.110242173163,-1288.0443904198517,88811.62558509955,77167.27050865044,-0.018963852136872177,0.17152179144866386,11644.355076449108,0.5597309607151332,-0.010289902411934644,0.009657802472999253,0.010193602875445013
2025-04-14,84542.390625,85785.0,83690.640625,83694.5234375,34090769777,52.9624541029464,-630.5739787253406,-1156.5503080809494,88328.01075439934,77357.95408935066,0.010193602875445013,0.1687559788154075,10970.056665048673,0.6549133477622565,-0.007458672200580921,0.009261530375091672,-0.010384627625774925
2025-04-15,83668.9921875,86429.3515625,83598.8203125,84539.6953125,28040322885,47.64853537220083,-512.4411806824501,-1027.7284826012497,87844.00199371781,77518.77378753219,-0.010384627625774925,-0.19538308936534785,10325.228206185624,0.5956496338049699,-0.006124624753864405,0.013223308751659496,0.004351453244225117
2025-04-16,84033.8671875,85428.28125,83100.6171875,83674.5078125,29617804112,52.61687485737949,-384.94037103992014,-899.1708602889838,87286.43571002856,77762.01663372143,0.004351453244225117,0.0547320935205083,9524.419076307124,0.658502162024739,-0.004580776583577006,0.002503657866208645,0.010204134780153822
2025-04-17,84895.75,85449.0703125,83749.75,84030.671875,21276866029,53.00573501375995,-211.90560498337436,-761.717809227862,87363.35848773776,77739.35401226224,0.010204134780153822,-0.33075529022312605,9624.004475475522,0.7435985722963229,-0.0024960684720186153,0.009154513488716976,-0.005254861395886236
2025-04-18,84450.8046875,85095.046875,84298.8828125,84900.1875,12728372364,51.027803720391255,-109.41639035235858,-631.2575254527613,87530.56224816164,77757.47212683834,-0.005254861395886236,-0.5137868344471537,9773.090121323301,0.6848737172756857,-0.0012956228274821147,0.0017804113185511494,0.007227854353502602
2025-04-19,85063.4140625,85597.703125,84353.4609375,84450.8671875,15259300427,52.614902597325994,20.997461741499137,-500.80652801390926,87781.6696811953,77779.2537563047,0.007227854353502602,0.18135563512024272,10002.415924890607,0.7282400932826878,0.00024684480364344814,-0.0003751851293152597,0.0013027740444132617
2025-04-20,85174.3046875,85306.3828125,83976.84375,85066.0703125,14664050812,64.1326685206543,131.78024515700235,-374.28917337972695,88023.93792551183,77799.52457448817,0.0013027740444132617,-0.039790205611519025,10224.413351023657,0.7212912721562411,0.0015471831045817993,0.0025200471822969454,0.027155041278542923
2025-04-21,87518.90625,88460.09375,85143.8359375,85171.5390625,41396190190,65.96253468244205,404.10784689101274,-218.60976932557904,88458.06066631936,77600.37527118064,0.027155041278542923,1.0377898765846676,10857.685395138717,0.9135032576334584,0.0046173777096421694,0.004943109811310932,0.06548491099549585
2025-04-22,93441.890625,93817.3828125,87084.53125,87521.875,55899038456,79.69907844090082,1085.3534924445412,42.18288302844502,90716.5395445084,76437.51436174159,0.06548491099549585,0.30035832666758155,14279.02518276681,1.1908639452348333,0.011615277529007522,0.01578161532863533,0.0027489316822658697
2025-04-23,93699.109375,94535.734375,91962.9609375,93427.5859375,41719568821,74.33139163353611,1627.2431322093325,359.1949328646225,92551.55495752112,75662.12707372889,0.0027489316822658697,-0.29257688385616004,16889.427883792232,1.0679451326222276,0.01736668729365212,0.015552683676926863,0.0026080137382399186
2025-04-24,93943.796875,94016.1953125,91696.7109375,93692.3984375,31483175315,85.51250977598747,2052.7756917719526,697.9110846460885,94130.06347739334,75093.61777260665,0.0026080137382399186,-0.28151700885587794,19036.44570478669,0.990215263643071,0.021851104171394527,0.01446752352808202,0.008233751969906927
2025-04-25,94720.5,95768.390625,92898.59375,93954.25,40915232364,82.97755011618604,2424.7359157395695,1043.2760508647848,95685.81087064193,74659.44069185806,0.008233751969906927,0.2620491369956076,21026.370178783865,0.9540904653330555,0.025598850467845602,0.0163944682946239,-0.0007770112983303527
2025-04-26,94646.9296875,95251.359375,93927.25,94714.6484375,17612825123,80.49215767818612,2682.6565686687245,1371.152154425573,96782.63340159603,75205.86269215397,-0.0007770112983303527,-0.8428750863102783,21576.770709442062,0.9010183802360034,0.028343830883116563,0.015250916058647765,-0.009470108357138424
2025-04-27,93754.84375,95301.203125,93665.3984375,94660.90625,18090367764,84.3966339443876,2782.9960188990517,1653.5209273202686,97547.59737754607,75892.84949745392,-0.009470108357138424,0.026752292043965533,21654.747880092153,0.8248534848547607,0.0296837572074675,0.013711932858426095,0.012969852186459676
2025-04-28,94978.75,95598.4921875,92860.8046875,93755.3046875,32363449569,84.7777572976187,2927.5280409439,1908.322350044995,97898.83395107713,77412.29261142286,0.012969852186459676,0.5816500574071539,20486.54133965427,0.8574633022400027,0.030822979255295528,0.011685477273842773,-0.0073333094254447225
2025-04-29,94284.7890625,95485.4140625,93796.6328125,94981.859375,25806129921,85.80388808962948,2952.044529971128,2117.0667860302215,98599.50883986968,77882.7013163803,-0.0073333094254447225,-0.22641762874878607,20716.807523489377,0.7917285386525743,0.03130987043959192,0.00128287435656555,-0.0008220669855229902
2025-04-30,94207.3125,95249.3203125,92979.640625,94286.46875,28344679831,84.99029719964983,2931.4306057905196,2279.9395499822813,98815.34416679751,79124.98317695248,-0.0008220669855229902,0.09382729473734479,19690.360989845038,0.7659752571740664,0.031116805351925517,0.0007727316897385699,0.023965778896188162
2025-05-01,96492.3359375,97437.9609375,94153.6328125,94212.859375,32875889623,86.32864488623153,3064.154550739724,2436.7825501337697,99650.31671107654,79598.76063267345,0.023965778896188162,0.1483001986262776,20051.556078403082,0.8425069475291874,0.03175541892492309,0.0038238409980168903,0.004319853436324106
2025-05-02,96910.0703125,97905.8984375,96375.9453125,96494.96875,26421924677,89.09781993663097,3166.5449472014734,2582.7350295473107,100516.26470517549,79895.10873232452,0.004319853436324106,-0.2185454052236581,20621.155972850975,0.8251216179430438,0.03267508667562111,0.0032647126360764874,-0.010562998380901132
2025-05-03,95891.796875,96943.8828125,95821.2890625,96904.6328125,15775154889,83.13637661153473,3129.449571099409,2692.077937857731,100944.93324107498,80687.12222767503,-0.010562998380901132,-0.5157579186676414,20257.811013399943,0.7505586184640962,0.03263521670345599,0.0018667144814235187,-0.016569841900567834
2025-05-04,94315.9765625,96318.921875,94173.4296875,95877.1875,18198688416,75.67301675619746,2939.0165355937934,2741.4656574049436,101096.64702765683,81512.76703484317,-0.016569841900567834,0.14291329941483538,19583.879992813658,0.6537626625752576,0.031161385829962824,0.0008524668323621748,0.004570714740087168
2025-05-05,94748.0546875,95193.1875,93566.265625,94319.5625,25816260327,72.74529709480535,2790.791568623943,2751.3308396487437,101067.98201088405,82649.33830161595,0.004570714740087168,0.34965501220801654,18418.6437092681,0.6568733603221515,0.029454869314505607,-0.0003474099456910409,0.021451265529472022
2025-05-06,96802.4765625,96889.1796875,93399.859375,94748.3828125,26551275827,63.9757001414611,2806.7425096746592,2762.413173653927,101177.58550832112,83816.59574167887,0.021451265529472022,0.028073261642039236,17360.989766642248,0.747991963325254,0.028994532054792018,0.003764672190725637,0.002371543824223951
2025-05-07,97032.3203125,97625.8046875,95829.3359375,96800.1953125,76983822462,63.893489467154254,2805.5891300457297,2771.0483649322878,101225.88832517975,84981.94995607025,0.002371543824223951,1.0645175016028756,16243.938369109499,0.7418379756564917,0.028913965171708928,0.004220902306403771,0.062026403533745514
2025-05-08,103241.4609375,103969.5390625,96913.875,97034.25,69895404397,75.88430913247075,3268.0290205923375,2870.4444960642977,102297.05400115979,85789.8499050902,0.062026403533745514,-0.09659540019890284,16507.20409606959,1.0572118046667889,0.031654230683259385,0.009658134397483392,-0.002624571996284568
2025-05-09,102970.8515625,104297.4921875,102343.09375,103239.125,58198593958,73.63463221289958,3571.5099075380567,3010.6575783590497,102972.99839382114,86904.64926242885,-0.002624571996284568,-0.1831387060367094,16068.349131392286,0.9998663937841664,0.03468466904316378,0.00866607362139644,0.016618093181868365
2025-05-10,104696.328125,104961.765625,102830.484375,102973.7109375,42276713994,76.29926858958868,3906.2237195891066,3189.7708066050614,103693.57866004005,88136.27133995996,0.016618093181868365,-0.31962475777070787,15557.307320080086,1.0644552070823095,0.037310035505021266,0.012549086701792082,-0.005650983970075977
2025-05-11,104106.359375,104937.9921875,103364.7421875,104701.0703125,46285517406,77.5251591480748,4076.885481514124,3367.1937415868742,104287.2928289695,89201.3024835305,-0.005650983970075977,0.09059267527629064,15085.990345439,0.9880065246080986,0.039160772751920314,0.014108923549005203,-0.012501714607270616
2025-05-12,102812.953125,105747.453125,100814.40625,104106.9609375,63250475404,70.75479742724278,4060.956899187411,3505.946373106982,105050.5670599927,89375.13450250731,-0.012501714607270616,0.3122735306942618,15675.432557485386,0.8572534488737256,0.03949849484675437,0.011670005070811234,0.013111031807523908
2025-05-13,104169.8125,104997.421875,101515.09375,102812.4921875,52608876410,75.29933516620845,4110.438023869487,3626.844703259483,105974.4578849425,89498.3139900575,0.013111031807523908,-0.1842177852998609,16476.143894884997,0.8904691900934634,0.03945901336694339,0.010478543110532933,-0.006070027639406428
2025-05-14,103539.4140625,104303.5625,102618.296875,104167.328125,45956071155,73.22683099744536,4052.0744937899726,3711.8906613655813,106639.82145898078,89792.51213476922,-0.006070027639406428,-0.1351988932295404,16847.309324211557,0.8159701744167572,0.0391355748965703,0.009272604330014306,0.0019801487371228356
2025-05-15,103744.640625,104153.6171875,101440.8125,103538.828125,50408241840,70.1349349401458,3976.5419439409015,3764.8209178806455,107267.53148491705,90067.21617133294,0.0019801487371228356,0.09246872496065618,17200.315313584113,0.7951845186735843,0.038330095125729796,0.0006945679304967814,-0.002464381118651062
2025-05-16,103489.2890625,104533.484375,103137.4765625,103735.65625,44386499364,68.43241113640343,3851.677377746426,3782.1922098538016,107748.45384651417,90470.52974723582,-0.002464381118651062,-0.12721933545777409,17277.924099278345,0.7534909425726198,0.037218125785174666,0.0007174523415872824,-0.0028856472892223486
2025-05-17,103191.0859375,103716.9453125,102659.1796875,103489.2890625,37898552742,71.30954721468677,3686.166971152503,3762.9871621135417,108017.25993223376,91145.34788026624,-0.0028856472892223486,-0.15802242968928287,16871.91205196752,0.7139521602608359,0.03572175772416149,-0.0020687962971399623,0.031055414958406476
2025-05-18,106446.0078125,106597.171875,103142.6015625,103186.953125,49887082058,82.25058949233036,3774.137862326461,3765.2173021561257,108828.90195523734,91480.43163851266,0.031055414958406476,0.274849167517602,17348.470316724677,0.8626452880724023,0.03545588923329506,0.003174974978357531,-0.007920998372646527
2025-05-19,105606.1796875,107068.71875,102112.6875,106430.53125,61761126647,78.25626954786391,3733.0559709405206,3758.785035913005,109258.65204707075,92182.82060917925,-0.007920998372646527,0.2135120552414953,17075.831437891495,0.7861028101116851,0.03534884020979675,0.0038293630118752587,0.011157568710076757
2025-05-20,106791.0859375,107307.1171875,104206.515625,105605.40625,36515726122,77.22561274248845,3752.849791410903,3757.597987012585,109719.83237082724,92980.01762917277,0.011157568710076757,-0.525531127435827,16739.814741654467,0.8250430797157913,0.03514197611593983,0.003550296855097094,0.026675054496876065
2025-05-21,109678.078125,110724.4609375,106127.234375,106791.3125,78086364051,80.1070990805996,3955.891622504103,3797.2567141108884,110833.0039038558,93185.4203148942,0.026675054496876065,0.76007242512843,17647.5835889616,0.9345561519493732,0.03606820697565084,0.008228165731708878,0.018027963942364385
2025-05-22,111673.28125,111970.171875,109285.0703125,109673.4921875,70157575642,75.11361092638106,4229.050097035768,3883.6153906958643,112221.18196273758,93273.56334976241,0.018027963942364385,-0.10707165282069016,18947.618612975173,0.9710833997701772,0.03786984719799095,0.0105207107610291,-0.04006256233899459
2025-05-23,107287.796875,111798.90625,106841.3046875,111679.359375,67548133399,60.32652023838669,4045.029634380684,3915.8982394328286,112418.35985675221,94215.98545574778,-0.04006256233899459,-0.03790336161830114,18202.374401004432,0.7181377072724193,0.037702606933885593,0.005149542015265738,0.004680702474076876
2025-05-24,107791.15625,109454.5234375,106895.2890625,107278.5078125,45903627163,57.862832634790685,3894.9108786323195,3911.7007672727273,112241.81503673237,95740.04824451763,0.004680702474076876,-0.38629629404168864,16501.766792214738,0.7302919837145652,0.036133863056435296,0.006230449124308484,0.011476897551184374
2025-05-25,109035.390625,109313.3046875,106683.375,107802.2734375,47518041841,62.119947748578454,3832.1651839162805,3895.7936506014385,112005.99066915848,97404.60620584151,0.011476897551184374,0.03456533005231691,14601.384463316965,0.7965535356169611,0.035146067363541214,0.003433518066133898,0.0037072948540294247
2025-05-26,109440.3671875,110376.8828125,108735.640625,109023.78125,45950461571,67.04060655318168,3771.639876131172,3870.9628957073855,111909.15858112145,98765.22735637854,0.0037072948540294247,-0.03354557333371861,13143.931224742904,0.8121725265136155,0.0344629680350886,0.0050947028128018905,-0.00408109657520394
2025-05-27,108994.640625,110744.2109375,107609.5546875,109440.40625,57450176272,63.0155838506594,3645.681577283787,3825.906632022666,111410.74956183496,100459.86840691505,-0.00408109657520394,0.22335417873614297,10950.881154919916,0.7793685364076611,0.0334482645786859,0.0029177506291903628,-0.010999457493792041
2025-05-28,107802.328125,109298.2890625,106812.9296875,108992.171875,49155377493,61.16137377929218,3410.3368237448594,3742.792670367105,111545.50614670909,100781.19854079091,-0.010999457493792041,-0.15593182212269974,10764.307605918177,0.6522602141496074,0.03163509437189958,-0.0024643225123336526,-0.020245528009254558
2025-05-29,105641.7578125,108910.046875,105374.3984375,107795.5703125,56022752042,54.50577344493657,3014.7324839494395,3597.180633083572,111474.16203266777,101119.63327983224,-0.020245528009254558,0.1307716442520206,10354.528752835526,0.4367291492071975,0.02853731844655772,-0.007931964219707788,-0.015676574887611795
2025-05-30,103998.5703125,106308.9453125,103685.7890625,105646.2109375,57655287183,51.13476688433135,2539.3496538083273,3385.6144372285235,111493.80442534911,101030.21510590089,-0.015676574887611795,0.028724059582988314,10463.58931944822,0.2836842230688157,0.024417159256881753,-0.004448251726653102,0.006130518270315466
2025-05-31,104638.09375,104927.1015625,103136.1171875,103994.71875,38997843858,53.175877752960645,2188.976375591694,3146.2868249011576,111479.51153430664,101097.68143444335,0.006130518270315466,-0.39097559536139764,10381.830099863291,0.34102005922856776,0.020919497834331426,-0.004241135184333304,0.009643965283822335
2025-06-01,105652.1015625,105884.546875,103826.953125,104637.296875,37397056873,48.06744359415174,1970.411309318355,2911.1117217845976,111370.47903557033,101490.62877692968,0.009643965283822335,-0.04191435082031149,9879.850258640654,0.4212080827774074,0.018649996357646803,-0.00450298265109931,0.0021692037754339633
2025-06-02,105881.53125,105958.3125,103727.546875,105649.8125,45819706290,50.6907996733867,1795.018126376919,2687.893002703062,111349.30512374519,101682.97456375482,0.0021692037754339633,0.20312225883315457,9666.330559990369,0.43434855245100684,0.0169530805343063,-0.004722709948041518,-0.004250198055930138
2025-06-03,105432.46875,106813.578125,104920.84375,105888.4765625,46196508367,46.46084138126968,1601.3231183586904,2470.579025834188,111269.49864024804,101952.08651600195,-0.004250198055930138,0.008189951837914624,9317.412124246097,0.37353528936869795,0.015188140212819312,-0.004746867302430975,-0.006666084188030525
2025-06-04,104731.984375,105997.6953125,104232.703125,105434.3671875,44544857105,35.45913398818908,1375.4399782491382,2251.551216317178,111210.6525367361,102109.66699451389,-0.006666084188030525,-0.03640751247199664,9100.985542222217,0.2881355396423942,0.013132950611575179,-0.004127813973036473,-0.030597731847037197
2025-06-05,101575.953125,105936.6875,100436.8828125,104750.78125,57479298400,22.211825655306228,931.0283017730108,1987.4466334083445,111462.82500737275,101666.16093012724,-0.030597731847037197,0.2549281488638505,9796.664077245514,-0.00920801248424497,0.009165833773937435,-0.005606700235576849,0.02733035306445883
2025-06-06,104390.34375,105376.7734375,101169.5703125,101574.3671875,48856653697,41.27131018134542,796.7422996703826,1749.3057666607522,111376.07626940253,101872.83544934746,0.02733035306445883,-0.16253427924417693,9503.24082005507,0.2649105024613787,0.007632337159253608,0.0005371466147189545,0.011669145986995247
2025-06-07,105615.625,105972.7578125,103987.3125,104390.6484375,38365033776,43.719314706386506,780.1960182546754,1555.483816979537,111355.58748152727,101810.28595597274,0.011669145986995247,-0.24174410989245404,9545.301525554532,0.3986609573138439,0.00738712684088813,0.001328379145673209,0.0016841596083658349
2025-06-08,105793.6484375,106497.0625,105075.328125,105617.5078125,36626232328,40.02725457066841,772.5425846013095,1398.8955705038916,111357.61441356095,101827.00589893904,0.0016841596083658349,-0.04638175206294429,9530.608514621912,0.4162003436060668,0.0073023531753676745,0.00019126404917942327,0.041659964564867834
2025-06-09,110294.1015625,110561.421875,105400.234375,105793.0234375,55903193732,52.09778369549942,1116.7529062734247,1342.4670376577983,111812.80864422357,101722.11323077643,0.041659964564867834,0.422856797528663,10090.69541344713,0.8494943094109703,0.010125227826808109,0.005832801304812833,-0.00033431842692466013
2025-06-10,110257.234375,110380.125,108367.7109375,110295.6875,54700101509,53.16604186387657,1370.7658566573082,1348.1268014577004,111918.1750107306,101674.6624892694,-0.00033431842692466013,-0.021755946314112207,10243.512521461205,0.8378543851777798,0.012432434610096832,0.006392212680385044,-0.01434738860972619
2025-06-11,108686.625,110384.21875,108086.328125,110261.796875,50842662052,52.17614990460239,1428.8668122953095,1364.2748036252221,111325.07302640755,101969.09884859245,-0.01434738860972619,-0.07312975884717043,9355.974177815107,0.7179932333861543,0.013146666503769985,0.0052948834772856635,-0.02569916684533185
2025-06-12,105929.0546875,108780.6953125,105785.6875,108685.9140625,54843867968,50.68682273048175,1238.1270026123093,1339.0452434226397,111257.4227917252,101900.87486452481,-0.02569916684533185,0.07575457776195664,9356.547927200387,0.43051987274756,0.011688266323766341,0.005994678477529284,0.0015273471943905203
2025-06-13,106090.96875,106182.546875,102822.0234375,105924.59375,69550440846,55.383442137047254,1087.4934928593866,1288.7348933099893,111141.36840661212,101846.91049963787,0.0015273471943905203,0.23756187281576868,9294.457906974247,0.4566224617766112,0.010250575573704398,0.0023085347818052404,-0.005847555254663668
2025-06-14,105472.40625,106203.7578125,104379.3671875,106108.0859375,38007870453,52.148884589009114,907.7386804562993,1212.5356507392512,110824.12881233891,101807.85165641109,-0.005847555254663668,-0.6042590014323774,9016.277155927819,0.406437660490418,0.008606409133254219,-0.00019385110986031847,0.0007545779547483326
2025-06-15,105552.0234375,106157.1015625,104519.8828125,105464.84375,36744307742,49.72920089530708,762.9117662606295,1122.6108738435269,110391.46006366452,101851.68603008548,0.0007545779547483326,-0.03380993317700509,8539.774033579044,0.4333062435685162,0.007227827012831911,-0.0003266484889485331,0.011723623976989297
2025-06-16,106796.7578125,108915.375,104997.625,105555.59375,50366626945,52.3475050507358,740.044284867894,1046.0975560484003,110078.52857575269,101944.82923674732,0.011723623976989297,0.3153454696725841,8133.6993390053685,0.5965217514845347,0.006929463965256029,-0.004603268572931181,-0.020773336361813687
2025-06-17,104601.1171875,107750.1953125,103396.53125,106794.1171875,55964092176,48.042974271565946,538.5437947753526,944.5868037937908,109873.46362263315,101829.77309611686,-0.020773336361813687,0.10538148196813402,8043.690526516293,0.3445363893907866,0.005148547255092888,-0.0075231282779153275,0.0026943395038619066
2025-06-18,104883.328125,105581.8515625,103602.265625,104602.0703125,47318089133,50.36342433824953,397.0483426256542,835.0791115601635,109858.11266201896,101769.28108798103,0.0026943395038619066,-0.16781761743842133,8088.831574037933,0.38498107032089673,0.003785619218265574,-0.005088595690259885,-0.0018995217392710328
2025-06-19,104684.2890625,105250.890625,103940.7734375,104886.7734375,37333806920,58.69955468754441,265.7875549855671,721.2208002452442,109838.88134173815,101857.08428326187,-0.0018995217392710328,-0.23699338858641597,7981.797058476281,0.3542065475387433,0.0025389440704601156,-0.0016886463893940548,-0.013218729770939191
2025-06-20,103309.6015625,106539.3828125,102372.2109375,104681.03125,50951862476,46.710111694722336,50.25730763238971,587.0281017226733,109899.4483332482,101663.66807300178,-0.013218729770939191,0.3109820460724139,8235.780260246422,0.19985155473887897,0.00048647276605732684,-0.0037952288130125847,-0.010237095073649533
2025-06-21,102257.40625,104015.78125,100973.0625,103315.078125,38360555118,39.66837029003899,-203.11396303043875,428.99968877205094,110021.6815565106,101201.96531848941,-0.010237095073649533,-0.28385159279339495,8819.716238021181,0.11966835474372019,-0.001986300752963199,-0.004422305930010566,-0.012500036871865048
2025-06-22,100987.140625,103351.6328125,98286.203125,102212.03125,65536997201,36.14389397854762,-500.64125955510826,243.07149910661911,110233.52433120893,100500.68348129108,-0.012500036871865048,0.5355851047582483,9732.840849917848,0.04998100258805466,-0.004957475342471191,-0.006315822333812476,0.0444546821160779
2025-06-23,105577.7734375,106116.859375,99705.75,100987.4765625,65237759656,36.47418783288568,-361.8370508829248,122.08978910871033,110241.63423760138,100507.10404364862,0.0444546821160779,-0.004576388814543085,9734.530193952756,0.5208951323609676,-0.003427208579058786,-0.0016399568853712485,0.004421629398587352
2025-06-24,106045.6328125,106316.828125,104740.2421875,105571.515625,48822986421,38.21305769793365,-211.64170020376332,55.343491246215606,110306.27096091912,100573.83216408087,0.004421629398587352,-0.28983720195140045,9732.43879683825,0.5622229702791631,-0.001995760641816985,0.0019593239375431857,0.012329889288552448
2025-06-25,107361.2578125,108168.3984375,105881.390625,106047.40625,51624120283,46.237008967012414,13.394733521534363,46.95373970127936,110307.68061777166,101150.95297597835,0.012329889288552448,0.0557877754380102,9156.727641793317,0.6782231687416123,0.00012476319479162083,0.0033358310496418345,-0.00374445620028651
2025-06-26,106960.0,108305.546875,106666.3515625,107375.0703125,43891990613,53.37920855008059,157.54351298129768,69.07169435728304,110422.15344563799,101293.445773112,-0.00374445620028651,-0.16225715335032576,9128.707672525983,0.6207400247837485,0.0014729199044623941,0.00307226898378248,0.00120000602760066
2025-06-27,107088.4296875,107772.46875,106449.9921875,106954.921875,45353692675,53.27664676682799,278.9303265126655,111.04342078835953,110526.76108886958,101336.11859863043,0.00120000602760066,0.03275974211364008,9190.642490239145,0.6258878087117566,0.0026046728607994883,0.005132088383573888,0.002231861322037002
2025-06-28,107327.703125,107567.8828125,106883.9765625,107090.546875,30037708335,56.25038163759905,389.94260191173817,166.8232570130353,110644.80519101673,101371.47996523327,0.002231861322037002,-0.4120380625075707,9273.325225783454,0.6422963731721029,0.0036331961884769736,0.006913367868671964,0.009808164803266642
2025-06-29,108385.5703125,108526.3046875,107230.109375,107327.8203125,35534874438,58.9557435242014,556.8625066897948,244.8311069483872,110246.64906643554,101578.78296481447,0.009808164803266642,0.16806105592982937,8667.866101621068,0.7852898588744625,0.0051377919134829005,0.010100253822262206,-0.011602107852204922
2025-06-30,107135.3359375,108798.7890625,106759.6484375,108383.4375,42064804590,51.06974232188733,581.5604020949395,312.1769659776977,109632.36976106792,101880.87242643208,-0.011602107852204922,0.16869680276371868,7751.497334635846,0.6778643253334863,0.005428278140035953,0.0020921409696503736,-0.013504224993731051
2025-07-01,105698.28125,107550.6796875,105270.2265625,107144.3828125,44110692247,53.64103936212522,479.64629490984953,345.6708317641281,109229.46700972696,101984.94080277304,-0.013504224993731051,0.047490812083642725,7244.526206953917,0.5125718840884399,0.004537881687738886,-0.00046869537210939824,0.02946777720135706
2025-07-02,108859.3203125,109763.65625,105157.3984375,105703.1015625,56248657737,61.07798847114456,646.4956655493588,405.83579852117424,109656.94399885293,101850.49037614708,0.02946777720135706,0.243079970700546,7806.453622705856,0.897825091276548,0.005938817766760607,0.001979574329719832,0.007218611789243166
2025-07-03,109647.9765625,110541.4609375,108605.796875,108845.015625,50494742270,63.38998267642856,832.7633842492505,491.2213156667895,110205.99594996762,101657.13920628239,0.007218611789243166,-0.10791296095069873,8548.856743685232,0.9347258464845905,0.00759488145934522,0.003545726899652643,-0.014825919147368482
2025-07-04,108034.3359375,109751.984375,107296.3828125,109635.65625,42616442656,62.583164244493304,840.4859814158262,561.0742488165969,110428.66097291608,101690.66715208392,-0.014825919147368482,-0.16962906075036893,8737.99382083217,0.7259868701545058,0.007779804208747708,0.001256309017514194,0.0018203901235928528
2025-07-05,108231.1796875,108381.34375,107842.2734375,108015.8359375,30615537520,66.66912278605906,852.6608967866341,619.3915784106043,110660.28255420974,101726.96119579025,0.0018203901235928528,-0.33073251446312724,8933.32135841949,0.7280851354999016,0.007878144719927791,0.0011975274177364588,0.009205212306969758
2025-07-06,109232.0703125,109731.625,107847.015625,108231.1875,36746020463,73.35766148719563,932.3258416294266,681.9784310543688,110979.68374205436,101651.09125794563,0.009205212306969758,0.18252229089203856,9328.592484108725,0.8126605452502899,0.008535275757038687,0.0011113913468369038,-0.008570920982479692
2025-07-07,108299.8515625,109710.25,107527.0546875,109235.328125,45415696597,59.728037327859525,909.7515722996613,727.5330593034274,111171.73165733446,101828.91678016554,-0.008570920982479692,0.21182785224069298,9342.814877168916,0.6926108316827321,0.008400303039885908,0.0015444180425119366,0.005987787747688724
2025-07-08,108950.2734375,109198.96875,107499.5546875,108298.2265625,44282204127,60.24676414203049,933.5831453626743,768.7430765152768,111432.42558801977,101974.91738073021,0.005987787747688724,-0.025274901680898847,9457.50820728956,0.7375469208044309,0.008568892173531167,0.0043289912912861895,0.021576245274881944
2025-07-09,111326.5546875,111925.375,108357.6796875,108950.2734375,57927418065,63.014534612398364,1131.1763790119148,841.2297370146044,112089.23501237524,101982.33451887475,0.021576245274881944,0.26860793056918086,10106.900493500492,0.9245386530354557,0.010160885533439811,0.003201629587504031,0.04101205071842649
2025-07-10,115987.203125,116608.78125,110660.75,111329.1953125,95911605728,73.15439281042399,1644.8846125944838,1001.9607121305804,113817.1474683736,101522.1822191264,0.04101205071842649,0.504236179425397,12294.965249247209,1.1764995355930825,0.014181604248373704,0.008029263720244506,0.013103070357299034
2025-07-11,117516.9921875,118856.4765625,115245.6875,115986.234375,86928361085,74.95485208308563,2150.651904716535,1231.6989506477714,115474.53969920681,101390.74858204318,0.013103070357299034,-0.09834264998819943,14083.791117163637,1.145021498210304,0.01830077391093485,0.012019119363768437,-0.000696019205401959
2025-07-12,117435.2265625,118219.8984375,116977.0234375,117530.7109375,45524560304,74.37033342236853,2515.8768625931552,1488.5345330368482,116475.31790522944,102034.77896977054,-0.000696019205401959,-0.6468323764150407,14440.538935458899,1.0664731878470564,0.021423527984204847,0.01165963231676918,0.014211873752884076
2025-07-13,119116.1171875,119449.5703125,117265.4375,117432.203125,49021091807,75.11788036258727,2907.438952239012,1772.3154168772812,118167.73320215571,101696.19804784429,0.014211873752884076,0.0739986833110935,16471.535154311423,1.057577146055812,0.024408442962109225,0.01237486966618551,0.00613969178492453
2025-07-14,119849.703125,123091.609375,118959.1953125,119115.7890625,181746419401,80.49926592870982,3239.6048356967076,2065.7733006411668,119751.79342018509,101492.54486106492,0.00613969178492453,1.3103617650007593,18259.24855912017,1.005362197929279,0.027030562039172406,0.014476385775814685,-0.017443885857792257
2025-07-15,117777.1875,119935.5625,115765.6875,119853.8515625,98321661181,78.11769823695613,3297.601306090117,2312.138901730957,120669.0942695951,101616.8369804049,-0.017443885857792257,-0.6143680547652244,19052.257289190195,0.8482118561753444,0.027998641978864685,0.011129003832174545,0.008129063950949825
2025-07-16,118738.5078125,120065.515625,117064.8203125,117777.1875,72162029070,75.62100550618129,3382.1471547619876,2526.140552337163,121618.69509098072,101845.08694026929,0.008129063950949825,-0.30933036637203226,19773.60815071143,0.8543418451235998,0.02848399577416567,0.00920797792875567,0.0046325315439855776
2025-07-17,119289.84375,120999.609375,117508.21875,118738.5078125,72363841798,75.31717263718028,3453.8250066586043,2711.6774432014518,122523.7249988737,102160.19843862629,0.0046325315439855776,0.002792757559012739,20363.52656024741,0.8411924752175512,0.028953219302532654,0.004010903760978396,-0.010844225617985717
2025-07-18,118003.2265625,120851.9140625,116925.984375,119284.109375,77945799785,76.6332461712118,3367.98690977809,2842.9393365167793,123069.99047097747,102681.48531027252,-0.010844225617985717,0.07430695864202198,20388.505160704954,0.7514891911623092,0.028541481516136745,0.0005898614787948602,-0.000536145993420385
2025-07-19,117939.9765625,118541.3984375,117388.4140625,117998.125,47564562765,76.12485683869568,3257.307638321523,2925.8129968777284,123557.21196491776,103149.70444133224,-0.000536145993420385,-0.4939257063532579,20407.50752358552,0.7247466210204018,0.02761835073449736,0.0006127005090779422,-0.005434339336073631
2025-07-20,117300.7890625,118865.03125,116550.1328125,117944.109375,57515447231,72.142686238979,3082.48347819662,2957.147093141507,123769.76439935985,103953.69731939016,-0.005434339336073631,0.18996555497184792,19816.06707996968,0.6735489786770333,0.026278454755783585,-0.0021939013607731586,0.0011821574696331473
2025-07-21,117439.5390625,119671.5625,116584.3984375,117306.46875,69820091744,76.22374330553481,2921.4533415950864,2950.0083428322228,123689.0865939869,105208.5009060131,0.0011821574696331473,0.19386825646379424,18480.5856879738,0.6618317386145159,0.02487623303800879,-0.0029021205486719276,0.021529885923986695
2025-07-22,119995.4140625,120269.96875,116233.2265625,117426.5,79217583118,78.56726606726606,2965.884677971728,2953.183609860124,124169.50315150066,105841.69372349934,0.021529885923986695,0.12627646756219654,18327.809428001317,0.7722537925004701,0.024716650224873904,0.0026655611344393515,-0.010391307548023082
2025-07-23,118754.9609375,120113.3515625,117391.390625,119997.4453125,66608604537,70.41221320294743,2867.94277281985,2936.135442452069,124406.37529646695,106515.52001603306,-0.010391307548023082,-0.17336451679232143,17890.855280433898,0.6841171497738158,0.024150088132564248,1.9793777443221747e-05,-0.0032638027078905844
2025-07-24,118368.0,119535.453125,117247.96875,118770.984375,72627318560,58.55030206716519,2727.655874648757,2894.439528891407,124288.12353557523,107667.13818317477,-0.0032638027078905844,0.08650737330379515,16620.985352400457,0.6438163315798321,0.02304386214727593,-0.0011082539728248014,-0.0062043007703418435
2025-07-25,117635.8828125,118486.9765625,114759.8203125,118368.0,104857024569,50.452929607512594,2528.257579077137,2821.203138928553,123936.45722898588,108959.27480226412,-0.0062043007703418435,0.3672566117128654,14977.18242672176,0.579321781829592,0.02149223110015615,-0.00044540756601853373,0.002644369296284202
2025-07-26,117947.3671875,118335.6875,117181.2265625,117644.84375,48508954046,51.9175057741044,2368.069547457446,2730.576420634332,123576.25395252636,110191.00776622364,0.002644369296284202,-0.7708493510615017,13385.246186302713,0.5794708078819615,0.020077341308457904,8.951761082121592e-06,0.012646766556765231
2025-07-27,119448.4921875,119815.59375,117859.6875,117944.7265625,54683390892,51.26142559118948,2335.3274195792765,2651.526620423321,122859.17783945415,112022.94794179586,0.012646766556765231,0.11981162291146838,10836.229897658282,0.6852516341784254,0.01955091585344987,0.0025919668886305305,-0.012840860304521964
2025-07-28,117924.4765625,119819.7890625,117441.4375,119457.5234375,64822943193,43.106962100025676,2161.4874413889193,2553.518784616441,121547.6189113254,114231.9271824246,-0.012840860304521964,0.17009957899359796,7315.691728900798,0.5047437094003571,0.01832942154501174,0.0005886786351798001,-1.9742703547879838e-05
2025-07-29,117922.1484375,119273.8671875,116987.3671875,117938.5859375,68463107433,50.60934479753201,2000.4699733892048,2442.9090223709936,120182.59778229058,116256.50768645942,-1.9742703547879838e-05,0.054635420249144716,3926.0900958311686,0.42424924298318667,0.016964327735679574,-0.0024898397401822816,-0.0007716619716275345
2025-07-30,117831.1875,118780.7265625,115800.828125,117921.9921875,68896148592,45.884967448096596,1844.2631647183152,2323.179850840458,119985.18345400952,116638.32045224048,-0.0007716619716275345,0.006305255374919108,3346.8630017690302,0.3564134675152979,0.015651740458936775,-0.0011156046578400611,-0.01774942596736902
2025-07-31,115758.203125,118919.984375,115505.21875,117833.6328125,69370346018,35.9253553454694,1535.495393939491,2165.642959460265,120225.71019326738,116221.91480673262,-0.01774942596736902,0.006859207453473778,4003.7953865347663,-0.1158180268881916,0.013264678895208886,-0.0031849794091941236,-0.0212871264623786
2025-08-01,113320.0859375,116060.7734375,112724.4453125,115738.953125,91294530181,32.90526289373031,1081.5911210336926,1948.8325917749505,120977.92817507188,115058.18276242811,-0.0212871264623786,0.2746313900208063,5919.745412643766,-0.2936100632326997,0.009544566720768533,-0.005339668793770803,-0.0070240041801152295
2025-08-02,112526.9140625,114021.6015625,112005.765625,113320.390625,56870866000,31.24051022242631,650.3693203692237,1689.1399374938053,121483.0520753072,113894.13854969278,-0.0070240041801152295,-0.47330768649682464,7588.913525614422,-0.18016076775389378,0.005779677917835673,-0.006720865004685008,0.014913601071925726
2025-08-03,114217.671875,114747.421875,111943.8046875,112525.8046875,48099615826,40.04103314701021,439.98113314925286,1439.308176624895,121358.83459552088,113455.15290447911,0.014913601071925726,-0.16750899882072182,7903.681691041769,0.09647642710422562,0.0038521283609314755,-0.006397031502519223,0.0074509708093231436
2025-08-04,115071.8828125,115729.46875,114130.40625,114223.921875,35783028986,42.689965381899015,338.2752363740874,1219.1015885747333,121353.28484494836,113190.17218630164,0.0074509708093231436,-0.2958004597556507,8163.112658646714,0.23051386216077013,0.0029396862909185084,-0.003498198486255636,-0.008118573366820805
2025-08-05,114141.4453125,115117.4375,112701.109375,115072.1875,61039182286,29.90967628460872,180.51320629240945,1011.3839121182685,121290.00357469605,112793.74720655396,-0.008118573366820805,0.5340422601847072,8496.256368142087,0.15862258005764318,0.001581486950670677,-0.004655174295294626,0.007737149330479471
2025-08-06,115028.0,115737.8359375,113372.25,114140.9140625,56379133510,36.89095484650318,125.57565686896851,834.2222610684086,121029.42184657868,112628.14455967132,0.007737149330479471,-0.07941687370334566,8401.277286907367,0.28565364031828305,0.001091696429295202,-0.003439629823565053,0.021236359971131914
2025-08-07,117496.8984375,117676.90625,114279.7109375,115030.0546875,64051649681,47.32744433583872,278.05151878086326,722.9881126108996,120980.33860959948,112626.59498415052,0.021236359971131914,0.127590667334614,8353.743625448958,0.5830084895724998,0.0023664583702076776,0.0021297681676493664,-0.006902004196733543
2025-08-08,116688.7265625,117689.203125,115917.4609375,117505.5,59713005166,47.10760521659799,329.87443459467613,644.365377007655,120883.44243850488,112598.36615524512,-0.006902004196733543,-0.07013994550370946,8285.076283259754,0.4937022022982552,0.002826960618324951,0.004184785634170089,-0.0016155749975506001
2025-08-09,116500.359375,117906.609375,116363.8359375,116678.2734375,54004312429,45.54769609613017,351.6907390403212,585.8304494141883,120836.10538615739,112565.66023884261,-0.0016155749975506001,-0.10048593547904092,8270.445147314778,0.47575421468509693,0.003018795314684592,0.004957418374536464,0.02380361527108938
2025-08-10,119306.7578125,119320.7109375,116485.1640625,116497.71875,64755458694,49.59632199540027,588.6476536169212,586.3938902547349,121081.21196841188,112507.27553158811,0.02380361527108938,0.18155409800874478,8573.936436823773,0.7930409014590242,0.004933900345712415,0.006227420402988416,-0.004833792329587668
2025-08-11,118731.4453125,122321.09375,118159.03125,119306.8125,90528784177,52.42965223879333,721.695547902098,613.4542217842076,120853.41908129983,112608.67154370018,-0.004833792329587668,0.3350498561601384,8244.747537599644,0.7426271988167685,0.006078385940663002,0.00447245424028687,0.012067410412961721
2025-08-12,120172.90625,120302.46875,118228.71875,118717.6640625,72803657984,56.23623565553456,932.6992373232206,677.3032248920102,121115.2263408998,112488.65881535021,0.012067410412961721,-0.21790165636756262,8626.567525549588,0.8907653492411916,0.0077613104852677275,0.0073561662088272315,0.02604611531030144
2025-08-13,123344.0625,123682.453125,118939.6328125,120168.9765625,90904808795,63.047607213859706,1340.356196415887,809.9138191967857,122231.27030996625,111870.22109628374,0.02604611531030144,0.22204670084610592,10361.049213682505,1.1074014964201815,0.010866807605075333,0.009971732777373229,-0.04125044324166835
2025-08-14,118359.578125,124457.1171875,117254.8828125,123339.3984375,104055627395,55.411076443057716,1246.8481521560898,897.3006857886465,122294.7017333614,111879.15920413859,-0.04125044324166835,0.13511273312340025,10415.542529222817,0.622187361117169,0.010534408553224892,0.0010450466041160467,-0.008154397097906272
2025-08-15,117398.3515625,119332.3125,116864.5703125,118365.78125,68665353159,59.03846513454383,1082.6987261445029,934.3802938598178,122253.92506449482,111865.03431050519,-0.008154397097906272,-0.4156808837566862,10388.890753989632,0.5326186772990492,0.009222435508969652,0.0008661333325199425,0.000791861061786004
2025-08-16,117491.3515625,117996.0625,117271.953125,117398.421875,48036922378,61.35484479667893,949.1719823901803,937.3386315658904,122038.98958263028,111884.2557298697,0.000791861061786004,-0.3572748197650246,10154.733852760575,0.5521657104883597,0.008078654043614984,0.001210052769568029,-0.000325941461445338
2025-08-17,117453.0625,118595.7734375,117279.5234375,117492.7890625,45852169525,58.005234630521684,830.6858393360453,916.0080731199215,122000.95469268283,111875.14921356717,-0.000325941461445338,-0.04654741595363894,10125.805479115661,0.5508611930119187,0.007072491952570801,-0.002237026763651217,-0.01027584894774574
2025-08-18,116252.3125,117614.171875,114723.6796875,117453.90625,72787808090,52.87146181817629,632.6019854977931,859.3268555954959,121904.1885910988,111804.93172140118,-0.01027584894774574,0.4621259544191252,10099.256869697623,0.440367131560199,0.0054416292621946175,-0.003014463423388084,-0.029870220205219213
2025-08-19,112831.1796875,116764.5,112730.3984375,116241.859375,71657600353,47.157183605861576,197.2880638524657,726.9190972468899,121937.72975885292,111271.38977239709,-0.029870220205219213,-0.01564924513196919,10666.33998645583,0.14623478316680275,0.0017485243387411137,-0.009005553511699646,0.012712851606869349
2025-08-20,114274.7421875,114625.796875,112387.9609375,112828.0234375,67993811526,48.40426429859755,-30.862166084509226,575.3628445806102,121953.62197196658,111107.15146553342,0.012712851606869349,-0.052482530690446914,10846.470506433165,0.2920388452711466,-0.0002700698815305234,-0.010910305469332802,-0.016372327846506683
2025-08-21,112419.03125,114802.6484375,111986.234375,114275.6875,57817883700,38.95588757542237,-357.29456157832465,388.83136334882323,122034.371845265,110936.296123485,-0.016372327846506683,-0.16211855966774966,11098.075721780013,0.1336029023126054,-0.0031782391077874073,-0.0073562889843097065,0.03886392642477823
2025-08-22,116874.0859375,117377.3984375,111678.9453125,112433.734375,82528088240,50.34795019411063,-253.58572757399816,260.34794516425893,121930.116120825,111475.26903542501,0.03886392642477823,0.3558405645148527,10454.84708539999,0.5163936744339215,-0.0021697344243582495,-0.0006393856239262056,-0.012915297318543016
2025-08-23,115374.328125,116996.25,114536.109375,116866.3671875,55377142586,47.98543799238187,-289.08130161536974,150.4620958083332,121896.99206051046,111624.05872073954,-0.012915297318543016,-0.39897177899649544,10272.933339770912,0.3650631499516498,-0.002505594670091343,-0.0025975511068303514,-0.01674535783150271
2025-08-24,113458.4296875,115615.0859375,111060.546875,115387.390625,73961489632,39.192497264146304,-466.4320534812141,27.083265950423737,121976.1828941847,111383.5225745653,-0.01674535783150271,0.2893776274505712,10592.660319619405,0.19588158690328467,-0.0041110392129162536,-0.004943182016838548,-0.029826315528831894
2025-08-25,110124.3515625,113637.84375,109324.28125,113456.8984375,85706860190,35.5661053686309,-866.0329539062368,-151.5399780209084,122443.22506756979,110514.77102618021,-0.029826315528831894,0.14738832392616286,11928.454041389574,-0.03273009749004318,-0.007864136692915993,-0.00773610581413657,0.01512512333952803
2025-08-26,111802.65625,112397.015625,108762.0390625,110124.1015625,69396320317,36.073910470979335,-1035.3594056192233,-328.3038635405714,122612.41790794332,110023.04381080669,0.01512512333952803,-0.21109902655327414,12589.374097136635,0.14135829354677218,-0.009260597559543431,-0.0013081995934583924,-0.00520655346926939
2025-08-27,111222.0625,112619.4140625,110398.265625,111795.7109375,62137056409,27.92937701060221,-1202.5387833929854,-503.15084751105417,122666.00038336011,109341.97774163989,-0.00520655346926939,-0.11049131220428719,13324.022641720221,0.141104890686169,-0.010812052540322073,-0.003868114604335355,0.011822640333317674
2025-08-28,112544.8046875,113450.078125,110900.921875,111219.0546875,58860155962,37.78414154613968,-1214.297736396431,-645.3802252881295,122624.82901461973,108968.75692288027,0.011822640333317674,-0.05417814002091782,13656.07209173945,0.26186503268261246,-0.010789460604317876,0.00015973799278241042,-0.03742335971466304
2025-08-29,108410.8359375,112619.0546875,107559.625,112550.5234375,77843379644,33.339695828327336,-1539.4477253718505,-824.1937253048739,122962.89973020785,107821.73386354216,-0.03742335971466304,0.27953446225367673,15141.165866665688,0.038907312630049685,-0.014200127801425298,-0.010738445741423486,0.0036574608046354446
2025-08-30,108808.0703125,108929.3515625,107444.4453125,108409.40625,51486264208,34.08319027021888,-1744.9630916588794,-1008.3475985756751,122744.8456738002,106989.91916994979,0.0036574608046354446,-0.41338379707936174,15754.926503850409,0.11540207071773706,-0.01603707414943849,-0.008370908866683706,-0.005264910692760397
2025-08-31,108236.7109375,109491.0,108104.65625,108818.4609375,47986191770,33.429877076685415,-1931.6723106397694,-1193.012540988494,122528.46629905683,106156.82510719317,-0.005264910692760397,-0.07040175962312362,16371.641191863659,0.12704198717354961,-0.017846738818174092,-0.006730844989720518,0.00932367209897638
2025-09-01,109250.59375,109890.5859375,107271.1796875,108228.75,66870372995,37.32641736759639,-1975.0615619992896,-1349.4223451906532,121799.93184129927,105793.12831495072,0.00932367209897638,0.3318427158985115,16006.80352634855,0.21599974219448512,-0.018078268448763368,-0.0011379896143193355,0.017691382281182146
2025-09-02,111200.5859375,111748.015625,108454.03125,109243.0703125,74776999491,46.88248512161707,-1830.993233298068,-1445.7365228121362,119877.42793262242,106501.28456737757,0.017691382281182146,0.11175433029610446,13376.143365244847,0.3513196025045785,-0.01646567972516955,-0.000771381194083033,0.004688830576405435
2025-09-03,111723.2109375,112600.2265625,110582.9609375,111190.6953125,61119643565,44.94369880548453,-1655.562283651263,-1487.7016749799616,119109.86811424694,106605.20766700305,0.004688830576405435,-0.20167703114201846,12504.660447243892,0.4092876645542647,-0.014818427341632839,0.0006422450981562276,-0.00898746169776838
2025-09-04,110723.6015625,112208.328125,109347.2265625,111718.1484375,60131132901,46.52221000361216,-1578.9904950829514,-1505.9594390005595,118460.17069563479,106587.4300856152,-0.00898746169776838,-0.016305587381326668,11872.740610019595,0.3483754604555139,-0.014260649697089746,-0.0023306266205703513,-0.0006560571512495267
2025-09-05,110650.984375,113357.4921875,110233.3984375,110723.015625,60241647677,34.43653746432773,-1506.7969834401883,-1506.1269478884856,117685.53544738445,106678.02861511555,-0.0006560571512495267,0.0018362092579551528,11007.506832268904,0.36093148252583684,-0.013617565103023407,0.0029218451742030077,-0.0038599957441809024
2025-09-06,110224.6953125,111275.015625,110024.0859375,110650.5703125,21500719036,36.39045496533984,-1467.0696048489335,-1498.3154792805751,116790.06151181136,106850.66583193865,-0.0038599957441809024,-1.030277556884134,9939.395679872716,0.33946022366263423,-0.013309808665740634,0.0018479228100863867,0.008518160055379413
2025-09-07,111167.6171875,111591.078125,110211.625,110221.328125,24618007520,43.6175621953789,-1344.0065848147933,-1467.4537003874188,116080.57846022252,107051.67935227748,0.008518160055379413,0.1353918100463231,9028.899107945035,0.455862645712833,-0.012089910882482397,0.0038169329169635024,0.008097306013038336
2025-09-08,112071.4296875,112869.234375,110630.609375,111163.015625,40212813407,56.274439311958155,-1160.1743715707853,-1405.9978346240923,116010.4416752082,107045.84113729179,0.008097306013038336,0.4907074981497657,8964.600537916413,0.5606037356546525,-0.010352097539986916,0.0036417377618294957,-0.004837916692699648
2025-09-09,111530.546875,113225.4375,110776.703125,112077.578125,45984480722,49.05376505336732,-1046.0722707776586,-1334.0127218548057,115683.20092435625,107098.66235689375,-0.004837916692699648,0.13411827765107795,8584.5385674625,0.5162635688892656,-0.009379244521683051,0.0004232664798463825,0.02150827089182057
2025-09-10,113955.359375,114275.25,110940.078125,111531.25,56377473784,58.42427108535853,-751.3226502613543,-1217.4747075361154,115890.49474552397,107045.00134822603,0.02150827089182057,0.20376571377283967,8845.493397297949,0.7812292335082308,-0.006593131331269203,0.0028260436677628306,0.013529013824572132
2025-09-11,115507.5390625,115522.546875,113453.8359375,113961.4296875,45685065332,59.004074306228276,-388.0107770618488,-1051.581921441262,115501.05886767361,107297.78253857639,0.013529013824572132,-0.21029823122609537,8203.276329097222,1.0007899520344579,-0.0033591814024528733,0.00604268302809719,0.005129680319349263
2025-09-12,116101.578125,116769.3828125,114794.484375,115507.7890625,54785725894,79.78078001220982,-51.555215842148755,-851.5765803214393,115695.63914424443,107175.92726200557,0.005129680319349263,0.18165823713405294,8519.711882238858,1.0476470315387998,-0.00044405267072805996,0.006869216952468444,-0.0013020381457220277
2025-09-13,115950.5078125,116334.6328125,115248.2734375,116093.5625,34549454947,78.1951075089745,200.58589939656667,-641.1440843778382,116198.36277632658,106922.41144242343,-0.0013020381457220277,-0.46103790932224253,9275.951333903155,0.9732798335280546,0.001729926872945895,0.007234639466533999,-0.0046927460797969575
2025-09-14,115407.65625,116181.5,115222.3984375,115950.2890625,32798036057,78.37149969924783,352.54207986110123,-442.40685153005035,116713.2073776408,106935.89730985918,-0.0046927460797969575,-0.05202313702853525,9777.310067781626,0.8664713383751886,0.0030547546958012263,0.005347367161508803,0.00032244610982561805
2025-09-15,115444.875,116747.8828125,114461.0625,115399.6328125,52937859416,76.55999807047846,470.54751093889354,-259.8159790362616,117156.27690021774,106857.04966228227,0.00032244610982561805,0.4787501245431383,10299.227237935469,0.8338320088797623,0.004075949763373156,0.004236672889621271,0.012039614740681204
2025-09-16,116843.1875,117005.2734375,114813.09375,115423.7578125,45781744593,75.39597871423217,669.1858400062483,-74.01561522775961,117853.77242425019,106721.66663824981,0.012039614740681204,-0.14523333983993092,11132.105786000378,0.9092188896082898,0.005727213150584824,0.006647748808675679,-0.003211840787451935
2025-09-17,116468.5078125,117328.609375,114794.9765625,116840.5078125,60528025996,71.6456908754239,787.2991331216181,98.24733444211594,118356.27735244336,106611.53202255665,-0.003211840787451935,0.2792210753880888,11744.745329886704,0.8392668817483496,0.006759759766039701,0.003116304283065321,0.005725006775122414
2025-09-18,117137.203125,117911.7890625,116188.796875,116461.265625,49457272032,80.16637159556666,924.2091839029308,263.43970433427893,118815.06354724003,107025.38254650998,0.005725006775122414,-0.20199739183995666,11789.681000730052,0.8576839846525964,0.007889971411701578,0.0020014461331439326,-0.012441583362179643
2025-09-19,115688.859375,117479.7578125,115141.8203125,117137.671875,38828473971,70.98046437295596,905.4052016500791,391.832803797439,118947.9736781316,107580.55132186839,-0.012441583362179643,-0.24195526282403632,11367.42235626321,0.7132934625819888,0.007826209079607663,-0.0005087343927887686,0.0002860848311332532
2025-09-20,115721.9609375,116191.1484375,115473.5234375,115691.125,22864449614,73.66874454238072,882.9953094103694,490.06530492002514,118898.28843496354,108378.76156503645,0.0002860848311332532,-0.5295705570065181,10519.526869927096,0.6980541485620775,0.007630317549555388,-0.00028185968180944275,-0.0036001483649767967
2025-09-21,115306.09375,115901.0859375,115252.578125,115730.2265625,22495852193,68.66555178996907,822.2004864657647,556.4923412291731,118820.96068664403,109061.63931335598,-0.0036001483649767967,-0.016252340468645734,9759.321373288054,0.6398451488373866,0.0071305900644627876,-0.0001257742939779912,-0.02243053331974822
2025-09-22,112748.5078125,115431.3125,112037.6484375,115309.21875,70684158591,52.6573674443819,561.1754593842052,557.4289648601796,118762.53656553569,109274.8556219643,-0.02243053331974822,1.14489053736662,9487.68094357138,0.3661223655385448,0.004977231807958258,-0.003376199926774254,-0.006531416615244118
2025-09-23,112014.5,113351.9140625,111535.5703125,112757.4765625,47211853279,51.87103493186517,291.7201800823095,504.2872079046056,118749.13327220241,109317.38782154759,-0.006531416615244118,-0.4035764927488985,9431.745450654824,0.2859610866899376,0.0026043073002362154,-0.006029204406192158,0.011663525697123141
2025-09-24,113328.6328125,113986.2734375,111229.640625,112007.6640625,48044595085,47.34934018491608,182.1151550727518,439.8527973382349,118631.8984230136,109695.12579573641,0.011663525697123141,0.01748465400931338,8936.772627277183,0.4065793288365467,0.0016069650762844528,-0.0039041520512528606,-0.038491879643615556
2025-09-25,109049.2890625,113541.0859375,108713.3984375,113330.1640625,75528654284,27.80555698747358,-247.2052651492413,302.44118484073965,118863.42771970936,109303.42696779063,-0.038491879643615556,0.45238246732760534,9560.000751918735,-0.026583460805648326,-0.0022669131295992148,-0.010220850111072571,0.00606632543055882
2025-09-26,109712.828125,110359.1953125,108728.9765625,109041.296875,57738288949,28.148781530568627,-527.818372700378,136.38927333251613,118929.43031441058,109186.23765433942,0.00606632543055882,-0.26859157111766735,9743.19266007116,0.05404701405716427,-0.004810908457295571,-0.007576863140681361,-0.00028152733285390487
2025-09-27,109681.9453125,109778.5,109144.296875,109707.140625,26308042910,28.382124089888222,-744.1205089845898,-39.71268313090506,119080.79069253191,108886.31008871808,-0.00028152733285390487,-0.786045833575008,10194.480603813834,0.07804568518029172,-0.006784348206666841,-0.007657950592679527,0.022008506441889
2025-09-28,112122.640625,112375.484375,109236.9453125,109681.9453125,33371048505,39.982513317514325,-710.4086477088713,-173.85187604649832,119079.35676945695,108892.86510554304,0.022008506441889,0.23781400635645125,10186.491663913912,0.3170645621689619,-0.006335996403124949,-0.003999571334555842,0.020111147409077906
2025-09-29,114400.3828125,114473.5703125,111589.953125,112117.875,60000147466,47.19778900008258,-494.20016425685026,-237.92153368856873,119091.57402459325,109167.63144415675,0.020111147409077906,0.5866583071287268,9923.942580436502,0.5272855345473552,-0.004319917050162627,0.002077811626705034,-0.0030141158842399056
2025-09-30,114056.0859375,114836.6171875,112740.5625,114396.5234375,58986330258,42.07440372911735,-346.6394203641539,-259.66511102368577,119096.07014494152,109173.20798005849,-0.0030141158842399056,-0.01704129346680062,9922.86216488303,0.49208362227599034,-0.003039201437739184,0.002580283159705636,0.03947865276779501
2025-10-01,118648.9296875,118648.9296875,113981.3984375,114057.59375,71328680132,55.000720291212666,139.30185385790537,-179.87171804736755,119621.37908848535,108962.03809901464,0.03947865276779501,0.18999276591271677,10659.340989470715,0.908770213660784,0.0011740675135022412,0.006553872741230189,0.016983874858595087
2025-10-02,120681.2578125,121086.40625,118383.15625,118652.3828125,71415163912,57.649684679990415,680.5606301987427,-7.785248398145512,120528.19016054693,108513.19499570307,0.016983874858595087,0.0012117340843832856,12014.995164843858,1.0127397181481965,0.005639323309474582,0.014478980527260281,0.013050507216426515
2025-10-03,122266.53125,123944.703125,119344.3125,120656.984375,83941392228,64.11418187426449,1223.3286564749287,238.43753257646935,121755.3720700509,107917.61542994909,0.013050507216426515,0.1616086172418451,13837.756640101812,1.0369394543669546,0.010005425392935802,0.015476720782384237,0.0012987632223538373
2025-10-04,122425.4296875,122857.640625,121577.5703125,122267.46875,36769171735,64.30687575198952,1647.3088526289212,520.2117965869597,122895.0673305947,107479.69751315529,0.0012987632223538373,-0.8254590742627341,15415.369817439409,0.9695344549850262,0.013455610136176768,0.015702476575985343,0.008848164694084894
2025-10-05,123513.4765625,125559.2109375,122191.9609375,122419.671875,73689317763,67.02803565020321,2047.5100806398113,825.6714533975301,124152.5678076032,107029.0571923968,0.008848164694084894,0.695198077037609,17123.51061520641,0.9626775572214363,0.01657722005423218,0.01382242775487047,0.009981752928713129
2025-10-06,124752.53125,126198.0703125,123196.046875,123510.453125,72568881188,76.34646888746455,2436.566572464435,1147.850477210911,125472.37053158082,106500.1888434192,0.009981752928713129,-0.015321650365835814,18972.181688161625,0.962058170567123,0.019531199471869914,0.012375371400532645,-0.02681798376519831
2025-10-07,121451.3828125,125184.0234375,120681.96875,124752.140625,76149412513,68.61448332338338,2450.2762952903868,1408.3356408268064,126031.5179726684,106439.32890233159,-0.02681798376519831,0.04816116827908326,19592.18907033681,0.7662264720023739,0.020174955925147356,0.008974818846110014,0.015551259305387293
2025-10-08,123354.8671875,124167.09375,121119.1796875,121448.3515625,65354305286,69.32762250716112,2584.9390619455953,1643.6563250505642,126844.66398597215,106247.94929527785,0.015551259305387293,-0.15287404611734096,20596.714690694294,0.8305653668131021,0.02095530659537313,0.00555661978005177,-0.01346040236705057
2025-10-09,121705.5859375,123739.34375,119812.03125,123337.0703125,74653009425,77.15067765829289,2529.419488106272,1820.8089576617058,127388.68661065759,106305.59932684242,-0.01346040236705057,0.1330275186416698,21083.08728381517,0.7304426720501669,0.02078310102713951,0.001207437319245248,-0.07232182184699049
2025-10-10,113214.3671875,122509.6640625,104582.4140625,121704.7421875,153125018868,55.623120438711716,1779.7337736953486,1812.5939208684345,127378.67406237707,106064.85250012291,-0.07232182184699049,0.7184038675482328,21313.82156225416,0.3354402994551773,0.01572003463789929,-0.010988609689814324,-0.021485160033407134
2025-10-11,110807.8828125,113429.7265625,109760.5625,113236.4296875,110236934340,51.67996228827369,980.121041336999,1646.0993449621476,127464.88731367412,105528.81815507589,-0.021485160033407134,-0.3286227066021677,21936.069158598228,0.24065682047481365,0.008845228484290051,-0.014243455869208749,0.038609346343899696
2025-10-12,115169.765625,115805.0625,109715.5390625,110811.515625,93710414091,54.299963795070404,690.4308224939741,1454.9656404685131,127464.52472989271,105771.30652010727,0.038609346343899696,-0.16242267193439358,21693.21820978544,0.4332441140822899,0.005994896479533182,-0.009991858490663776,0.0008792929662890047
2025-10-13,115271.078125,116020.484375,113821.1875,115161.6796875,71582026739,51.309097563823336,463.6793026312662,1256.7083729010637,127432.40300240218,106129.08606009783,0.0008792929662890047,-0.26936530672533504,21303.316942304344,0.4291346784005957,0.004022512066109525,-0.01129220991386722,-0.01884916344559421
2025-10-14,113118.6640625,115502.8828125,110029.484375,115264.8828125,92212917403,48.66325768969397,109.03833703933924,1027.1743657287188,127436.63439957847,106103.85778792153,-0.01884916344559421,0.25325620347731786,21332.77661165694,0.3288276253146071,0.0009639287905583263,-0.010153807011066636,-0.020862578290898413
2025-10-15,110783.1640625,113622.3828125,110235.8359375,113113.96875,72574132855,38.011816508343244,-356.3645657695888,750.4665794290573,127284.6145123838,106429.2651751162,-0.020862578290898413,-0.239491661155105,20855.349337267602,0.20876652876791463,-0.0032167754801491347,-0.015355783810536023,-0.02372248478317967
2025-10-16,108186.0390625,111990.8125,107537.03125,110782.171875,87306423067,31.27839749184362,-924.1133977051359,415.5505840022187,127448.08694006555,106113.11384118444,-0.02372248478317967,0.18481547321081235,21334.973098881106,0.09716090157264701,-0.008541891409586293,-0.016821795584268752,-0.016009839805348834
2025-10-17,106467.7890625,109235.8046875,103598.4296875,108179.1328125,99703051669,26.4226744626649,-1495.4680278802261,33.34686162572973,127821.15343425135,105418.63172199865,-0.016009839805348834,0.13277225022520356,22402.521712252696,0.04683210908026847,-0.014046201588748485,-0.008777226721177088,0.006837580349705927
2025-10-18,107198.265625,107490.984375,106387.453125,106483.734375,37779905278,27.656844702519905,-1867.796539095696,-346.88181851855546,128190.73079988034,104556.61685636966,0.006837580349705927,-0.9704189301442642,23634.11394351069,0.11177270173716669,-0.017423757074854225,-0.004731120952160937,0.013605430464268035
2025-10-19,108666.7109375,109488.9921875,106157.7890625,107204.3125,47657008953,28.455520139090112,-2021.0805438759562,-681.7215635900357,128374.45169467114,103799.52877407886,0.013605430464268035,0.2322523568154785,24574.922920592275,0.19805482927242632,-0.018598893133320166,-0.008303108934965458,0.01753449073833947
2025-10-20,110588.9296875,111711.03125,107485.015625,108667.4453125,63507793085,29.846461276933297,-1964.8032052408234,-938.3378919201932,128417.66257048743,103409.60227326256,0.01753449073833947,0.2871329124303665,25008.060297224874,0.28708053839080994,-0.017766725935343848,-0.005923794967529678,-0.019282830173496076
2025-10-21,108476.890625,113996.34375,107534.75,110587.6328125,101194375480,30.89183883439337,-2066.8021021193854,-1164.0307339600317,128263.08889454334,102546.97204295667,-0.019282830173496076,0.46588055293147795,25716.116851586674,0.23059152422840348,-0.01905292537619125,-0.005985747357229946,-0.007293562270818725
2025-10-22,107688.5859375,109115.1328125,106778.0,108491.53125,80807013218,26.143895819860404,-2186.047171871891,-1368.4340215424036,127802.52102582667,101708.27272417334,-0.007293562270818725,-0.22497941803510552,26094.248301653337,0.22918127949857514,-0.020299710993889573,-0.004047316497218561,0.021870444424777702
2025-10-23,110069.7265625,111288.59375,107548.4296875,107679.4375,54944076060,32.66761347238436,-2064.6120379529602,-1507.6696248245148,126850.14052397026,101440.97275727974,0.021870444424777702,-0.3857478899801756,25409.167766690516,0.3395921458132744,-0.01875731050154493,0.0024659591039182063,0.008721714285261932
2025-10-24,111033.921875,111842.53125,109770.1484375,110069.3515625,48160816980,45.813243134830024,-1869.0263435668603,-1579.9409685729838,125726.94652300749,101425.01597699251,0.008721714285261932,-0.1317701043055731,24301.930546014977,0.39539681342652677,-0.016832930981857747,0.005999038259719744,0.005459116892619
2025-10-25,111641.7265625,111947.703125,110704.40625,111032.6171875,24707667305,51.71989601857898,-1646.0043988932302,-1593.1536546370332,124214.4803234569,101750.30717654311,0.005459116892619,-0.6674321520561564,22464.17314691379,0.4403197625511256,-0.014743630805205734,0.005802114908707326,0.025039267744803344
2025-10-26,114472.4453125,115260.90625,111268.484375,111639.0546875,41708524143,48.46472480909899,-1226.7018992327648,-1519.8633035561797,122284.15561423574,102652.62329201425,0.025039267744803344,0.5235919111429969,19631.532322221494,0.6020835167872226,-0.010716132566959441,0.007435520234498084,-0.0030895028553826285
2025-10-27,114119.328125,116273.3125,113882.2890625,114479.8515625,61761358733,47.492024780341225,-912.3779284249176,-1398.3662285299274,121010.71172711662,103192.86171038337,-0.0030895028553826285,0.39257238187105864,17817.850016733253,0.6132314731774406,-0.0079949465477535,0.004489235435394928,-0.010244824086811922
2025-10-28,112956.1640625,116078.984375,112291.6796875,114129.0859375,64528066504,49.63021959267265,-748.5032562429697,-1268.3936340725359,118773.86434127187,104389.83878372813,-0.010244824086811922,0.04382236306783475,14384.025557543733,0.5955443588793293,-0.00662649322819438,0.005780379162064093,-0.02601680546576632
2025-10-29,110055.3046875,113642.7265625,109368.71875,112921.328125,62192043469,48.38525176040592,-842.9890528953692,-1183.3127178371026,116403.97239401065,105594.70260598934,-0.02601680546576632,-0.03687319569480582,10809.269788021309,0.41266451564132745,-0.007659685785151575,0.0031056301342144363,-0.01602663895461955
2025-10-30,108305.546875,111612.3515625,106376.6875,110059.1953125,69673964814,50.27548432618986,-1046.9914934020053,-1156.0484729500831,116180.79242133294,105327.00054741706,-0.01602663895461955,0.11359964284760807,10853.791873915878,0.2744244925813242,-0.009667016358916338,-0.002308238919985171,0.01148096119628519
2025-10-31,109556.1640625,111031.8203125,108288.2734375,108304.4140625,60090359560,57.27605772961496,-1095.1266042729985,-1143.864099214666,116144.39284502802,105238.22824872198,0.01148096119628519,-0.14797729388658465,10906.164596306044,0.3959169858155383,-0.009996029102006955,-0.0019140607898389915,0.004624825172493095
2025-11-01,110064.015625,110574.8984375,109372.953125,109558.625,25871668762,56.823138134619036,-1079.8468473568355,-1131.0606488431001,115468.13071440451,105403.91537934548,0.004624825172493095,-0.8427009222192712,10064.215335059038,0.46303661939947205,-0.009811079863158823,-0.0020332453212855493,0.005216141233319792
2025-11-02,110639.625,111167.3125,109523.453125,110064.4296875,34284209459,54.905940638298944,-1009.6520238771627,-1106.7789238499126,114697.04521551548,105711.85556573453,0.005216141233319792,0.28153638274448967,8985.18964978095,0.5484324345212966,-0.00912559152181836,-0.00486512053721177,-0.03768718290100999
2025-11-03,106547.5234375,110764.9140625,105336.359375,110646.90625,72852006359,40.92930998929683,-1269.585525864546,-1139.3402442528393,114431.80723032003,105319.97948842996,-0.03768718290100999,0.7537451906785642,9111.827741890069,0.13471983709991348,-0.011915673728533688,-0.00980764625801568,-0.04764085753760775
2025-11-04,101590.5234375,107264.8828125,98962.0625,106541.421875,110967184773,36.294282301508844,-1854.1991182949569,-1282.3120190612628,115259.68589592629,103572.8367603237,-0.04764085753760775,0.4208044517058574,11686.849135602592,-0.16961914197939354,-0.018251693716645607,-0.015149936750986512,0.022400061321748738
2025-11-05,103891.8359375,104534.703125,98989.9140625,101579.234375,77584934804,42.87269689603064,-2107.5187520419277,-1447.353365657396,115530.68964784185,102872.41269590816,0.022400061321748738,-0.3578612557106818,12658.276951933687,0.08053412367755387,-0.020285701306787803,-0.008233241495627219,-0.025251182491850755
2025-11-06,101301.2890625,104147.3046875,100336.8671875,103893.6640625,63932752861,33.66818815197158,-2488.6245548118604,-1655.607603488289,116108.66252016311,101777.78982358688,-0.025251182491850755,-0.19354147481586392,14330.872696576233,-0.033249947241572014,-0.024566563543692424,-0.00955103342951739,0.02023892596873405
2025-11-07,103372.40625,104052.9140625,99257.0546875,101286.2421875,92168030081,36.295021356687705,-2593.6340029386047,-1843.2128833783522,116307.18662930325,101196.67977694674,0.02023892596873405,0.3657815307049492,15110.506852356513,0.14398765668894883,-0.025090196668790466,-0.008299895604881839,-0.010603212214200236
2025-11-08,102282.1171875,103373.5625,101458.0390625,103371.703125,51446691095,33.541554473617694,-2733.3239059958723,-2021.2350879018563,116523.65899442062,100341.74803682939,-0.010603212214200236,-0.5830671779175721,16181.91095759123,0.11990976564855133,-0.026723380207169925,-0.0104753295172666,0.023551839699680072
2025-11-09,104719.640625,105418.3671875,101468.875,102278.984375,59679243013,32.60965928356241,-2617.1722577530454,-2140.422521872094,116326.09643372615,99952.38169127384,0.023551839699680072,0.14843812452700036,16373.714742452314,0.29115316888755505,-0.0249921814297006,-0.007855944022072275,0.01212026933646231
2025-11-10,105996.59375,106564.6953125,104350.6484375,104723.7734375,69585887229,35.978219179486246,-2394.479722716598,-2191.233962040995,116255.51466340013,99774.93377409986,0.01212026933646231,0.1535775053650073,16480.58088930027,0.37751460447241075,-0.022590157268299937,-0.0007405937024333754,-0.028702546476841843
2025-11-11,102997.46875,107428.2578125,102457.328125,105996.859375,71130078574,33.833635384789034,-2431.964434893569,-2239.3800566115096,116321.68006774531,99239.6566510047,-0.028702546476841843,0.021948516316721654,17082.023416740616,0.21998635684531231,-0.02361188546095769,0.001964879306247469,-0.013039146642676998
2025-11-12,101663.1875,105297.234375,100836.6171875,103011.4375,64347179408,35.646691322175016,-2540.0564950334083,-2299.5153442958895,116247.43997272944,98473.24283977055,-0.013039146642676998,-0.10021719236029357,17774.197132958885,0.17947053452637363,-0.024985017266288333,-0.0030978646886704935,-0.019524742976585432
2025-11-13,99697.4921875,104005.4921875,97988.71875,101674.1484375,101546815416,35.38531776423142,-2752.6050970514334,-2390.133294846998,116128.860889966,97458.17895378401,-0.019524742976585432,0.45622682673303133,18670.681936181994,0.11993740996552979,-0.02760957208306342,-0.0022798019007754466,-0.05462287113659148
2025-11-14,94397.7890625,99804.4296875,94000.734375,99694.703125,114346441890,27.374958196183385,-3310.5314009452995,-2574.2129160666586,116486.81225578906,95375.83383796093,-0.05462287113659148,0.11871287625390319,21110.978417828126,-0.046328727930247574,-0.03507000994221829,-0.012974344344393379,0.01212310649874722
2025-11-15,95549.1484375,96728.46875,94420.46875,94420.46875,38500716654,28.743768956273726,-3618.0799635294243,-2782.9863255592118,115708.1919050492,94262.1245012008,0.01212310649874722,-1.0885559485148026,21446.0674038484,0.060012118402098705,-0.03786616649855398,-0.009727727385400885,-0.014463938461922525
2025-11-16,94177.078125,96564.1875,92971.1640625,95556.8671875,71086235862,26.441068627937653,-3927.258036482468,-3011.8406677438634,114842.7634645431,93133.3279417069,-0.014463938461922525,0.6132168741196128,21709.435522836196,0.04807818159044855,-0.04170078446551368,-0.0151585528370584,-0.02236838271634354
2025-11-17,92093.875,95928.3671875,91214.7578125,94180.875,94186165724,28.054100258999696,-4290.917937953011,-3267.656121785693,114174.1287049543,91715.73379504569,-0.02236838271634354,0.2813795804881102,22458.394909908617,0.016837410085235517,-0.04659286991619161,-0.020085503130316377,0.009241173563305538
2025-11-18,92948.875,93745.078125,89300.4609375,92094.53125,101333569062,35.011803500643765,-4458.732186250985,-3505.8713346787517,113639.80130508001,90539.41822617,0.009241173563305538,0.07314442888731668,23100.383078910003,0.10430375832293697,-0.04796972729633344,-0.01466497169600961,-0.016082377699808928
2025-11-19,91465.9921875,92946.1640625,88526.828125,92946.1640625,80350354656,27.81871714313766,-4657.691469119745,-3736.235361566951,113332.66181398748,89162.60224851253,-0.016082377699808928,-0.2320212329421281,24170.05956547495,0.09529930750677956,-0.05092265833154411,-0.015099718989885599,-0.05429914313161118
2025-11-20,86631.8984375,93025.0703125,86040.796875,91459.3515625,97970645638,25.755715673550043,-5146.1178563346475,-4018.2118605204905,113176.42185381557,87026.41564618442,-0.05429914313161118,0.1982713934320741,26150.006207631144,-0.015086696559532025,-0.0594021134149251,-0.020067490440603564,-0.017950490472289502
2025-11-21,85090.6875,87380.8046875,80659.8125,86528.7734375,129157506112,19.246915702437633,-5593.088486843946,-4333.187185785182,112670.5514263731,85034.95326112691,-0.017950490472289502,0.276364737692005,27635.598165246192,0.0020167552929315014,-0.06573091193844151,-0.014828578917131852,-0.00521187239368071
2025-11-22,84648.359375,85503.0078125,83490.8984375,85098.5625,40793099246,19.67584313967845,-5914.825686110853,-4649.514885850316,111590.59835056664,83515.77977443335,-0.00521187239368071,-1.152519706209557,28074.818576133286,0.04034147531515758,-0.0698752548753796,-0.017305004473192987,0.025158586579000386
2025-11-23,86805.0078125,88038.46875,84641.7734375,84648.609375,58083435576,18.892325290453414,-5927.453238258866,-4905.102556332026,110716.52606629294,82415.60049620706,0.025158586579000386,0.35336759026890335,28300.925570085878,0.15509765945366807,-0.0682846921811498,-0.01164464375306114,0.016742357810839485
2025-11-24,88270.5625,89206.3359375,85272.1953125,86798.7734375,74433896110,19.42011577845321,-5752.886949477281,-5074.659434961077,110306.3369042734,81493.7935644766,0.016742357810839485,0.24803090971802608,28812.5433397968,0.23520203876493193,-0.06517333510225769,-0.0060573951063207085,-0.01057647695675446
2025-11-25,87341.890625,88457.3359375,86131.4296875,88269.9609375,64837343545,20.91414776827625,-5624.640611264069,-5184.655670221675,109447.23186749357,80697.90407000642,-0.01057647695675446,-0.13802970432244088,28749.327797487145,0.2311005878744083,-0.0643979718210281,-0.00888848803775785,0.0357225879133364
2025-11-26,90518.3671875,90581.15625,86316.8984375,87345.5859375,66496301869,30.62100560583835,-5206.6701007122465,-5189.058556319789,108732.21558612649,80334.62816387351,0.0357225879133364,0.025264608480952883,28397.587422252982,0.35861282411779555,-0.057520592366929635,-0.001487778664451376,0.008437806108495432
2025-11-27,91285.375,91897.578125,90089.515625,90517.765625,57040622845,34.73644071280437,-4758.679247280335,-5102.982694511898,107561.42058321636,80296.72004178364,0.008437806108495432,-0.1533826396340584,27264.700541432714,0.4030359673863676,-0.052129700374023064,0.007474642655563855,-0.004018666774419681
2025-11-28,90919.265625,92969.0859375,90257.1171875,91285.3828125,60895830289,42.31184568816812,-4382.664605733618,-4958.919076756243,106464.35788730992,80257.49758144008,-0.004018666774419681,0.06540100872195988,26206.860305869835,0.40683118538894486,-0.048203915590454574,0.009464903183830971,-0.00074277862694653
2025-11-29,90851.7578125,91187.6171875,90260.1875,90918.7421875,37921773455,39.09549714504588,-4043.5065826615755,-4775.83657793731,104660.81333394436,80674.25385355565,-0.00074277862694653,-0.47363925958960423,23986.559480388707,0.4243002823003858,-0.04450664114839221,0.010103345150507285,-0.005047792573132774
2025-11-30,90394.3125,91965.046875,90394.3125,90838.2109375,38497902869,40.829276977449815,-3768.1960016773664,-4574.3084626853215,102132.48237694436,81642.35668555563,-0.005047792573132774,0.01507832425380232,20490.125691388734,0.42713041131426926,-0.041686206769672225,0.005788148128773975,-0.04610183805407602
2025-12-01,86321.5703125,90398.15625,83862.25,90389.109375,87962894424,37.237139715278815,-3834.445538636428,-4426.335877875543,100140.42753080139,81966.8216879486,-0.04610183805407602,0.8263113024092411,18173.60584285279,0.23961940531816758,-0.04442047943237163,-0.0031895941376425263,0.05662099387030378
2025-12-02,91350.203125,92316.6328125,86202.1953125,86322.5390625,78546798211,47.01599054589743,-3441.5085635914147,-4229.370415018717,98138.7328539982,82937.2179272518,0.05662099387030378,-0.11322046857194573,15201.5149267464,0.5534307099186128,-0.03767379213029434,0.006410044551937223,0.023558262011831657
2025-12-03,93527.8046875,94060.7734375,91056.390625,91345.09375,77650204986,53.75120106888024,-2920.7206828456983,-3967.6404685841135,96678.54269067888,83780.43934057112,0.023558262011831657,-0.011480413249945151,12898.103350107762,0.7557208282756309,-0.031228367784367047,0.004672283708865117,-0.014931972865932171
2025-12-04,92141.625,94038.2421875,90976.1015625,93454.2578125,64538402681,61.462302774668956,-2589.989860377187,-3692.110346942728,96333.48186385605,83899.88376114395,-0.014931972865932171,-0.18495375243214524,12433.598102712102,0.6628605147738883,-0.02810879296275909,0.0013337438553754587,-0.030343059975675362
2025-12-05,89387.7578125,92702.640625,88152.140625,92133.6484375,63256398633,58.51013758874509,-2521.036429122614,-3457.8955633787054,95478.52123150253,84138.70533099747,-0.030343059975675362,-0.020064150381299384,11339.815900505055,0.46288692228841927,-0.02820337472174598,-0.002426883744803924,-0.0012916460625568118
2025-12-06,89272.375,90267.4609375,88951.6640625,89389.359375,37994042405,59.27778394338343,-2447.4876525941363,-3255.813981221792,94848.98076547198,84277.77548452803,-0.0012916460625568118,-0.5097669180294708,10571.205280943948,0.47247209591842393,-0.027415957653127702,-0.002505293378462535,0.012614572226014349
2025-12-07,90405.640625,91740.84375,87799.5625,89277.8125,47394898960,57.53382514724176,-2271.5694142587745,-3058.9650678291887,94647.0274794156,84310.90533308439,0.012614572226014349,0.22108523741276884,10336.12214633121,0.5896539539326494,-0.025126412451200685,1.7901592844196084e-05,0.002591195979813834
2025-12-08,90640.203125,92267.1171875,89644.890625,90424.5859375,57394099056,55.22742830670852,-2089.143365258031,-2865.000727314957,94303.35529476815,84423.71033023184,0.002591195979813834,0.1914268881061163,9879.644964536303,0.6292222865378337,-0.0230487498177485,0.006974049311971318,0.022381192698197744
2025-12-09,92691.7109375,94601.5703125,89586.9765625,90639.703125,66861721440,61.24465130393402,-1758.7560271206166,-2643.751787276089,94502.94696147872,84346.69053852129,0.022381192698197744,0.15268513345599935,10156.256422957435,0.8216630273448605,-0.018974253569518287,0.0020826491445275984,-0.007262832846635849
2025-12-10,92020.9453125,94477.15625,91640.1328125,92695.234375,65420694513,53.53006603846309,-1533.3711137409118,-2421.6756525690535,94720.0459661562,84668.49622134378,-0.007262832846635849,-0.02178798932222952,10051.549744812422,0.7314741783922488,-0.016663283652799215,-0.002320364406682045,0.0053149701081481185
2025-12-11,92511.3359375,93554.265625,89335.296875,92011.3046875,64532834621,52.918126290788734,-1300.1936974036507,-2197.379261535973,94743.74305171681,85386.86397953318,0.0053149701081481185,-0.013664480108034043,9356.879072183627,0.7614154145847487,-0.014054425700673617,0.0005720560181865676,-0.024521421452147512
2025-12-12,90270.4140625,92747.9296875,89532.6015625,92513.6640625,80275884583,48.58210308258947,-1281.4508148328168,-2014.1935721953419,94268.95764604563,86423.85485395437,-0.024521421452147512,0.21829510115901432,7845.10279209126,0.4903134236077698,-0.014195690006978214,0.0014037186644048315,0.0003134187556330964
2025-12-13,90298.7109375,90647.5703125,89800.9921875,90257.796875,64237748110,48.78938475640623,-1249.9054915669694,-1861.3359560696674,94073.2862439263,86968.89656857369,0.0003134187556330964,-0.22287824462658132,7104.389675352606,0.4686981600232358,-0.013841897393552917,0.0016330136384319616,-0.02379767101791624
2025-12-14,88175.1796875,90498.109375,87634.9375,90296.4375,50465972205,45.47257090340739,-1380.3450617539493,-1765.1377772065239,94081.47186234227,86951.17266890773,-0.02379767101791624,-0.24129172325521653,7130.299193434534,0.1716627851632287,-0.01565457611366378,-0.003568735396415265,-0.020108914713088392
2025-12-15,86419.78125,89983.921875,85304.078125,88171.078125,45559514323,50.22129244929955,-1606.8426623362757,-1733.4787542324743,94226.9231675882,86713.5104261618,-0.020108914713088392,-0.10227981308161238,7513.412741426408,-0.03909397583633788,-0.018593459033272846,-0.006811608352544156,0.016345736935078115
2025-12-16,87843.984375,88170.09375,85381.6875,86424.40625,41262178223,40.56751767134988,-1652.3748048171838,-1717.2579643494164,94272.11544877662,86400.87986372337,0.016345736935078115,-0.09907317950226052,7871.235585053248,0.18333900639650133,-0.018810335352769384,-0.007673816318704102,-0.019544833040854463
2025-12-17,86143.7578125,90264.5703125,85316.265625,87847.6171875,44243392914,29.611655092912173,-1804.8482626889308,-1734.7760240173195,94406.3228997764,85752.5106939736,-0.019544833040854463,0.06975974877024704,8653.812205802795,0.04521095549820288,-0.02095158498445532,-0.009428387775021045,-0.007939728497768105
2025-12-18,85462.5078125,89412.6640625,84436.3125,86144.3671875,52667115348,30.811071902002865,-1958.0841825293028,-1779.4376557197163,94576.0375588697,85037.12025363029,-0.007939728497768105,0.1742852159606663,9538.917305239418,0.04459495194868874,-0.022911616247269864,-0.011321916147294792,0.030433154968407768
2025-12-19,88103.3828125,89339.1171875,85107.6640625,85476.1328125,46733310561,46.285910769683994,-1845.1583740563365,-1792.5817993870405,94470.09306923456,84868.22724326544,0.030433154968407768,-0.11953406493858354,9601.865825969115,0.33692988715635347,-0.020943104738477165,-0.0034712623729297523,0.002727355122150639
2025-12-20,88344.0,88497.203125,87924.875,88101.671875,14688196659,47.3346778968825,-1716.461758454374,-1777.3577912005073,94389.88998626605,84743.39907623395,0.002727355122150639,-1.1574129757681688,9646.490910032095,0.37325499576443333,-0.019429296369355857,-0.003126414320570104,0.0031390280669266876
2025-12-21,88621.75,89027.953125,87613.203125,88344.703125,19845522660,44.613953365494844,-1573.9135637980653,-1736.668945720019,94283.72026134015,85079.58676990986,0.0031390280669266876,0.300934200119197,9204.133491430286,0.3848448344852631,-0.017759901647147178,0.0007216855486931714,-0.0014875849588890807
2025-12-22,88490.015625,90501.9296875,87908.0703125,88621.3984375,38047472118,43.467441644086364,-1454.802893468499,-1680.2957352697151,94099.97466012897,84977.31362112102,-0.0014875849588890807,0.6508562233048972,9122.661039007944,0.38505234260688764,-0.016440305532701153,0.0033818755135787875,-0.012234274952953525
2025-12-23,87414.0,88898.3828125,86606.9765625,88490.03125,43683011533,32.955306397105915,-1430.7396216323104,-1630.3845125422342,93477.05884521396,84988.84896728603,-0.012234274952953525,0.13812462810685905,8488.209877927933,0.28570818436286005,-0.016367396774341757,-0.0007009833275685896,0.002262076104062497
2025-12-24,87611.9609375,87956.8828125,86411.796875,87404.3203125,25550297986,35.31236629269394,-1379.7901501466113,-1580.26564006311,93076.91319371296,84936.02821253704,0.002262076104062497,-0.5363102949737464,8140.884981175914,0.32870292740287577,-0.015748878753335017,0.0024142894074195473,-0.0043148578556266
2025-12-25,87234.7421875,88501.7890625,86949.2578125,87608.3203125,19953216347,32.28855481337273,-1354.239892998041,-1535.0604906500962,93040.06949398427,84757.57034976572,-0.0043148578556266,-0.2472586286965829,8282.499144218542,0.29908507017029096,-0.01552408890126911,0.0029321280705826196,0.0007641682813230021
2025-12-26,87301.4296875,89459.4296875,86628.140625,87235.5078125,42455674908,38.331083661981864,-1313.4691514371953,-1490.742222807516,92997.51821873608,84603.02709376393,0.0007641682813230021,0.7550702376030821,8394.491124972148,0.32144921634480883,-0.01504521926088526,-0.001306298599000918,0.00571921956587603
2025-12-27,87802.15625,87874.78125,87182.9765625,87301.4296875,13741199310,40.53919307555346,-1226.6139540441072,-1437.9165690548346,92818.91583353715,84521.28104146285,0.00571921956587603,-1.1280620193341444,8297.6347920743,0.3953988444599381,-0.013970203084210785,-0.0008788893927544338,0.0003835125589097617
2025-12-28,87835.8359375,87986.890625,87394.953125,87799.34375,15156557929,48.472022491198544,-1141.899804900866,-1378.713216224041,92586.88740541412,84472.87275083589,0.0003835125589097617,0.09803473588511782,8114.014654578234,0.4144635337534408,-0.013000386376619563,-0.0012725344653282803,-0.007974888882579774
2025-12-29,87138.140625,90299.15625,86717.9140625,87835.7890625,48411625849,53.575122281235174,-1118.1718234649888,-1326.6049376722308,91843.29318945149,84661.10993554852,-0.007974888882579774,1.1613066834737633,7182.183253902971,0.34488547588994706,-0.012832174469696964,-0.002199292168712665,0.01471809780879094
2025-12-30,88430.1328125,89297.9375,86735.546875,87134.3515625,35586356225,52.95603708924886,-983.7739219301438,-1258.0387345238134,91199.42970694775,84945.89216805225,0.01471809780879094,-0.30777767607869694,6253.5375388955,0.557163145303927,-0.011124872152075778,0.0016510467972508298,-0.010473099349299821
2025-12-31,87508.828125,89080.2890625,87130.5625,88429.5859375,33830210616,57.47123389589898,-940.7597129278583,-1194.5829302046225,90153.29378887956,85491.77730487045,-0.010473099349299821,-0.050608103801328005,4661.516484009102,0.4327027110272842,-0.010750454932204686,-0.00016826398180092985,0.013880733660550057
2026-01-01,88731.984375,88803.2265625,87399.40625,87508.046875,18849043990,66.89230481089587,-798.7644954710559,-1115.419243257909,89824.11104305024,85667.11708194975,0.013880733660550057,-0.5848920125930482,4156.993961100496,0.7372797078199603,-0.009001990669963036,0.002431106234795735,0.013574570130194884
2026-01-02,89944.6953125,90884.4609375,88298.6171875,88733.0625,46398906171,61.16048428645029,-581.671478284421,-1008.6696902632116,89719.0567984583,85736.7697640417,0.013574570130194884,0.9008136891564702,3982.2870344166004,1.0566605350369216,-0.006466990368509077,0.0042611636417774325,0.007294409627148249
2026-01-03,90603.1875,90679.5703125,89328.0703125,89945.0546875,20774828592,63.03308478878521,-352.42633045119874,-877.421018300809,90215.94542905953,85482.68191469047,0.007294409627148249,-0.8035337950319246,4733.263514369057,1.081812911908203,-0.003889778496492728,0.00448619079338775,0.008903689947606831
2026-01-04,91413.4921875,91712.5859375,90595.1015625,90603.0,26770491368,65.17304016189422,-104.162363995536,-722.7692874397545,90852.65481781434,85345.34361968566,0.008903689947606831,0.25355812251595466,5507.311198128678,1.1018350606145375,-0.001139463787051112,0.005703358991773045,0.02665149838136465
2026-01-05,93882.5546875,94762.0703125,91414.625,91414.625,53376407252,73.37061372471875,288.49572783151234,-520.5162843855012,92172.81001529607,84629.04545345393,0.02665149838136465,0.6900686240407684,7543.7645618421375,1.2266434295750603,0.0030729428783846688,0.010649985743765106,-0.00163660971149983
2026-01-06,93729.03125,94395.296875,91286.546875,93876.9453125,52430605257,79.74714755295298,580.5992494586098,-300.29317761667903,93084.3083602779,84476.0744522221,-0.00163660971149983,-0.01787834596357742,8608.233908055787,1.0748960700426233,0.006194444151567073,0.00831359895515214,-0.026168967250151644
2026-01-07,91308.0546875,93738.7890625,90601.8046875,93727.46875,43461295053,64.39565629100221,609.7124337880086,-118.29205533574151,93219.0032703035,84925.9342296965,-0.026168967250151644,-0.18761971749592132,8293.069040606992,0.7695728115312545,0.006677531745416517,0.006071332112173308,-0.003081466892755565
2026-01-08,91027.125,91485.8515625,89233.875,91309.640625,42386697030,64.88231193117332,603.1632734046289,25.999010412332566,93427.02960680511,85010.28211194488,-0.003081466892755565,-0.02503620940292602,8416.747494860232,0.7148655572391414,0.00662619272447228,0.0036481606045582183,-0.005662930149506993
2026-01-09,90513.1015625,91910.671875,89625.3828125,91026.2734375,38305906684,62.175959548330766,550.1537906437879,130.82996645862366,93552.34247440968,85101.8794005903,-0.005662930149506993,-0.10123045790580712,8450.463073819381,0.6403462289153972,0.00607816748234953,0.0008999462788865219,-0.0013980466595052143
2026-01-10,90386.6484375,90713.03125,90283.3984375,90510.1015625,12385895282,60.08440274571082,492.2651569634327,203.11700455958547,93652.26398365067,85178.44773509934,-0.0013980466595052143,-1.1290457578753708,8473.816248551331,0.6146228038978813,0.005446215403194434,-0.0003418331906354014,0.004865110901100388
2026-01-11,90827.4609375,91155.2265625,90212.0234375,90385.359375,17165568977,61.31353909134313,476.4654849123035,257.7867006301291,93790.56257398585,85273.89367601414,0.004865110901100388,0.3263472259350809,8516.668897971715,0.6520820907817397,0.005245830721175481,-0.000918773054422036,0.004016380962680633
2026-01-12,91192.9921875,92395.5234375,90055.0234375,90825.859375,41346275358,65.72955831126535,487.81620641170593,303.7926017864445,93918.69369431667,85523.66177443333,0.004016380962680633,0.8790767675573695,8395.031919883331,0.6753196970744548,0.005349272950806541,-0.004152361257091181,0.044280285031478225
2026-01-13,95321.78125,96011.625,90941.9296875,91185.3359375,54980674354,71.91154020220205,820.5121532398771,407.13651207713104,94866.9609544719,85346.3765455281,0.044280285031478225,0.2849994066767332,9520.584408943803,1.047772308504485,0.008607813896048833,0.0024071951347628263,0.016723797821879046
2026-01-14,96929.328125,97860.6015625,94583.046875,95322.90625,60592490863,78.69949009318461,1200.0581625412597,565.7208421699568,96044.32160524336,85138.47448850663,0.016723797821879046,0.09718922414172611,10905.847116736724,1.0811497273235549,0.01238075395502242,0.008534733002195783,-0.014320038274756287
2026-01-15,95551.1875,97150.171875,95103.2421875,96931.2890625,53086363027,70.58031306027405,1373.8102491729223,727.33872357055,96653.49658545545,85354.27528954456,-0.014320038274756287,-0.1322508937981034,11299.221295910887,0.9024438006311756,0.01437774124128936,0.006929222804767107,-0.00027287855188963723
2026-01-16,95525.1171875,95801.890625,94259.2734375,95554.1015625,33248170537,68.14103957690362,1492.2051610732742,880.312011071095,97172.38881321024,85607.67915553975,-0.00027287855188963723,-0.46792033430296226,11564.709657670493,0.8575604857819737,0.015621076477135561,0.007699230175855301,-0.004461072057980408
2026-01-17,95099.921875,95598.4765625,95005.6171875,95525.15625,16021715122,64.84329467491756,1534.0408060257032,1011.0577700620166,97508.08662019741,85998.38994230259,-0.004461072057980408,-0.7300547469365806,11509.696677894826,0.7907707898312166,0.016130831401124146,0.007261655118930273,-0.015529993658124637
2026-01-18,93634.4296875,95491.5078125,93588.8671875,95101.1796875,20809781232,57.02715048899357,1432.4307145380008,1095.3323589572135,97457.18381899809,86698.92164975191,-0.015529993658124637,0.2614781305041917,10758.262169246183,0.6446680633581742,0.015298119712147158,0.004348068753326699,-0.011610285761608208
2026-01-19,92553.59375,93660.828125,92089.25,93655.671875,39195241508,45.39013665338235,1250.2771411269641,1126.3213153911638,97383.45516198415,87184.99640051585,-0.011610285761608208,0.6331322216138712,10198.458761468297,0.5264126153813744,0.013508682812513308,0.002115687792714007,-0.046924255054821146
2026-01-20,88310.90625,92798.4296875,87814.9296875,92553.6015625,53072968031,35.359176438897066,754.868049239376,1052.0306621608063,97275.90243442735,87372.75694057264,-0.046924255054821146,0.3031123726693889,9903.14549385471,0.09473245748125428,0.00854784625471303,-0.010913532219614474,0.011999327760148781
2026-01-21,89376.9609375,90430.40625,87231.5703125,88326.5078125,56330422434,44.36951712424876,443.1659375127638,930.2577172311978,97217.20622339816,87495.95080785186,0.011999327760148781,0.05956703015525941,9721.2554155463,0.19349456929604236,0.004958391210265733,-0.011588456514147371,0.0009560777691027553
2026-01-22,89462.453125,90258.9609375,88438.4453125,89378.5234375,35549685694,45.385299539170504,200.72444684359652,784.3510631536776,97247.94649640216,87416.98631609783,0.0009560777691027553,-0.46030343717817696,9830.960180304333,0.2080637874009417,0.0022436725110045602,-0.009406154222167507,0.00046290133092210693
2026-01-23,89503.875,91100.25,88486.359375,89462.046875,38997586037,46.93812345728172,11.794261027665925,629.8397027284752,97297.86637631468,87257.13518618532,0.00046290133092210693,0.09256843275432783,10040.731190129358,0.22376256980399378,0.00013177374753513103,-0.009301042810337256,-0.004402117623558332
2026-01-24,89110.734375,89811.609375,89044.2890625,89506.1484375,14558687712,46.19066700938543,-167.72401715892192,470.32695875099586,97368.35336331069,86956.3724179393,-0.004402117623558332,-0.9853118386905129,10411.980945371382,0.2069118228667337,-0.0018821976761306644,-0.009292620748276961,-0.028900838361794738
2026-01-25,86572.21875,89193.1484375,86003.7109375,89104.765625,36124986722,38.70983923464098,-508.9635269386199,274.46886161307276,97497.34839713978,86096.34379036023,-0.028900838361794738,0.9087968698391479,11401.004606779548,0.041739739264446046,-0.00587906298680395,-0.011202741420229834,0.01938894055131375
2026-01-26,88267.140625,88743.0703125,86429.2890625,86566.5234375,45329286974,42.74856901434413,-635.30882204308,92.51332488184221,97356.30214089222,85691.20098410777,0.01938894055131375,0.22696855628231077,11665.101156784454,0.22082445803685455,-0.007197568852288626,-0.006774280518383839,0.00942027656458104
2026-01-27,89102.5703125,89427.125,87228.921875,88257.4765625,38744942267,31.579198254688976,-660.4133508623345,-58.07201026699312,97345.74335478865,85481.21133271135,0.00942027656458104,-0.15695311001908147,11864.5320220773,0.3052256062902262,-0.007411832773691452,0.0012749382843879019,0.0009198645005418251
2026-01-28,89184.5703125,90439.2890625,88721.4609375,89104.046875,39807419296,24.781644891785305,-666.014752633957,-179.6605587403859,97335.54270227581,85307.15651647419,0.0009198645005418251,0.02705308425107067,12028.386185801617,0.322355279929606,-0.007467824874866378,-0.0003078421812702347,-0.053227949504083015
2026-01-29,84561.5859375,89200.78125,83250.6015625,89169.8515625,64653083162,20.458444971524656,-1031.598481912195,-350.0481433747477,97752.81655720381,84294.7310990462,-0.053227949504083015,0.48498248474513456,13458.085458157613,0.01982858849302573,-0.012199374816298453,-0.008048417506011058,-0.005132847429550004
2026-01-30,84128.65625,84602.1640625,81071.4765625,84562.7265625,72083816087,20.02051864660784,-1340.804074145446,-548.1993295288875,98112.98871861456,83308.75971888544,-0.005132847429550004,0.10879376014727705,14804.228999729123,0.05538258906488848,-0.01593754297181522,-0.008847810186078503,-0.06770691927198588
2026-01-31,78621.1171875,84136.921875,75815.8828125,84126.5,70479259159,15.796629034564859,-2007.127194708286,-839.9849025647673,99265.22099904978,80935.89306345023,-0.06770691927198588,-0.022511084074393728,18329.327935599547,-0.12628809327232926,-0.025529110581341368,-0.017891353278711008,-0.021166842147211495
2026-02-01,76974.4453125,79322.609375,75698.8984375,78626.125,53372509744,15.678707542554022,-2637.660419426087,-1199.5200059370313,100247.08506761784,78532.17430738216,-0.021166842147211495,-0.2780226555974995,21714.91076023568,-0.0717354545953095,-0.034266702523386074,-0.01678649667662769,0.022026908157821636
2026-02-02,78688.765625,79258.609375,74551.3359375,76968.875,75140589684,22.16357365720893,-2964.8542267471494,-1552.586850099055,100032.76418260818,77083.19362989183,0.022026908157821636,0.34206507330887453,22949.57055271635,0.06996087318584102,-0.037678240384103744,-0.016409644161412277,-0.03960046937497693
2026-02-03,75633.546875,79118.8515625,72897.140625,78693.5078125,68249110822,23.27328187948204,-3431.1362925770663,-1928.2967385946574,99630.3164615095,75356.06322599051,-0.03960046937497693,-0.09619648218801154,24274.25323551899,0.0114311919842483,-0.04536527023184203,-0.023412607867063416,-0.035170615941758965
2026-02-04,73019.703125,76864.65625,71779.9296875,75640.09375,67215363944,17.62789024960054,-3965.8674832691468,-2335.810887529555,99496.64431945229,73236.58693054772,-0.035170615941758965,-0.015262554214847717,26260.057388904563,-0.008259075840380846,-0.05431229262162447,-0.0285683907873921,-0.1523344080304475
2026-02-05,62702.09765625,73161.5546875,62353.53515625,73016.375,125509410908,12.305687778794493,-5162.678197321133,-2901.184349487871,100890.09519574477,68560.83410113023,-0.1523344080304475,0.6244788915589027,32329.261094614543,-0.18122085833430945,-0.08233661058078699,-0.042726456291158454,0.118003181433477
2026-02-06,70555.390625,71681.3046875,60074.203125,62704.453125,114674259489,28.12378404384107,-5415.042956437959,-3403.956070877888,100068.2968022314,66928.17936964359,0.118003181433477,-0.09028516008825954,33140.11743258781,0.1094507665138669,-0.07674881973538729,-0.025135595025011743,-0.018213402812750957
2026-02-07,69281.96875,71611.1484375,67364.4453125,70553.796875,62347107663,27.563531255254233,-5652.638253963247,-3853.6925074949604,99287.73635743349,65273.49372069151,-0.018213402812750957,-0.6093783006617965,34014.242636741976,0.11784695817329296,-0.08158888028081977,-0.018065092673692468,0.01408523588474713
2026-02-08,70264.7265625,72206.90625,68852.8984375,69283.7265625,39721722619,30.8745383924108,-5695.974251266962,-4222.148856249361,98259.77244023816,64072.57091913684,0.01408523588474713,-0.4508190750301451,34187.20152110132,0.18112496395883726,-0.08106449039121259,-0.013029081526269805,-0.0020507154219692207
2026-02-09,70120.78125,71369.96875,68291.03125,70243.328125,52081598792,27.91444351621027,-5676.498385179933,-4513.018762035476,97682.10070087085,62831.23015850416,-0.0020507154219692207,0.27091348890526723,34850.8705423667,0.20916410345142003,-0.08095315374398988,-0.0164687420376685,-0.01910323758989731
2026-02-10,68793.9609375,70464.265625,67913.09375,70137.390625,40593063077,25.574967362844546,-5702.3932912635355,-4750.893667881088,96815.47981343494,61639.551045940054,-0.01910323758989731,-0.2492145043632265,35175.92876749489,0.20338936716778144,-0.08289089933990305,-0.01354056606837141,-0.026543221212374526
2026-02-11,66991.96875,69242.6796875,65757.3046875,68791.859375,49671946030,24.369499280706407,-5801.445448693572,-4961.004024043585,95809.51727396375,60398.46514791125,-0.026543221212374526,0.2018431156973691,35411.0521260525,0.18619903126904308,-0.08659911862485116,-0.012308081107030775,-0.01156236827483507
2026-02-12,66221.84375,68339.4921875,65092.109375,66992.1953125,44651071271,26.750105281256452,-5874.371549828851,-5143.677529200638,94550.7850886169,59328.9942082581,-0.01156236827483507,-0.10656200786811182,35221.79088035881,0.19569844035345343,-0.08870745991316273,0.0078022102866281435,0.03903376935715579
2026-02-13,68857.84375,69382.8359375,65835.78125,66213.375,40820775886,31.664854724104785,-5654.283776646189,-5245.798778689748,92909.36145102762,58945.12878334738,0.03903376935715579,-0.0896871349688845,33964.23266768024,0.29185746852114486,-0.0821153185855633,-0.0034791342957034587,0.013125933067848304
2026-02-14,69767.625,70481.1640625,68706.6171875,68856.984375,36012397645,38.05061176390203,-5344.838911313374,-5265.606805214475,91505.03534283904,58668.99551653596,0.013125933067848304,-0.12532790649834294,32836.03982630308,0.3380014624837075,-0.07660915662978889,0.000997913687239293,-0.014138040068878806
2026-02-15,68788.1875,70939.2890625,68052.546875,69764.953125,40191152750,38.7485138912512,-5119.618274242777,-5236.409099020135,89518.85682381484,58707.27872306017,-0.014138040068878806,0.1097836323588201,30811.578100754676,0.32717924229569373,-0.07442583472987681,-0.003033982877564412,0.0007987824782500607
2026-02-16,68843.15625,70067.234375,67301.5859375,68782.3984375,33618145426,35.82109283427606,-4880.4351594525215,-5165.2143111066125,86940.70616434759,59259.487976277414,0.0007987824782500607,-0.17858092691866603,27681.218188070176,0.3462155533983158,-0.07089208899326897,-0.002626911748961657,-0.019788873300286218
2026-02-17,67494.21875,69201.8671875,66615.28125,68843.09375,34866936040,37.6725146752397,-4745.031036360975,-5081.177656157485,83795.25610435332,60235.90288002169,-0.019788873300286218,0.0364730251062934,23559.35322433163,0.3080863808468968,-0.07030277739693039,-0.002724859707588644,-0.015963632260214883
2026-02-18,66425.3203125,68434.4296875,65845.8984375,67488.0234375,33094301643,39.52207625706881,-4670.139008595681,-4998.969926645124,81536.62589538972,60680.90652648527,-0.015963632260214883,-0.05217787698358618,20855.71936890445,0.27543589767415483,-0.07030660878449461,-0.0012134898572801235,0.007980125994704771
2026-02-19,66957.5234375,67277.125,65637.4296875,66425.625,31492987019,59.81300514652008,-4515.787010960805,-4902.33334350826,78827.89314211036,61672.52599851463,0.007980125994704771,-0.04959622503447376,17155.36714359573,0.3080667055824568,-0.06744256327186242,0.0015782950383684251,0.015528995656632263
2026-02-20,68005.421875,68269.03125,66452.484375,66958.578125,47507867304,41.42993677400382,-4259.800960694614,-4773.826866945531,77380.96843832512,62057.881171049885,0.015528995656632263,0.41113043805108646,15323.08726727523,0.388142454598663,-0.06263913734002718,-0.0017795297759920785,-2.4354972344490844e-05
2026-02-21,68003.765625,68657.703125,67533.0703125,68000.25,18357635642,45.30259650621822,-4010.829471617748,-4621.227387879974,76154.98309602382,62386.79854460118,-2.4354972344490844e-05,-0.9508497255475717,13768.184551422637,0.40796715495929503,-0.058979520247967855,-0.003658142353162478,-0.005076923598302017
2026-02-22,67659.390625,68235.2265625,67185.6015625,67998.828125,17893536012,39.954005980307045,-3797.530390755608,-4456.487988455101,74009.41584377637,63429.42829684863,-0.005076923598302017,-0.025606068250596675,10579.98754692774,0.39980787400636253,-0.05612717400609323,-0.0023636971430800796,-0.04601267313564273
2026-02-23,64616.73828125,67668.4296875,63924.4375,67668.4296875,50953457309,32.65432039493494,-3829.857732137054,-4331.161937191491,72661.44266707666,63675.72061417333,-0.04601267313564273,1.0464730832851326,8985.722052903322,0.10472365621107939,-0.05927036606934977,-0.009051047945064764,-0.00834051043874472
2026-02-24,64080.04296875,64992.15625,62553.1875,64616.015625,40849331086,34.365758666141204,-3854.353620175083,-4235.80027378821,71953.54340396944,63489.653861655555,-0.00834051043874472,-0.221022167977258,8463.889542313882,0.06975387664770642,-0.0601490486211868,-0.007415567536273121,0.05878816281087323
2026-02-25,67960.125,69953.53125,63942.484375,64077.76953125,53629234355,52.82200234552016,-3520.0990841487655,-4092.660035860321,71495.34352709631,64473.6564729037,0.05878816281087323,0.2722038901736016,7021.687054192611,0.49652861202551796,-0.05179653633875402,0.0032632603310251795,-0.007478610812400483
2026-02-26,67453.7734375,68843.3515625,66523.734375,67954.8671875,42988597523,53.64693382524358,-3258.4963776136283,-3925.8273042109827,71129.81134731397,64529.026933936046,-0.007478610812400483,-0.22115942981679207,6600.784413377922,0.4430907480686504,-0.048307102947069705,0.0010548693585815717,-0.023580345399758597
2026-02-27,65881.796875,68220.40625,64946.03515625,67456.515625,40283655942,40.597551385509426,-3141.8029700420593,-3769.022437377198,70994.86822377189,64323.952869978115,-0.023580345399758597,-0.06498907970585256,6670.915353793775,0.23352777278693843,-0.04768848329991848,-0.0045321793637599795,0.016768637200983844
2026-02-28,66995.859375,67714.5234375,63062.21875,65878.9296875,42041497112,41.354548179339275,-2925.7014060467627,-3600.358231111111,70606.67616321969,64385.25821178033,0.016768637200983844,0.042711330043486394,6221.4179514393545,0.4196151397633192,-0.04366988398000175,-0.0021331804818559316,-0.018952127255243773
2026-03-01,65738.1015625,68162.8203125,65076.73046875,67005.8828125,40733141929,40.648793527154616,-2823.383693873271,-3444.9633236635427,70222.06923891345,64331.59716733655,-0.018952127255243773,-0.03161509788503951,5890.4720715769,0.23877617584335403,-0.04294896911784044,-0.004115352432847612,0.04517399874225875
2026-03-02,68775.8515625,70044.0,65303.13671875,65734.078125,56698092052,49.82555686137612,-2468.7172960863827,-3249.714118148111,70219.21039110793,64332.64507764207,0.04517399874225875,0.3306985011933684,5886.565313465864,0.7548045843801445,-0.03589511783569758,0.008911314978281171,-0.007035921401254354
2026-03-03,68293.6484375,69232.890625,66237.6171875,68785.078125,47947999049,52.16946721937089,-2201.1775779218733,-3040.0068101028637,70315.26049651194,64366.76294098807,-0.007035921401254354,-0.16762348978012706,5948.497555523871,0.6601474506557882,-0.03223107314198209,0.009097684840779796,0.06267011054362281
2026-03-04,72710.578125,74051.8046875,67437.40625,68290.5625,75073101274,64.43387472496244,-1614.1343754804839,-2754.832323178388,71434.95944226533,63895.93743273468,0.06267011054362281,0.44834525198309244,7539.02200953065,1.1692021433444406,-0.022199443562469733,0.009652248802601165,-0.026047184090688055
2026-03-05,70841.125,73555.7890625,70654.8828125,72712.65625,51172841727,58.40248338438031,-1284.9357125935785,-2460.8530010614263,71763.56519431443,63765.65980568558,-0.026047184090688055,-0.38325336619845063,7997.905388628853,0.8846647779021227,-0.018138273673569957,0.0069995954771315105,-0.03892676222985379
2026-03-06,68136.4921875,71378.5703125,67757.8203125,70842.15625,43776962871,50.26461126732662,-1228.1275747181498,-2214.3079157927714,71575.11020281019,63791.00151593982,-0.03892676222985379,-0.15610123912887527,7784.1086868703715,0.558251541231594,-0.01802452012555258,0.00480725021568934,-0.012760002816373808
2026-03-07,67272.59375,68515.1640625,66969.2578125,68136.6875,23258701211,48.57353583566353,-1238.5389936223946,-2019.1541313586963,71467.62045124674,63746.93189250326,-0.012760002816373808,-0.6324284095112889,7720.688558743481,0.45665122102400635,-0.018410751311672066,0.000588873070352533,-0.019556151272463178
2026-03-08,65969.78125,68177.7890625,65639.1953125,67272.5,33195080116,46.822520421407226,-1336.5097463978163,-1882.6252543665205,71344.10931954645,63583.10552420355,-0.019556151272463178,0.35572236800887475,7761.003795342898,0.30752152540220384,-0.020259423649336663,0.0005025839250354752,0.036210883133673905
2026-03-09,68402.3828125,69474.9453125,65858.0078125,65969.5859375,49499875378,57.28647334314261,-1203.982892487984,-1746.8967819908132,71412.21337548514,63605.81787451486,0.036210883133673905,0.3995684762910952,7806.395500970277,0.6144404209840952,-0.017601475898701667,-0.0007778611619052161,0.022043063053682945
2026-03-10,69926.921875,71770.8984375,68402.71875,68402.71875,54003996096,60.84158704851317,-964.8150573166058,-1590.4804370559718,71695.26011355016,63672.93129269984,0.022043063053682945,0.08708789364874195,8022.328820850322,0.7795729546818169,-0.013797476443211535,0.003376279474514398,0.003967140831024369
2026-03-11,70204.8828125,71337.6640625,68998.8671875,69931.25,45236859848,54.804101716962805,-744.2642848054966,-1421.237206605877,71994.36188164815,63698.56546210185,0.003967140831024369,-0.17714580772893732,8295.7964195463,0.7842908650780513,-0.010601317956661842,-0.005009859055856809,0.004102088510358853
2026-03-12,70493.4609375,70775.828125,69230.15625,70209.765625,40871848129,56.56657372965456,-539.9659740369098,-1244.9829600920837,72284.75610987484,63656.97514012516,0.004102088510358853,-0.10147072162471309,8627.780969749678,0.7923805462080935,-0.00765980229734567,-0.0007028201128501075,0.006712861238543366
2026-03-13,70968.265625,73927.328125,70410.7265625,70497.046875,61167226505,61.534997175903975,-335.87357914372114,-1063.1610839024113,72636.652942424,63601.528307575994,0.006712861238543366,0.4031700152045244,9035.124634848005,0.8153442940908715,-0.004732729145707105,0.0058171260969209155,0.0034653905327112298
2026-03-14,71214.625,71291.203125,70339.5859375,70965.3828125,22283546496,59.95918225826203,-152.49191130268446,-881.027249382466,73013.64827988339,63580.056407616605,0.0034653905327112298,-1.0097629506073782,9433.591872266785,0.8092960450013708,-0.0021413004885258396,0.008135039432504492,0.021879197879022205
2026-03-15,72789.9140625,73173.0078125,70882.421875,71213.6796875,27991268669,66.40123268355791,118.5850689009967,-681.1047857257736,73495.48097158724,63915.54129403777,0.021879197879022205,0.22804404744755472,9579.939677549468,0.9263495457344415,0.0016291414879151438,0.014054375025573832,0.028056806108927662
2026-03-16,74861.0859375,74901.859375,72300.6328125,72798.171875,55572438409,64.81945572256905,494.83760958592757,-445.9163066634334,74263.8461736751,64225.28038882489,0.028056806108927662,0.685794737987239,10038.565784850216,1.0594945310539443,0.006610077898135988,0.012889506879181513,-0.012617278563279094
2026-03-17,73922.4765625,75988.3984375,73444.2265625,74855.296875,49500721728,63.409863989892855,709.1083667084749,-214.91137198905173,74935.1378278141,64150.22389093591,-0.012617278563279094,-0.1157001164503565,10784.913936878198,0.9061039085483757,0.009592594832898189,0.007938029505329793,-0.03688417423341742
2026-03-18,71245.578125,74658.9765625,70503.859375,73936.8515625,46229011155,46.19433257539288,655.3615532949916,-40.85678693224307,75081.95378938562,64382.58839811437,-0.03688417423341742,-0.06837970174264163,10699.365391271247,0.6414389523030917,0.009198627768100402,0.002102127353266679,-0.01888416104762736
2026-03-19,69912.7890625,71598.84375,68805.5234375,71250.3515625,44631433398,47.51927034685997,499.4643634035601,67.20744313491758,74967.07304939635,64900.56835685366,-0.01888416104762736,-0.03516915259891876,10066.504692542687,0.4979107305596267,0.007144105822427618,-0.0011816225835884937,0.008684431647448684
2026-03-20,70522.5859375,71346.796875,69398.8828125,69911.53125,38299078407,57.18006151786059,420.275553791711,137.82106526627626,74953.55462807104,65266.759434428954,0.008684431647448684,-0.15301256207375166,9686.795193642087,0.5425764040639733,0.005959446157634894,-0.0008999696680305912,-0.026016105631017767
2026-03-21,68711.5234375,71051.2734375,68602.9140625,70522.46875,21109354718,54.09641657240185,208.97135191586858,152.05112259619474,74703.27164258198,65814.38460741802,-0.026016105631017767,-0.5957095396219403,8888.887035163963,0.3259281863545716,0.003041285383607437,-0.0051116119771347345,-0.012688120086084904
2026-03-22,67845.2109375,69561.7734375,67372.875,68737.4453125,30108051508,55.47514012006969,-28.06936296596541,116.02702548376273,74740.80567089426,65683.78651660575,-0.012688120086084904,0.35507633415063106,9057.019154288515,0.23864633430421503,-0.0004137265192059513,-0.010049800257864321,0.04425119303469704
2026-03-23,70914.859375,71782.2578125,67458.84375,67843.0,51508669357,57.07189252734117,31.40709603506548,99.10303959402329,74789.02855598263,65897.68472526738,0.04425119303469704,0.5369575025863618,8891.343830715254,0.5642763057255945,0.00044288455638026114,-0.007736316411325839,-0.005613991531695598
2026-03-24,70517.859375,71371.3046875,68920.6953125,70912.671875,40181522399,51.77605046199852,45.97803005541209,88.47803768630105,74539.5382383755,65927.9031678745,-0.005613991531695598,-0.24834288239035412,8611.635070501012,0.5329947413642478,0.0006520054701449464,-0.006735846835385339,0.011168924480813245
2026-03-25,71309.8828125,71985.7421875,70383.59375,70520.046875,35409791747,53.22150977294551,120.05139468610287,94.79270908626142,74581.95868731293,65932.35850018708,0.011168924480813245,-0.12641886322661036,8649.600187125849,0.6217078472963707,0.001683516925722095,0.0001288815523618991,-0.03595291880741613
2026-03-26,68791.625,71410.390625,68118.3515625,71310.1171875,38962070215,45.60930371681858,-24.168688092540833,71.00042965050098,74556.61883173767,66023.21163701234,-0.03595291880741613,0.09560022938317138,8533.407194725325,0.3244206329095075,-0.00035133183861466906,-0.0023095124133222103,-0.03631346968520713
2026-03-27,66338.375,69117.53125,65532.5703125,68790.8359375,46483453594,39.16146405626574,-332.58705849639955,-9.717067978879136,74666.57312717123,65819.83546657878,-0.03631346968520713,0.1765077982823059,8846.737660592451,0.0586136441833224,-0.005013494202961702,-0.00873778403227304,-0.0002816215791388498
2026-03-28,66319.6953125,67232.859375,65906.7421875,66338.5,20924883455,38.41754164261939,-571.925334499465,-122.1587212829963,74615.13070935737,65906.26929064262,-0.0002816215791388498,-0.7981573658737376,8708.861418714747,0.047471879730329,-0.008623762998375355,-0.005061429167718909,-0.005515409833700628
2026-03-29,65954.921875,67052.953125,64971.70703125,66319.6953125,21645889785,32.844130606578176,-782.0221459320746,-254.13140621281198,74836.63452192969,65440.0193843203,-0.005515409833700628,0.03387654145063298,9396.615137609391,0.054796592511145555,-0.011856918690832345,-0.0040367562745211565,0.011105181731209317
2026-03-30,66691.4453125,68087.2890625,65759.8046875,65958.3515625,37694994180,28.021614487002722,-878.9619701777701,-379.09751900580363,74921.82906452606,65031.27718547396,0.011105181731209317,0.5547117171093815,9890.551879052095,0.1678539425633122,-0.013179530988707272,-0.008771900746447972,0.022856210162579323
2026-03-31,68233.3125,68495.2734375,65950.4375,66694.5859375,42997691338,35.17588512554266,-821.8973620206671,-467.65748760877636,74882.33546590724,64873.61375284276,0.022856210162579323,0.131619119171741,10008.721713064479,0.3356771067749302,-0.0120453973566162,-0.004704729075837271,-0.002270644254019965
2026-04-01,68078.5546875,69230.359375,67555.359375,68232.890625,36465393617,40.498972739029774,-780.1676242961985,-530.1595149462609,74815.30738084242,64699.15121290756,-0.002270644254019965,-0.164782733682151,10116.15616793486,0.33406003411688956,-0.011459814737216302,-0.006624667466527729,-0.017634149228875802
2026-04-02,66888.5703125,68633.1484375,65725.2578125,68077.8984375,39323384518,40.8489766739919,-833.5101146910456,-590.8296348952179,74733.26954094651,64373.2195215535,-0.017634149228875802,0.0754556770646951,10360.050019393006,0.24279330565371424,-0.01246117402116578,-0.004007700383879111,0.0006356502125007872
2026-04-03,66931.1015625,67296.234375,66281.5390625,66889.015625,22815543346,38.74613577588528,-862.4111671121791,-645.1459413386101,74583.67763717589,64094.45908157411,0.0006356502125007872,-0.5443773384280636,10489.21855560178,0.2704341096421055,-0.012885058619674188,0.0012707453157934478,0.005355544495529739
2026-04-04,67290.515625,67515.015625,66769.640625,66938.6484375,15878814963,45.101670057194625,-846.5551870476775,-685.4277904804236,74120.18833187068,64008.008543129305,0.005355544495529739,-0.36245620085451824,10112.179788741378,0.3246092484950696,-0.012580601875090438,0.002076054755031818,0.024824828794848448
2026-04-05,68981.8984375,69087.65625,66610.6328125,67291.1953125,22972648674,53.70737295719408,-689.5599334410363,-686.2542190725462,73027.70605555415,64512.572069445865,0.024824828794848448,0.36931849165874725,8515.133986108289,0.5248685898947606,-0.009996244653455015,0.006410374559110256,-0.0017711667933321205
2026-04-06,68859.828125,70305.421875,68347.078125,68982.9140625,39542143229,41.70188307353742,-568.4375239664369,-662.6908800513244,72019.86581205307,65014.14746919691,-0.0017711667933321205,0.5430627001483402,7005.718342856162,0.5489345228564659,-0.008254994812571453,0.0045708961984614795,0.043769250088650125
2026-04-07,71940.703125,72732.4296875,67740.5078125,68859.375,44650511480,54.721913115803076,-221.2953225379897,-574.4117685486575,72180.16087303429,64923.36490821572,0.043769250088650125,0.12149874223073602,7256.795964818564,0.967002276321925,-0.0030760795061104667,0.007558473330757308,-0.011426386592901714
2026-04-08,71123.359375,72825.1875,70707.46875,71950.1484375,42444631703,49.382033494172866,-11.997141105006449,-461.9288430599273,72374.21935060364,64850.36346189638,-0.011426386592901714,-0.05066531946463636,7523.855888707265,0.8337474834569969,-0.00016868074301371467,0.006250510139488487,0.00902047398791368
2026-04-09,71767.828125,73107.265625,70486.359375,71120.5703125,38799581473,61.2582112118135,203.53024766562157,-328.83702491481756,72606.95974858601,64742.14728266397,0.00902047398791368,-0.08979098331870942,7864.812465922041,0.8933055775680812,0.002835953838691166,0.010058313456172698,0.01673607145352826
2026-04-10,72979.046875,73440.1171875,71434.828125,71774.3671875,37722595732,77.72516918757347,466.69274316779047,-169.73107129829594,73266.5823930752,64509.2769819248,0.01673607145352826,-0.028150188594505077,8757.305411150395,0.9671662110002408,0.006394886794933775,0.012358373633462339,0.0010302658186926742
2026-04-11,73054.2734375,73784.234375,72556.3359375,72976.125,23287073965,77.98509497763857,673.5567290379258,-1.0735112310516115,73871.9918017617,64424.77382323829,0.0010302658186926742,-0.48236083001647195,9447.217978523411,0.913443474457607,0.009219949735235855,0.01174047667962847,-0.03200195641601119
2026-04-12,70753.40625,73154.03125,70540.5703125,73056.046875,29882740487,67.17605197396827,644.4088314542751,128.02295730601372,73851.74409552659,64428.87621697339,-0.03200195641601119,0.24938263130959556,9422.867878553203,0.6711895056303192,0.009107813540132919,0.0036223645066485225,0.05139225778223328
2026-04-13,74484.640625,74896.3125,70588.5234375,70757.6171875,52278211554,72.97083077149811,911.8767953821371,284.79372492123844,74596.54763851427,64080.75079898572,0.05139225778223328,0.5592986066895088,10515.79683952855,0.989358199362068,0.012242480969641345,0.011217139446015009,-0.004076670658997154
2026-04-14,74181.609375,76061.7578125,73877.203125,74478.3984375,53540826530,68.91421774669553,1086.8662765748304,445.2082352519568,75110.58980827357,63853.88128547643,-0.004076670658997154,0.023864796408955925,11256.708522797133,0.9174731733176613,0.014651424871096367,0.004382007910636826,0.00836950468372944
2026-04-15,74805.078125,75409.2734375,73549.203125,74182.0234375,38090174312,70.76969912467632,1261.3157558389066,608.4297393693467,75878.97932433919,63686.83708191082,0.00836950468372944,-0.3404881187904975,12192.142242428374,0.9119185801816722,0.016861365397296102,0.007209992378726991,0.004628724487070657
2026-04-16,75152.1328125,75506.5703125,73346.265625,74810.875,41312783855,76.91681290537983,1411.3040037712926,769.0045922497359,76541.48285529163,63905.70933220838,0.004628724487070657,0.08121563171185923,12635.773523083248,0.8900463006673528,0.018779294092589632,0.006582599592892273,0.025937296578403095
2026-04-17,77126.875,78320.6796875,74558.6015625,75164.0390625,54137194839,79.497565035235,1670.2622186325898,949.2561175263068,77510.0978993874,64017.812256862606,0.025937296578403095,0.2703494812369879,13492.285642524796,0.9715968880631658,0.021656033887443124,0.00789706032501725,-0.018327445076503752
2026-04-18,75726.2109375,77416.703125,75504.9453125,77136.046875,26014416776,73.01860173009008,1742.38149630306,1107.8811932816575,77947.33893372954,64557.70012877046,-0.018327445076503752,-0.7328705940155783,13389.638804959075,0.8341159139104081,0.023008961820909276,0.005131673054274903,-0.025002336494923415
2026-04-19,73856.3515625,76243.09375,73802.3828125,75723.6953125,30931515195,63.17268455650365,1629.866433266492,1212.2782412786244,78039.44452468933,65182.085162810676,-0.025002336494923415,0.173124697640406,12857.359361878654,0.6746538037512866,0.022068060482072938,0.006131618757287441,0.02693259727225901
2026-04-20,75872.5234375,76575.359375,73775.5703125,73854.25,39674447916,67.19115859742745,1683.9738533003256,1306.6173636829647,78483.93655618202,65501.51422506797,0.02693259727225901,0.2489317777820154,12982.422331114045,0.7988500872888545,0.022194778518042822,0.0026373815415768323,0.006309747501944813
2026-04-21,76352.7734375,76881.4765625,74852.671875,75872.828125,36453522626,62.396519153916636,1745.4856626909313,1394.391023484558,78901.96204749134,65910.91060875866,0.006309747501944813,-0.08466925468129763,12991.051438732684,0.8037734957778888,0.022860802353430312,0.004121155564568542,0.02394495237334366
2026-04-22,78203.1015625,79468.0,76159.578125,76354.21875,48336654537,68.80051484216777,1921.3916240346734,1499.7911435945812,79414.86353169601,66529.46224955398,0.02394495237334366,0.28215206947667026,12885.401282142033,0.9059585384526356,0.02456925090751158,0.006346219520227716,0.0008417038623198857
2026-04-23,78268.953125,78676.9375,77014.453125,78203.875,40354900916,67.81133186871895,2042.5666001696954,1608.3462349096042,79734.11429398887,67343.99664351113,0.0008417038623198857,-0.18047731848615836,12390.11765047774,0.8817475983423567,0.02609676658007166,0.00580521657383475,-0.010449855400701123
2026-04-24,77455.3125,78554.09375,77318.4453125,78263.8203125,32784213526,62.53688012722386,2049.3213424387795,1696.5412564154394,79730.61800556553,68363.97261943448,-0.010449855400701123,-0.207765742872702,11366.645386131044,0.7998261203483544,0.02645811212031169,0.0006070520053912894,0.0020210985800430967
2026-04-25,77612.015625,77882.640625,77184.6640625,77457.2109375,16702933134,62.707081355762384,2043.7599642457499,1765.9849979815015,79844.39888186289,69113.20346188713,0.0020210985800430967,-0.6743627638246424,10731.19541997576,0.7919725464408027,0.026333035520178193,0.0035139868134694105,0.01338122502813899
2026-04-26,78657.5390625,78923.5625,77334.890625,77613.1171875,21482934750,73.69554128133532,2099.5156263253302,1832.6911236502674,79949.4923924723,69987.88104502771,0.01338122502813899,0.25167454663615907,9961.611347444588,0.8703067922535859,0.026691854987442327,0.008997352745335469,-0.016547994707933746
2026-04-27,77366.625,79488.171875,76481.34375,78661.015625,38135631927,60.12060422828109,2016.293833779986,1869.4116656762112,80116.3363132229,70363.62931177711,-0.016547994707933746,0.5738901788638934,9752.707001445786,0.7180566059437664,0.02606154570888915,0.002785839605307932,-0.013218654490737211
2026-04-28,76350.671875,77483.8671875,75673.6015625,77368.1171875,32056900880,57.25384377429792,1847.0691734236025,1864.9431672256896,79993.92039627838,71008.77647872161,-0.013218654490737211,-0.17363659000875395,8985.143917556765,0.5945253014634356,0.024191917740391235,-3.932107932357142e-06,-0.0075534590417408835
2026-04-29,75776.1328125,77884.96875,74958.5703125,76350.6875,41460907886,53.25809274115968,1647.6043527919828,1821.4754043389485,79836.42385719439,71567.10348655561,-0.0075534590417408835,0.25723852838720673,8269.320370638772,0.5089933800229276,0.021743051428459736,-0.004503705167230149,0.006946186875134918
2026-04-30,76304.3203125,76611.484375,75318.984375,75778.6328125,29497862305,53.81940739620422,1514.686993575844,1760.1177221863277,79804.36911607935,71931.68557142065,0.006946186875134918,-0.34043320816252454,7872.6835446587065,0.5554185832917736,0.01985060593387805,-0.003631636165399431,0.02427150989403538
2026-05-01,78179.0,78894.9765625,76294.6953125,76305.0546875,39164328894,53.51100029303525,1542.835168764621,1716.6612115019866,79955.17612500254,72293.35121874746,0.02427150989403538,0.28344855883912334,7661.824906255089,0.7681784500774419,0.019734649570404085,0.0013285588767057849,0.006098736514783506
2026-05-02,78657.25,79119.7890625,78031.9609375,78177.75,16761531851,60.422693993573695,1585.4574123596394,1690.4204516735174,79568.41949876025,73470.49221998974,0.006098736514783506,-0.8486798652203236,6097.927278770512,0.8505771785876696,0.020156532453901446,0.0019110785816687005,-0.0015143369624661424
2026-05-03,78538.2265625,79402.359375,78073.078125,78656.7265625,20544392639,69.01652744652792,1591.2882701636117,1670.5940153715364,79740.33384243108,73703.93647006893,-0.0015143369624661424,0.20350154932414752,6036.397372362146,0.8008568346683455,0.020261321649493565,-0.00021685884556060404,0.01628767686490818
2026-05-04,79827.90625,80742.359375,78217.9609375,78540.2890625,54325085296,67.0733146690713,1680.6026977004658,1672.5957518373225,80077.85870731862,73931.04129268137,0.01628767686490818,0.9723980568213317,6146.817414637248,0.9593362808004715,0.02105282195974501,0.004473951379131099,0.013675043806522565
2026-05-05,80927.0546875,81751.453125,79787.578125,79823.53125,39700107376,68.74333348272307,1819.1075781330292,1701.898117096464,80667.97284627435,73953.12480997565,0.013675043806522565,-0.31363220387247953,6714.848036298703,1.038583425838393,0.02247836134847014,0.00831590827873964,0.006165248057273942
2026-05-06,81427.53125,82792.2109375,80751.0234375,80930.734375,41751540000,64.85560376322141,1946.8162834219984,1750.8817503615708,81291.10163556435,73957.53586443566,0.006165248057273942,0.05038244446950359,7333.565771128691,1.0186034486759137,0.023908575558368023,0.010275723578598902,-0.017561908350902416
2026-05-07,80009.9921875,81684.953125,79522.65625,81428.8515625,36931193154,57.132916598651214,1911.6069816293311,1783.026796615123,81576.87332515007,73960.07589359993,-0.017561908350902416,-0.12267979997191603,7616.797431550134,0.794286095733548,0.023892103090693496,0.006774567117736425,0.0022069548930199264
2026-05-08,80186.765625,80447.265625,79205.515625,80009.625,33789351540,61.806695276187234,1876.3382361321856,1801.6890845185358,81818.71767942683,74164.28700807318,0.0022069548930199264,-0.08891082721503919,7654.43067135365,0.7867964157628179,0.0233995999403073,0.0036224878318770735,0.005938447031188693
2026-05-09,80664.3671875,81030.0625,80119.9296875,80187.7421875,18102086996,62.83764024601417,1865.42252614288,1814.4357728434047,81805.20801178124,74858.59823821875,0.005938447031188693,-0.6241184743859397,6946.6097735624935,0.8357701293911876,0.023125731858861614,0.003599589334220672,0.018115146956791082
2026-05-10,82138.9296875,82430.171875,80274.1328125,80665.609375,26965971077,64.13208526098268,1953.240872719427,1842.1967928186093,82309.69820877847,74980.74866622152,0.018115146956791082,0.3985485053672036,7328.949542556948,0.9766994546370052,0.02377972150538837,0.00640380132268599,-0.005011785219488408
2026-05-11,81728.296875,82326.234375,80451.421875,82139.046875,32409774919,69.06817346588868,1967.0282318865939,1867.1630806322064,82658.18767023073,75169.81154851925,-0.005011785219488408,0.18388433168991525,7488.376121711481,0.8758221034683975,0.024067897008732252,0.003361021024915048,-0.015422747705667463
2026-05-12,80477.4921875,81753.03125,79832.1015625,81725.3515625,32186688600,67.67844509013705,1855.6347264547367,1864.8574097967125,82818.85771393143,75236.58056731858,-0.015422747705667463,-0.0069071027658285395,7582.277146612847,0.6912054939223562,0.023057810028813984,-0.0007958063339692417,-0.015028018231235505
2026-05-13,79277.1171875,81276.671875,78725.5078125,80476.7890625,34075428359,64.23426571205316,1651.4573677664885,1822.177401390668,82853.56400082489,75302.69068667512,-0.015028018231235505,0.057023579004886,7550.873314149765,0.5263532223983385,0.020831450819037624,-0.003823415803756305,0.022132143698821827
2026-05-14,81051.25,82005.9609375,78909.6796875,79276.9453125,43731663431,67.52451991271298,1614.1955889621313,1780.5810389049607,83050.41752289269,75465.43091460732,0.022132143698821827,0.24949585480307226,7584.98660828537,0.7364309752755976,0.01991573959639279,0.001847163060490015,-0.02480277513696735
2026-05-15,79065.6796875,81634.84375,78635.3671875,81046.8671875,38183347368,53.246823837028,1408.213422930654,1706.1075157100995,83045.2034357478,75616.0114080022,-0.02480277513696735,-0.13567291557913858,7429.192027745594,0.46433963028737896,0.017810678773603046,-0.0020113698009367386,-0.011886390842574117
2026-05-16,78131.4375,79173.5,77630.734375,79066.0,25895799905,48.13681240560041,1156.256925493668,1596.1373976668133,83046.31728611694,75562.28740138304,-0.011886390842574117,-0.3883186980662684,7484.0298847339,0.34328431850028085,0.014798869219495263,-0.0045577752114742826,-0.009026576797854137
2026-05-17,77429.3515625,78539.3984375,76783.4140625,78133.5859375,20900166465,46.22667993772809,889.6715387496806,1454.8442258833868,83042.71461883793,75572.16272491208,-0.009026576797854137,-0.21432366595349425,7470.551893925847,0.24860128996596814,0.011490107056256941,-0.008435164319280743,-0.006155853649121142
2026-05-18,76954.171875,77749.3203125,76029.2265625,77426.34375,41520471808,39.64727828663551,632.7635650755983,1290.428093721829,82980.93617268979,75694.29117106022,-0.006155853649121142,0.6864294784126251,7286.645001629571,0.17290271498856463,0.008222602487405408,-0.008598602666371132,-0.002644879999712329
2026-05-19,76750.90625,77346.8671875,76082.3671875,76954.75,26031898332,33.917158837564045,408.0564866691275,1113.9537723112887,82850.75613465109,75921.9485528489,-0.002644879999712329,-0.4668639572160736,6928.80758180219,0.11963930118771827,0.005316634116865916,-0.006773192994091828,0.009167734783614812
2026-05-20,77457.7734375,77775.5703125,76463.6484375,76749.453125,26668360936,34.95121938217338,283.7419816592883,947.9114141808886,82725.99864163536,76162.05135836462,0.009167734783614812,0.0241552341193694,6563.94728327074,0.19739983019631058,0.0036631827777522832,-0.003316656849113212,0.0010503232153248991
2026-05-21,77539.171875,78100.5625,76655.4375,77462.5078125,27141485404,39.57766929181603,189.60437324234226,796.2500059931795,82757.781102126,76066.28608537401,0.0010503232153248991,0.01758550499322651,6691.4950167519855,0.2201131116347595,0.0024452720948322905,-0.006328345489612772,-0.026806340702622146
2026-05-22,75488.2421875,77819.453125,75323.875,77538.1171875,27859040109,32.88664129587927,-49.91782350302674,627.0164400939383,83023.15488205069,75484.01152419932,-0.026806340702622146,0.026094129585486375,7539.143357851368,0.0005611596835169094,-0.0006612662059217026,-0.006614569141849172,0.015577503022418466
2026-05-23,76673.3671875,77288.1171875,74255.234375,75488.3125,29973220002,36.17612580383633,-142.4689141325798,473.1193692486347,83093.13969509744,75227.54077365257,0.015577503022418466,0.07314680273184307,7865.598921444878,0.18381644275114614,-0.0018581277875038518,-0.0026911557325645175,0.004005847400396048
2026-05-24,76981.125,77372.5390625,76019.890625,76670.65625,20572738918,30.563528976047948,-188.80639423684624,340.73421655153857,83053.78731638334,74982.21502736666,0.004005847400396048,-0.3763374705031872,8071.57228901668,0.24764815342768945,-0.0024526323074240113,-0.0008293808471002058,0.003874018128693613
2026-05-25,77279.9296875,77804.921875,76833.0390625,76981.125,19808387601,33.09446288887952,-199.12277657791856,232.76281792564714,82837.67829165548,74833.61155209453,0.003874018128693613,-0.03786138168227715,8004.066739560949,0.3056343999874434,-0.0025766428280035894,0.000603457978301902,-0.018996541405031864
2026-05-26,75825.734375,77990.8671875,75569.46875,77280.125,35999475458,32.59063512567606,-320.9403913570859,122.02217606910055,82577.86046687658,74533.24968937344,-0.018996541405031864,0.5973989035262519,8044.610777503141,0.16066466375736344,-0.0042326051175430625,-0.00173249365102946,-0.019725310724108713
2026-05-27,74344.703125,76014.296875,74136.5,75825.3046875,33802172927,31.920079954409957,-530.8690451999282,-8.556068184705211,82645.92165652785,73898.65959347214,-0.019725310724108713,-0.06297927953517918,8747.262063055707,0.05099235947344997,-0.007140643823775148,-0.005860071580704249,-0.010929802661887332
2026-05-28,73536.5546875,74460.125,72493.4140625,74339.5703125,40148145327,20.355299630350814,-753.7609536785167,-157.5970452834675,82695.09389184792,73184.46626440207,-0.010929802661887332,0.17205115752314237,9510.62762744585,0.037020524500594613,-0.010250153231704825,-0.007571518134591712,-0.0022330998228095003
2026-05-29,73372.5234375,74218.5625,72435.625,73537.03125,34457929250,23.77166007290569,-932.8866118463193,-312.6549585960379,82563.37823876817,72586.99754248184,-0.0022330998228095003,-0.15283710784291812,9976.380696286331,0.07873856450871906,-0.012714386368910542,-0.004061055151761333,0.005197039654902875
2026-05-30,73754.8359375,74020.7578125,73125.234375,73370.8515625,19563589191,28.756697723627184,-1032.0981775123073,-456.54360237929177,81934.05598056594,72377.91042568405,0.005197039654902875,-0.5660689936382463,9556.145554881892,0.14408795930409232,-0.013993633968447973,-0.005543978489977846,-0.002377562514476544
2026-05-31,73579.6875,74153.5,73315.015625,73753.75,17445435650,30.307002574540576,-1112.0381891877914,-587.6425197409917,81267.66418338774,72229.44128536226,-0.002377562514476544,-0.1145920971471547,9038.222898025473,0.1493928872823625,-0.015113385595553004,-0.0064558941921025025,-0.031195386303294676
2026-06-01,71319.7734375,73969.5703125,70599.5078125,73580.2109375,43378836121,25.627507953469404,-1342.2744974613306,-738.5689152850596,81067.3583174888,71513.97527626119,-0.031195386303294676,0.910893628087844,9553.383041227615,-0.02032806995418184,-0.01882050983571355,-0.011465809110957972,-0.06691384852525814
2026-06-02,66703.65625,71334.953125,66127.265625,71321.03125,54990073882,18.546870750562036,-1875.5997625193704,-965.9750847319217,81876.86561195775,69447.12188804224,-0.06691384852525814,0.23718101888585935,12429.743723915512,-0.22071779587566545,-0.028118395121997087,-0.018311138699561726,-0.041152222290191665
2026-06-03,64014.3671875,67402.9296875,64009.67578125,66694.0078125,47411556213,12.561952328363219,-2486.603017764064,-1270.1006713383504,82426.99183462383,67193.30738412618,-0.041152222290191665,-0.1482866931240067,15233.684450497647,-0.2086783540092379,-0.038844452066217096,-0.021372126066145004,-0.003329681149437111
2026-06-04,63801.57421875,64664.4453125,61335.75,64020.0703125,63800151780,12.020614642218973,-2953.946853223417,-1606.8699077153638,82836.9734496882,65256.9152221868,-0.003329681149437111,0.2968895683965922,17580.058227501402,-0.08278362816569346,-0.04629896502389609,-0.020286394421509257,-0.046172542625212365
2026-06-05,60922.66796875,63901.515625,59108.91796875,63807.69140625,71465606706,11.494390086485097,-3516.092557891301,-1988.7144377505515,83525.63301854275,62847.37870020725,-0.046172542625212365,0.1134607395345901,20678.2543183355,-0.09307897571172179,-0.05771402788359276,-0.02656345767899538,-0.0009073630482773938
2026-06-06,60867.4140625,61491.703125,59496.625,60924.4765625,30898464957,5.560568533163703,-3920.858392441456,-2375.1432286887325,83854.9234109805,60861.8945577695,-0.0009073630482773938,-0.8385098039766414,22993.028853211,0.0002400512244706435,-0.06441637866224172,-0.027435515208021132,0.0382314561194156
2026-06-07,63239.51953125,64128.04296875,60724.06640625,60866.94140625,36006496194,15.382984908192157,-4004.0726881865558,-2700.9291205882973,83641.36606974434,59703.98666463065,0.0382314561194156,0.15299286710760213,23937.379405113694,0.14769924505035487,-0.06331598844940514,-0.02163422683175083,-0.0023577871851843952
2026-06-08,63090.58984375,64185.765625,62384.66796875,63244.0859375,34133252457,13.983111935531781,-4035.5190466684726,-2967.847105804333,83292.58155919917,58686.739534550834,-0.0023577871851843952,-0.05342731749966797,24605.842024648337,0.17897580195741852,-0.0639638820410909,-0.017514569814877933,-0.023199274916972237
2026-06-09,61643.78125,63486.08984375,60756.6875,63092.890625,40144449754,13.988357500592173,-4129.582616528467,-3200.1942079491596,82781.10131971295,57616.82055528705,-0.023199274916972237,0.16221213856798258,25164.2807644259,0.16002685442953735,-0.06699106597274915,-0.011269630727979946,-0.00316008608540611
2026-06-10,61449.2890625,62788.27734375,60788.0234375,61643.20703125,27493506779,14.966206005406349,-4171.733421358607,-3394.5020506310493,82057.77943994224,56731.154153807765,-0.00316008608540611,-0.37853433341342985,25326.625286134476,0.1862914958225831,-0.06788904290032619,-0.005842182698724867,0.03378866852406486
2026-06-11,63561.0546875,63851.94921875,61447.96875,61448.87890625,29316677897,24.691578989513616,-3988.756498688679,-3513.352940242575,81376.19423103996,56220.02061271003,0.03378866852406486,0.06420670592009499,25156.17361832993,0.2918183896393792,-0.06275472485942109,-0.0005395613167960139,-0.0002809578486747506
2026-06-12,63543.19921875,64334.015625,62778.79296875,63547.44140625,26881868307,24.876088129042074,-3801.3669642043824,-3570.955745034937,80354.30638527172,55928.891661603295,-0.0002809578486747506,-0.08670454687700459,24425.414723668422,0.31173708382392656,-0.05982334869728584,0.006016379365566502,0.01372472245570358
2026-06-13,64421.32421875,64700.87890625,63431.3203125,63541.515625,16956245530,26.733117534526215,-3541.1815230648062,-3565.000900640911,79087.43922515513,55939.778743594856,0.01372472245570358,-0.46081578490284486,23147.660481560277,0.3664104837683828,-0.05496908928851443,0.00810667729470664,0.019812484755317328
2026-06-14,65710.3984375,65749.78125,63634.0234375,64420.16796875,21572226975,31.415310211321795,-3194.145054316512,-3490.8297313760313,77572.27876589261,56297.986077857386,0.019812484755317328,0.24077046535531263,21274.292688035224,0.4424312712843216,-0.048609430626944096,0.0054753956712640306,0.0087743291428838
2026-06-15,66289.5,67248.1328125,65315.8359375,65711.109375,32927321950,37.09565379816169,-2839.653735589891,-3360.5945322188036,76237.82925785036,56678.81214839965,0.0087743291428838,0.42289606838137644,19559.01710945071,0.49136865098175486,-0.04283715725099587,0.0070656980038452015,-0.010446052081715382
2026-06-16,65600.640625,66928.609375,65315.0703125,66289.4609375,25063963967,46.45637038115365,-2584.50939059793,-3205.377503894629,75070.71072895554,56971.52442729446,-0.010446052081715382,-0.27287165153293513,18099.18630166108,0.47676818470635396,-0.03939762426059281,0.008887586980310466,-0.01818545153086442
2026-06-17,64418.4453125,66354.625,63870.9296875,65600.4296875,31288885189,51.43735945157909,-2449.463055312517,-3054.194614178207,73912.05726751352,57218.36695123649,-0.01818545153086442,0.22183181268915644,16693.690316277032,0.43130537495611204,-0.03802424978482388,0.0067411062023878515,-0.023909926459543353
2026-06-18,62896.47265625,64736.921875,62201.14453125,64419.64453125,30432454936,47.05474997928082,-2437.1543372220767,-2930.786558786981,72603.25761152082,57479.561529104176,-0.023909926459543353,-0.027753293183197792,15123.696082416645,0.3581737623941916,-0.038748664818485615,-0.0015015502238418942,0.0101927013006599
2026-06-19,63540.8359375,63568.22265625,62275.58203125,62897.515625,22361931660,59.96948991093589,-2348.3347169976914,-2814.2961904291233,70900.44020847668,58160.978932148326,0.0101927013006599,-0.3081496018719407,12739.461276328351,0.42229862697159387,-0.03695788200374888,-5.3132025083727635e-06,0.01093823779640829
2026-06-20,64239.67578125,64307.13671875,63149.66015625,63535.80859375,17486384117,62.240969137635275,-2196.2371384942962,-2690.684380042158,68800.19409160338,59327.22387714662,0.01093823779640829,-0.24593750600925654,9472.970214456756,0.5185756729822646,-0.03418817283532001,-0.0004033824395505572,-0.01572292530514671
2026-06-21,63237.5390625,64506.578125,63221.0,64242.32421875,15739619591,49.992017148487655,-2131.986555823605,-2578.9448151984475,66946.85633278651,60372.3381984635,-0.01572292530514671,-0.10524145323410851,6574.518134323014,0.43580393353513797,-0.033713939337779796,-0.005479869591045419,0.011236353824842346
2026-06-22,63952.10546875,65544.0,63233.53125,63240.7890625,26561496819,53.321145899842186,-2000.3491887787823,-2463.2256899145145,66487.41868589223,60556.62076723278,0.011236353824842346,0.5232816047574663,5930.797918659453,0.5725173489445301,-0.03127886367644685,-0.005128151779337056,-0.02028318896027214
2026-06-23,62668.01953125,64196.5625,61893.20703125,63952.79296875,29608942370,53.99860859614304,-1976.8527031877748,-2365.9510925691666,66434.1348189813,60475.26986851871,-0.02028318896027214,0.10861374364211608,5958.864950462586,0.36798109723240086,-0.03154484086100724,-0.006533457047702307,-0.027057191162537193
2026-06-24,60995.1328125,63097.7578125,59029.85546875,62663.03125,42644106535,48.41046579160072,-2069.365192574456,-2306.6339125702243,66483.34794252738,60145.41260434761,-0.027057191162537193,0.36481265952691144,6337.93533817977,0.13406892983485197,-0.03392672656252291,-0.00780084842365556,-0.021099038116469408
2026-06-25,59721.67578125,61868.90625,58075.921875,60992.0703125,40625024718,35.72458326858026,-2219.850294244068,-2289.277188904993,66651.42881038555,59857.232517739445,-0.021099038116469408,-0.048504833233567836,6794.196292646106,-0.019951842815632045,-0.03716992641624776,-0.0073992929460735685,0.004923319948585001
2026-06-26,60016.4296875,60647.1875,58269.125,59712.0546875,41502864671,37.151478702847996,-2288.9411558029606,-2289.2099822845867,66753.01920916689,59670.54368145812,0.004923319948585001,0.021378203978388906,7082.475527708768,0.04883687980122521,-0.038138575848667866,-0.008152061710655696,-0.0012726617424323222
2026-06-27,59940.09765625,60835.046875,59794.62109375,60016.3125,15099836554,32.66131469999323,-2323.0765380835364,-2295.9832934443766,66878.13743934393,59215.48326378106,-0.0012726617424323222,-1.0110785335472967,7662.654175562871,0.09456441278267871,-0.038756635856787056,-0.00989647593049007,-0.006825999440473744
2026-06-28,59532.33984375,60432.70703125,58879.6328125,59940.3515625,16282230874,24.346398708871632,-2355.8746655046853,-2307.9615678564387,67009.63510113966,58728.160601985335,-0.006825999440473744,0.07539046323502197,8281.474499154327,0.09710580426790995,-0.03957302319525774,-0.008625486521251075,0.010128530183576383
2026-06-29,60138.37890625,60682.33984375,58856.1875,59522.7890625,30829983083,24.51526491104788,-2306.3786331081064,-2307.6449809067726,67080.29273227694,58506.96273647306,0.010128530183576383,0.6384133104202205,8573.329995803877,0.19028967397443308,-0.03835119394727169,-0.008783747041431927,-0.026615830286262104
2026-06-30,58558.859375,60173.21875,58111.671875,60136.453125,32747419391,22.830341102282446,-2367.3177312092594,-2319.5795309672703,67305.55389587261,57992.65860412738,-0.026615830286262104,0.060336468576094766,9312.895291745233,0.060797502080199656,-0.040426295123841105,-0.009688410088001921,0.024374798891813786
2026-07-01,60003.7578125,61223.76953125,57747.765625,58562.4453125,37904450118,33.305029763065434,-2272.821505576736,-2310.2279258891635,67251.14225468997,57691.34055781003,0.024374798891813786,0.14624436080175665,9559.801696879942,0.24188966759053585,-0.03787798612011698,-0.002340982937380353,0.024390944088390595
2026-07-02,61485.30078125,62117.875,59532.32421875,60004.76953125,40109297349,44.64701980984963,-2054.699137496238,-2259.1221682105784,67139.6783218271,57597.01464692289,0.024390944088390595,0.05653963897131391,9542.663674904208,0.40746339458156905,-0.033417729300965225,0.004157585949028218,0.01707535974546987
2026-07-03,62544.19921875,62879.0078125,61176.72265625,61492.06640625,26131813598,46.33473954770331,-1775.9196388577257,-2162.481662340008,66948.64453069802,57600.33593805198,0.01707535974546987,-0.4284546776687553,9348.308592646034,0.5288510998221262,-0.028394633891568415,0.005893591634297485,0.00866191238397133
2026-07-04,63088.3046875,63398.41015625,62287.5859375,62545.12890625,18608397613,45.716937851271666,-1493.8598274445467,-2028.7572953609156,66551.26658297244,57735.50451077755,0.00866191238397133,-0.33954052045898225,8815.762072194892,0.6071851908985488,-0.023678870986376856,0.007312816509498008,0.007258275090508953
2026-07-05,63547.8828125,63935.84765625,62413.9921875,63089.05859375,18267466154,51.203029924930256,-1219.1872492439652,-1866.8432861375256,66024.58519447355,57988.024180526445,0.007258275090508953,-0.01849129151772261,8036.561013947103,0.6918206210746076,-0.019185332308256673,0.00932485572820982,0.007011517689840301
2026-07-06,63995.015625,64597.5703125,61275.828125,63551.015625,36552222303,50.169860644688015,-954.4253496652382,-1684.3596988430681,65698.58547032638,58153.46140467363,0.007011517689840301,0.6936203141882707,7545.124065652744,0.7742157941335626,-0.014914057608142637,0.008879568229104667,-0.01096103180817717
2026-07-07,63297.39453125,64257.6328125,62623.93359375,63994.59765625,31026493556,52.612701960629146,-791.7648563381445,-1505.8407303420834,65517.860541153714,58222.08125572129,-0.01096103180817717,-0.163900515736244,7295.779285432422,0.6956506052289653,-0.012508648455462873,0.011115968011688229,-0.016563965519348627
2026-07-08,62257.57421875,63706.88671875,61492.6484375,63293.51953125,27349235354,55.53146457456236,-738.2499664797288,-1352.3225775696123,65459.15811794054,58216.89383518446,-0.016563965519348627,-0.126152899663912,7242.264282756078,0.5579305346790354,-0.011857994400581566,0.005267573095807885,0.014915682336986301
2026-07-09,63193.1484375,63422.94140625,61645.75390625,62257.31640625,26546256117,65.67458070751914,-613.2765399783602,-1204.513370051362,65410.55704467934,58230.72615844566,0.014915682336986301,-0.02979984546857607,7179.830886233685,0.6911614434496497,-0.009704794825738267,0.0039139642741786995,0.01467180052315595
2026-07-10,64127.140625,64658.96875,62902.0625,63194.359375,27450201269,67.54792428163603,-433.86748101028934,-1050.3841922431475,65389.28457103296,58240.74511646705,0.01467180052315595,0.0334847749302948,7148.539454565907,0.8234403049664046,-0.0067657387618051045,0.0035705986709909966,-0.005082718606355573
2026-07-11,63802.02734375,64445.4609375,63785.62109375,64127.96875,13954689047,66.1430398332162,-314.29543182151247,-903.1664401588205,65473.28581593806,58213.19269968694,-0.005082718606355573,-0.6765579159436976,7260.093116251126,0.769802061016565,-0.004926104152273472,0.0016070799580871532,-0.0006868690961942699
2026-07-12,63758.21875,64243.1328125,63606.82421875,63791.40234375,19043437787,68.21869473091418,-220.52661521410482,-766.6384751698773,65440.84251729506,58226.24732645494,-0.0006868690961942699,0.3109069849158864,7214.595190840118,0.7667750271793295,-0.00345879510967525,0.00047205935998669284,-0.024114338771437895
2026-07-13,62239.12109375,64340.8828125,61769.0,63757.171875,37650044790,58.39577986349188,-265.72947375287185,-666.4566748864762,65403.57461836332,58220.62538163668,-0.024114338771437895,0.681611574781774,7182.949236726636,0.5594492707210111,-0.004269492709458524,-0.00397449156305305,0.04272810304426096
2026-07-14,64956.11328125,65046.1328125,62207.5234375,62238.5859375,29841287318,73.43629657466242,-81.37644512936822,-549.4406289350546,65840.8200654266,58179.4779814484,0.04272810304426096,-0.23244122879795548,7661.3420839781975,0.884523263094122,-0.001252791169585851,0.0036953848444381122,-0.0037594109647903352
2026-07-15,64712.375,65507.59375,64442.8203125,64959.80859375,27029791676,68.91464319383788,44.543545688240556,-430.64379401039565,66112.8099747826,58406.55799396739,-0.0037594109647903352,-0.09895326197023224,7706.251980815214,0.8182728804781079,0.0006883311837688009,0.005524606923660725,-0.014367279855176223
2026-07-16,63789.28125,64931.85546875,63701.8046875,64713.296875,27232426674,59.689900321113406,69.0540821329414,-330.70421878172823,66207.3021235079,58689.35100149209,-0.014367279855176223,0.007468767260824343,7517.9511220158165,0.6783670398670758,0.001082534256222575,0.00134132661049465,0.0017257545646935989
2026-07-17,63899.4609375,64332.01953125,62489.453125,63789.91015625,27280236800,56.19415261224287,96.2598155909509,-245.3114119071924,66263.4399478872,59029.1495052378,0.0017257545646935989,0.0017540929102275338,7234.2904426493915,0.6732258638039816,0.001506426097789816,-0.0005081085264285427,0.01394223164475083
2026-07-18,64796.6015625,64816.50390625,63845.015625,63899.1796875,14162542470,57.56359958463883,188.04464447581995,-158.64020063058993,66333.54804766185,59485.46757733815,0.01394223164475083,-0.6555618881755225,6848.080470323701,0.7755653585230169,0.0029020757252900095,0.0022097415094438004,-0.0016340878484766735
2026-07-19,64690.8046875,64909.88671875,64250.9140625,64799.27734375,15000653941,55.22402076838748,249.3732395340412,-77.03751259766372,66386.31941022887,59887.93879289614,-0.0016340878484766735,0.05749317110462491,6498.380617332732,0.7390865782457762,0.0038548483163670833,0.0020744245448320285,0.008300835886390828
2026-07-20,65230.02734375,65735.71875,63720.390625,64684.41796875,30988932408,55.597816560640375,337.5957610664409,5.889142135157201,66039.3785102353,60901.99648976471,0.008300835886390828,0.7255363254232855,5137.382020470592,0.8424584422063274,0.005175465576418888,0.0067051637816647035,0.019359107363714313
2026-07-21,66505.125,66910.0625,65113.65625,65228.87109375,29554470321,63.816100509485935,504.5859170554613,105.62849711921803,66153.9953843643,61437.5163343857,0.019359107363714313,-0.047395109332946904,4716.479049978603,1.0744474028006583,0.007587173425438435,0.0033667358273008967,-0.006098209978869257
2026-07-22,66100.796875,66694.6484375,65514.17578125,66506.7890625,28142272410,67.51189779907182,597.4142980490724,203.9856573051889,66335.5981941507,61717.463133974285,-0.006098209978869257,-0.04896221015175519,4618.135060176421,0.9491566798952206,0.009037928834334834,0.003032621682432479,-0.016104346952909084
2026-07-23,65044.8125,66282.3828125,64610.609375,66100.1328125,24364433538,58.34565159062211,579.0968766275619,279.0079011696635,66392.4706417945,61910.652014455496,-0.016104346952909084,-0.14414837513669188,4481.818627339002,0.6993055154944221,0.00890304475283962,0.0027844692398992133,-0.014655553654227636
2026-07-24,64098.49609375,65760.484375,63686.03515625,65044.95703125,25917559237,49.87103924465894,482.65659807364136,319.7376405504591,66386.91009636651,62017.231700508484,-0.014655553654227636,0.06179627479056456,4369.678395858027,0.47629692730106826,0.007529920785781172,0.00044428235148189437,0.0033224217714330475
2026-07-25,64311.8125,64386.0625,63753.02734375,64098.4921875,13817493398,52.3184459865418,418.61430855904473,339.51297415217624,66403.55594972764,62076.97881589736,0.0033224217714330475,-0.6289852748857766,4326.57713383028,0.5165361936177119,0.006509135604894431,-0.0010728333447063603,0.015865685940396487
2026-07-26,65340.30078125,65503.76953125,64233.453125,64311.78515625,14301494281,56.60367883215487,445.7128413916653,360.75294760007404,66521.771118387,62093.29216286301,0.015865685940396487,0.03442860005617094,4428.478955523991,0.7332108046569827,0.006821407861035845,0.001427134339418377,-0.02503365298859531
2026-07-27,63724.8984375,65658.3359375,63562.484375,65340.58984375,26183821002,56.15223738162055,333.0005323842706,355.20246455691336,66510.09505380277,62147.718618072235,-0.02503365298859531,0.6047776740345797,4362.376435730534,0.3615414310670981,0.0052255953410560605,-0.0033349354998653572,0.0022957554728576246
2026-07-28,63871.36328125,64026.921875,62714.8046875,63723.48828125,24128738898,44.29353477151206,252.58209511484165,334.678390668499,66377.08072275102,62442.11185537398,0.0022957554728576246,-0.08173808557119203,3934.9688673770434,0.3632179755537334,0.003954543666190844,-0.005772557198559169,0.0005760654802496461
2026-07-29,63908.16796875,64638.6953125,63206.2109375,63871.39453125,28611167472,45.67520728343686,189.63375500215625,305.6694635352304,66344.56309123461,62546.1314400154,0.0005760654802496461,0.17039349721594285,3798.431651219209,0.3585786592466547,0.0029672851065748575,-0.004819089275827898,0.01270511594195683
2026-07-30,64725.30859375,65071.4453125,63533.90625,63908.625,26250039650,55.091707815021316,203.33919360330037,285.20340954884443,66372.21063155695,62578.30069656804,0.01270511594195683,-0.08612961314809434,3793.9099349889148,0.5659090315721128,0.003141571635904648,-0.0007034517194184816,-0.02997835702863742
2026-07-31,62813.74609375,65328.18359375,62410.8671875,64723.96875,30439749629,45.061819861596,59.27050084233633,240.01682780754282,66444.237207032,62407.445996092996,-0.02997835702863742,0.1480818083812736,4036.7912109390018,0.10064927226255858,0.0009435912444049213,-0.002892423630048451,-0.0008031049841085494
2026-08-01,62763.3203125,63091.59765625,62233.01171875,62813.6640625,13553286543,39.98023458247384,-58.301847840382834,180.3530926779577,66509.53420805928,62242.659151315725,-0.0008031049841085494,-0.8091202406796788,4266.875056743556,0.12202399982658896,-0.0009289159265331503,-0.003481784595125822,0.011385569767075112
2026-08-02,63482.0,63714.61328125,62745.25390625,62763.4453125,15901776708,44.382478132882945,-92.42195395543968,125.79808335127824,66372.71437824193,62503.76687175807,0.011385569767075112,0.1598017784106742,3868.9475064838625,0.252842181653353,-0.0014558765312283747,-0.004121801191314589,-0.0003324575530272348
2026-08-03,63460.8984375,64020.32421875,62226.578125,63485.44140625,26038889824,41.362614309281106,-119.78430471275351,76.68160573847189,66329.00478264496,62397.95498298004,-0.0003324575530272348,0.49316033731964104,3931.049799664921,0.2703968427493073,-0.0018875292922416484,-0.0005930589862334359,0.00933302539348361
2026-08-04,64055.953125,64466.9375,63277.68359375,63458.41015625,23662357784,37.19195762111492,-92.38823060851428,42.86763846907465,66293.57386331283,62367.74371481216,0.00933302539348361,-0.09570567661210415,3925.830148500674,0.4300260954570738,-0.0014423051426340676,0.00041226528814170487,0.008418741360802475
2026-08-05,64597.5,64954.34765625,63829.71875,64054.87890625,23568584891,42.24967999349112,-26.670892143847595,28.9599323464902,66320.28672245311,62421.85273067189,0.008418741360802475,-0.003970829752809043,3898.4339917812176,0.5580823668976593,-0.0004128780857439931,0.001532647556792109,-0.005205470783879128
2026-08-06,64262.11328125,64934.4921875,64098.4765625,64595.44921875,18529402711,45.64086587892123,-1.6335031941125635,22.84124523836965,66326.65881970308,62451.745867796926,-0.005205470783879128,-0.24055587042307994,3874.9129519061535,0.4672020858073851,-2.5419381820877292e-05,-0.0010260076897558848,0.00957212039536744
2026-08-07,64880.19140625,65330.609375,64113.2734375,64257.48828125,22165720102,54.51875570167912,67.30667764336977,31.73433171936967,66334.89510113567,62451.86857073934,0.00957212039536744,0.17918814975992256,3883.0265303963315,0.6253685923856368,0.0010373994925805046,0.004624060513673381,0.00037748764335751974
2026-08-08,64904.6875,65140.48046875,64797.11328125,64882.546875,12350094271,53.50372728103782,122.50671651725133,49.888808678946006,66354.82137749942,62453.33057562557,0.00037748764335751974,-0.5848832595923167,3901.4908018738497,0.6283128806035979,0.0018874864241084487,0.004792716603311391,-0.0009217877722439945
2026-08-09,64844.88671875,65401.69140625,64677.6015625,64906.55078125,13234538380,46.69368874280608,159.58808959203452,71.82866486156371,66308.65217892006,62460.98571170493,-0.0009217877722439945,0.06916626001594403,3847.666467215131,0.6195705961930403,0.00246107438330815,0.0030345226691229467,-0.014513048045569134
2026-08-10,63910.5859375,65321.83984375,63752.56640625,64845.3828125,22384770392,51.36317545091237,112.29066327350301,79.92106454395157,65907.7138649954,62602.47011937961,-0.014513048045569134,0.5255508780743533,3305.243745615786,0.39576984900285506,0.00175699630391928,0.0010087240273312472,-0.00562851025881392
2026-08-11,63551.875,64433.6796875,63185.47265625,63910.17578125,20824820662,47.72544358424861,45.33949193250737,73.00475002166273,65559.320883328,62695.970913547004,-0.00562851025881392,-0.07223525806734403,2863.3499697809893,0.2989170361589307,0.0007134249293590059,-0.0011286382087112574,-0.0023542560615523694
2026-08-12,63402.43359375,64381.078125,63251.11328125,63551.87109375,23063864553,46.45632178748441,-19.553070635876793,54.49318589015483,65443.71456831078,62647.33933793922,-0.0023542560615523694,0.10212151131300987,2796.375230371559,0.27002608505804043,-0.0003083962164790512,-0.002667637840476235,-4.127906065128786e-06
2026-08-13,63402.171875,63926.33203125,62799.2890625,63404.42578125,18765583756,39.53023723050768,-70.19287276909745,29.555974158304377,65437.725848535425,62583.69563583957,-4.127906065128786e-06,-0.2062425467907312,2854.030212695856,0.28677910819557473,-0.001107105177839737,-0.0019245888579313781,-0.006750867021094253
2026-08-14,62975.59375,63551.5625,62487.69921875,63402.08984375,20280053024,51.67410254317482,-143.0970368590206,-4.9746280451606175,65435.22901977011,62452.57058960489,-0.006750867021094253,0.0776132524457883,2982.6584301652183,0.1753546953634793,-0.0022722618134746937,-0.004256444203140191,0.0007734380660748331
2026-08-15,63024.3203125,63119.1328125,62850.9609375,62974.3359375,10033057106,52.70065333693334,-194.69792924446665,-42.91928828502182,65219.18524350699,62437.01631899302,0.0007734380660748331,-0.7037524415709437,2782.1689245139714,0.2110957348175292,-0.003089250757153362,-0.004199879857037718,-0.0032686473868631834
2026-08-16,62818.65234375,63310.77734375,62648.57421875,63023.421875,9078986635,42.32085831367012,-249.3137606234377,-84.19818275270501,65245.23575751783,62320.341195607165,-0.0032686473868631834,-0.09992276943416743,2924.894561910667,0.17036892701429426,-0.003968785564821857,-0.004535145516269031,0.026510137670231988
2026-08-17,64506.25390625,64547.84765625,62687.1015625,62819.37890625,21555405073,58.73217661765406,-154.63927297877672,-98.28640079791936,65312.21364709702,62316.85236852797,0.026510137670231988,0.864664018243142,2995.3612785690493,0.730930707219138,-0.002397275668860283,0.001325309585988272,0.002700847372800676
2026-08-18,64680.7109375,64987.7109375,63980.32421875,64506.5234375,18728001793,55.61322257895601,-64.78503346539947,-91.58612733141538,65400.05043100711,62306.26988149289,0.002700847372800676,-0.14060677462565038,3093.780549514224,0.7674885202763241,-0.001001612884682116,0.0025152178190760714,0.0684938460027011
2026-08-19,69266.1875,69996.953125,64111.0703125,64680.046875,46228098443,74.29334525793732,372.144880352389,1.160074205345495,66941.0237594208,61219.3844437042,0.0684938460027011,0.9035679786935756,5721.639315716602,1.4063806913153138,0.0053726774026993905,0.012636375256826567,0.05295120538976306
2026-08-20,73032.7578125,73369.8046875,68867.53125,69268.25,55444322363,83.62933879482357,1010.695067043227,203.06707277292182,69451.26656257175,59731.04281242824,0.05295120538976306,0.18179151192195464,9720.223750143508,1.3684576962412007,0.01383892786354893,0.020201422870516312,0.07008881775516321
2026-08-21,78335.1875,79463.7109375,73011.4140625,73031.0859375,74478039014,87.95588385351596,1922.4516263646074,546.9439834912589,73124.29268917686,57615.20340457314,0.07008881775516321,0.295124987051134,15509.089284603717,1.3359897357735118,0.024541354756629736,0.03117852069569595,-0.016108760387506423
2026-08-22,77083.4140625,78801.1484375,76526.7109375,78332.5546875,42131959963,82.13079646966193,2515.0259598629636,940.5603787655998,75340.76542441089,56758.87207558913,-0.016108760387506423,-0.5696977068957508,18581.89334882175,1.0937820815874244,0.032627329633113496,0.028766778059470054,0.008678138825315892
2026-08-23,77755.265625,78036.8671875,75624.9453125,77082.84375,31158396908,82.99550050964939,3004.2273320070963,1353.293769413899,77328.89186837434,56200.18235037566,0.008678138825315892,-0.301722824131101,21128.70951799868,1.0201798295471585,0.03863696314145408,0.030473461804067063,0.0154319126625293
2026-08-24,78964.484375,79970.109375,76688.828125,77748.875,55502180329,87.94061264207309,3449.7304460002924,1772.5811047311777,79302.1611848915,55717.76615885849,0.0154319126625293,0.5773385326205347,23584.395026033017,0.985682193267211,0.0436871141919654,0.02889085823153811,-0.005072177186830813
2026-08-25,78564.9765625,81235.03125,77870.625,78960.09375,46728068401,87.7601407538521,3727.5886107129045,2163.582605927523,80894.7743161572,55521.90068384279,-0.005072177186830813,-0.17207728463916835,25372.87363231441,0.9081776156922595,0.04744593295649409,0.027780426151590754,0.005868895257053803
2026-08-26,79027.421875,79240.5,77639.8359375,78538.5859375,29329039002,88.689951457616,3939.6943360779114,2518.804951957601,82363.56909326634,55529.63676610867,0.005868895257053803,-0.4657669031149616,26833.932327157672,0.8756743075299918,0.04985224422871142,0.01883400461649828,0.015445797722405792
2026-08-27,80257.5390625,80806.5625,78591.1015625,79037.921875,34033075972,89.340480002334,4159.106240297464,2846.8652096255737,83892.17167620902,55538.768948790974,0.015445797722405792,0.14875475700287694,28353.402727418048,0.8718096501978169,0.05182200063546166,0.013476089235447243,-0.030710027313092664
2026-08-28,77830.2890625,81346.953125,76909.3515625,80264.6484375,39362871737,81.70950744390886,4089.9861511213676,3095.4893979247327,84791.27192537545,55932.228855874564,-0.030710027313092664,0.14549015588360786,28859.043069500884,0.7587937047631081,0.05255005731556501,-0.0009237457743035951,0.005324638622765287
2026-08-29,78245.8125,78327.9453125,77381.8984375,77830.890625,14053131399,81.99151359591423,4022.36987511591,3280.865493362968,85626.28803888027,56437.30532049472,0.005324638622765287,-1.0299777839999134,29188.982718385552,0.7471485865030778,0.051406838865861476,0.0021381683700209347,-0.007417513856522034
2026-08-30,77667.5703125,79373.1796875,77056.1484375,78246.171875,19314839672,80.72724174618077,3877.4276054522197,3400.1779157808187,86197.25266472138,57242.03913215363,-0.007417513856522034,0.3180284490644611,28955.213532567752,0.7054180815268996,0.04992337973044816,-0.00016121058452734039,0.01128015948027171
2026-08-31,78548.6328125,79247.34375,77378.4375,77673.703125,30608386987,80.06170476342912,3789.9658260239376,3478.1354978294426,86717.53191063591,58221.4356674891,0.01128015948027171,0.4604003605616574,28496.096243146807,0.7133326955231206,0.0482499273420939,-0.0007543181819927104,-0.01468434511077238
2026-09-01,77403.625,79196.515625,76399.0625,78539.859375,30608796575,76.15034287808197,3586.911491559891,3499.8906965755323,86908.57986707907,59430.506851670936,-0.01468434511077238,1.3381471546927881e-05,27478.073015408132,0.6540894675638321,0.04634035539756557,-0.002127485028270077,-0.0013334934464326008
2026-09-02,77300.4765625,77737.546875,76248.3046875,77402.140625,26525296646,70.24347148935199,3378.7184881586145,3475.6562548921493,86911.90447823504,60817.01270926495,-0.0013334934464326008,-0.14318856934247154,26094.89176897009,0.6316739689579861,0.043708895965561205,-0.0031563977001967066,0.05009826088836319
2026-09-03,81271.7421875,82262.2109375,76940.8828125,77300.1640625,40504199354,70.54728062559717,3493.896515543267,3479.304307022373,87160.77412703318,62397.75790421683,0.05009826088836319,0.4233067884147887,24763.016222816346,0.762184384707229,0.04299029922949832,0.00179395418065435,-0.019880567170122695
2026-09-04,79671.96875,81433.1484375,78641.625,81271.5390625,37501874897,54.08896952270981,3416.7019720065437,3466.7838400192077,86851.48231363448,64371.814561365514,-0.019880567170122695,-0.07701472751049897,22479.667752268964,0.680621900521172,0.04288461833706781,0.0033410199153643453,0.001904732904545248
2026-09-05,79823.8671875,80194.5078125,79465.0625,79671.703125,18559708494,58.987265363346054,3329.4023961927887,3439.307551253924,86083.25641628119,66840.56194309381,0.001904732904545248,-0.7033979078874071,19242.69447318738,0.6747134743783596,0.041709359787997786,0.0028524619556186256,0.006570128267890348
2026-09-06,80350.046875,80530.6484375,79327.5,79824.6015625,19391863269,58.591626390022775,3265.0378329917876,3404.453607601497,85192.51528843629,69315.68236781372,0.006570128267890348,0.04386053787229855,15876.832920622575,0.6949978350438484,0.040635170232958095,0.004850696544820394,-0.015479421851906922
2026-09-07,79115.8515625,80432.3125,78684.9296875,80349.1953125,23414434445,50.50036697882679,3078.947021133543,3339.352290307906,83293.05816024971,72658.6535585003,-0.015479421851906922,0.18849912984497547,10634.404601749411,0.6071988273736408,0.03891694218447783,0.0010278992116520187,-0.008597379465072897
2026-09-08,78438.578125,79463.2734375,77635.6875,79114.90625,34680168667,49.58970558922477,2844.0341504909593,3240.288662344517,81820.02340475663,75048.92737649336,-0.008597379465072897,0.3928153266144146,6771.096028263273,0.5006059187991688,0.036258104347056064,0.0018974657324662308,-0.002285346965219089
2026-09-09,78259.5234375,79737.296875,77768.1484375,78440.6015625,29192409298,47.460652003065064,2613.291394711254,3114.8892088178645,80940.35298168534,76451.27436206467,-0.002285346965219089,-0.17225929549216834,4489.078619620675,0.4028107388299044,0.03339263108084594,0.001761486658353875,-0.021849659858284402
2026-09-10,76568.125,78520.96875,76470.640625,78260.3828125,30120111719,38.16074283883448,2267.8025637475366,2945.4718798037993,81042.77860641108,76172.1424873389,-0.021849659858284402,0.031284392122969566,4870.63611907218,0.08129995815340157,0.02961810235979445,-0.008516787734024351,0.00787911326948552
2026-09-11,77173.796875,79818.3359375,76162.9140625,76559.125,37410998193,47.61443777427394,2019.592232493931,2760.2959503418256,81035.69767212028,76188.26170287972,0.00787911326948552,0.216771618467166,4847.435969240556,0.20331061170767248,0.02616940353168196,-0.004551119099794608,0.0016642946172979543
